"RECEIPT_ID","SHIPMENT_ID","PO_ID","LOCATION_ID","RETAILER_ID","RECEIPT_DATE","TOTAL_RECEIVED_UNITS","TOTAL_DAMAGED_UNITS","RECEIPT_STATUS","DAYS_LATE","IS_SYNTHETIC"
"RCP_000001","SHP_000031","PO_005710","UO_0017","UO","2022-09-09",97,0,"COMPLETE",0,true
"RCP_000002","SHP_000014","PO_000366","BP_0003","BP","2022-09-12",39,0,"COMPLETE",-1,true
"RCP_000003","SHP_000003","PO_003179","FL_0020","FL","2022-09-12",136,5,"COMPLETE",-1,true
"RCP_000004","SHP_000005","PO_005396","UO_0010","UO","2022-09-12",153,0,"COMPLETE",1,true
"RCP_000005","SHP_000050","PO_000819","BP_0004","BP","2022-09-12",161,0,"COMPLETE",-1,true
"RCP_000006","SHP_000026","PO_003184","UO_0006","UO","2022-09-12",184,0,"COMPLETE",-1,true
"RCP_000007","SHP_000034","PO_007615","BP_0009","BP","2022-09-12",147,0,"COMPLETE",1,true
"RCP_000008","SHP_000004","PO_003479","FL_0009","FL","2022-09-13",33,0,"COMPLETE",0,true
"RCP_000009","SHP_000040","PO_003535","UO_0012","UO","2022-09-13",24,0,"COMPLETE",-1,true
"RCP_000010","SHP_000044","PO_006817","BP_0012","BP","2022-09-13",60,0,"COMPLETE",1,true
"RCP_000011","SHP_000046","PO_008420","BP_0005","BP","2022-09-14",35,0,"COMPLETE",-1,true
"RCP_000012","SHP_000011","PO_008825","FL_0018","FL","2022-09-14",52,0,"COMPLETE",1,true
"RCP_000013","SHP_000013","PO_009945","UO_0015","UO","2022-09-14",91,0,"PARTIAL",3,true
"RCP_000014","SHP_000015","PO_000778","FL_0018","FL","2022-09-14",190,0,"COMPLETE",0,true
"RCP_000015","SHP_000028","PO_003508","FL_0006","FL","2022-09-14",20,0,"COMPLETE",-1,true
"RCP_000016","SHP_000077","PO_008612","BP_0017","BP","2022-09-15",168,0,"COMPLETE",1,true
"RCP_000017","SHP_000022","PO_008980","BP_0010","BP","2022-09-15",176,0,"COMPLETE",2,true
"RCP_000018","SHP_000030","PO_005068","BP_0015","BP","2022-09-15",50,0,"COMPLETE",1,true
"RCP_000019","SHP_000122","PO_003057","UO_0020","UO","2022-09-15",141,0,"COMPLETE",-1,true
"RCP_000020","SHP_000053","PO_003203","BP_0005","BP","2022-09-15",171,0,"COMPLETE",-1,true
"RCP_000021","SHP_000054","PO_003412","BP_0002","BP","2022-09-15",71,0,"COMPLETE",2,true
"RCP_000022","SHP_000008","PO_006307","UO_0007","UO","2022-09-15",162,5,"COMPLETE",4,true
"RCP_000023","SHP_000056","PO_003954","FL_0014","FL","2022-09-16",121,0,"PARTIAL",-1,true
"RCP_000024","SHP_000047","PO_008589","FL_0004","FL","2022-09-16",134,0,"COMPLETE",0,true
"RCP_000025","SHP_000064","PO_009852","BP_0005","BP","2022-09-16",68,2,"COMPLETE",0,true
"RCP_000026","SHP_000045","PO_007372","FL_0002","FL","2022-09-16",72,0,"COMPLETE",0,true
"RCP_000027","SHP_000029","PO_004451","FL_0007","FL","2022-09-16",50,0,"COMPLETE",1,true
"RCP_000028","SHP_000060","PO_006270","BP_0005","BP","2022-09-16",13,1,"COMPLETE",-1,true
"RCP_000029","SHP_000043","PO_006798","UO_0016","UO","2022-09-16",22,0,"PARTIAL",2,true
"RCP_000030","SHP_000027","PO_003364","UO_0003","UO","2022-09-16",182,0,"COMPLETE",3,true
"RCP_000031","SHP_000048","PO_009309","FL_0003","FL","2022-09-16",106,0,"COMPLETE",0,true
"RCP_000032","SHP_000042","PO_005232","BP_0002","BP","2022-09-17",103,0,"COMPLETE",2,true
"RCP_000033","SHP_000057","PO_004091","FL_0002","FL","2022-09-17",61,0,"COMPLETE",0,true
"RCP_000034","SHP_000107","PO_002342","UO_0009","UO","2022-09-17",186,0,"COMPLETE",2,true
"RCP_000035","SHP_000075","PO_006536","FL_0008","FL","2022-09-17",187,0,"COMPLETE",-1,true
"RCP_000036","SHP_000024","PO_002588","FL_0001","FL","2022-09-17",182,0,"COMPLETE",2,true
"RCP_000037","SHP_000062","PO_007217","FL_0014","FL","2022-09-17",69,0,"COMPLETE",0,true
"RCP_000038","SHP_000035","PO_007666","FL_0001","FL","2022-09-17",163,0,"COMPLETE",2,true
"RCP_000039","SHP_000061","PO_006399","FL_0017","FL","2022-09-17",171,0,"COMPLETE",0,true
"RCP_000040","SHP_000068","PO_002581","BP_0020","BP","2022-09-17",37,0,"COMPLETE",-1,true
"RCP_000041","SHP_000001","PO_000011","UO_0010","UO","2022-09-18",113,0,"COMPLETE",3,true
"RCP_000042","SHP_000018","PO_004732","UO_0018","UO","2022-09-18",122,1,"COMPLETE",2,true
"RCP_000043","SHP_000055","PO_003921","UO_0008","UO","2022-09-18",95,0,"COMPLETE",3,true
"RCP_000044","SHP_000101","PO_008707","UO_0008","UO","2022-09-18",76,0,"PARTIAL",0,true
"RCP_000045","SHP_000111","PO_004267","UO_0003","UO","2022-09-18",81,0,"COMPLETE",-1,true
"RCP_000046","SHP_000089","PO_007789","FL_0003","FL","2022-09-18",92,0,"PARTIAL",-1,true
"RCP_000047","SHP_000090","PO_008098","FL_0020","FL","2022-09-18",97,0,"COMPLETE",-1,true
"RCP_000048","SHP_000063","PO_009238","FL_0011","FL","2022-09-18",104,0,"COMPLETE",1,true
"RCP_000049","SHP_000032","PO_005952","UO_0004","UO","2022-09-18",118,0,"COMPLETE",5,true
"RCP_000050","SHP_000086","PO_005693","BP_0019","BP","2022-09-18",88,0,"COMPLETE",0,true
"RCP_000051","SHP_000095","PO_002862","BP_0015","BP","2022-09-18",61,0,"COMPLETE",2,true
"RCP_000052","SHP_000071","PO_003898","FL_0003","FL","2022-09-18",194,0,"COMPLETE",0,true
"RCP_000053","SHP_000098","PO_003943","FL_0013","FL","2022-09-19",98,0,"COMPLETE",-1,true
"RCP_000054","SHP_000110","PO_003977","BP_0016","BP","2022-09-19",120,0,"COMPLETE",2,true
"RCP_000055","SHP_000021","PO_008638","FL_0008","FL","2022-09-19",46,0,"COMPLETE",1,true
"RCP_000056","SHP_000079","PO_001446","FL_0017","FL","2022-09-19",157,0,"COMPLETE",0,true
"RCP_000057","SHP_000117","PO_000769","BP_0010","BP","2022-09-19",100,0,"COMPLETE",1,true
"RCP_000058","SHP_000092","PO_001719","BP_0008","BP","2022-09-19",168,0,"COMPLETE",-1,true
"RCP_000059","SHP_000094","PO_002546","UO_0019","UO","2022-09-19",64,0,"PARTIAL",1,true
"RCP_000060","SHP_000080","PO_001896","BP_0016","BP","2022-09-19",109,0,"COMPLETE",1,true
"RCP_000061","SHP_000009","PO_007654","UO_0010","UO","2022-09-19",94,0,"COMPLETE",4,true
"RCP_000062","SHP_000002","PO_002015","UO_0001","UO","2022-09-19",150,0,"COMPLETE",4,true
"RCP_000063","SHP_000190","PO_006266","UO_0006","UO","2022-09-19",137,0,"COMPLETE",-1,true
"RCP_000064","SHP_000097","PO_003368","FL_0014","FL","2022-09-19",65,0,"COMPLETE",-1,true
"RCP_000065","SHP_000163","PO_007261","UO_0013","UO","2022-09-19",24,0,"COMPLETE",1,true
"RCP_000066","SHP_000118","PO_000977","BP_0005","BP","2022-09-19",198,0,"COMPLETE",1,true
"RCP_000067","SHP_000128","PO_005230","BP_0007","BP","2022-09-20",180,0,"COMPLETE",-1,true
"RCP_000068","SHP_000019","PO_005986","FL_0011","FL","2022-09-20",69,0,"PARTIAL",2,true
"RCP_000069","SHP_000049","PO_010018","BP_0020","BP","2022-09-20",171,0,"COMPLETE",5,true
"RCP_000070","SHP_000141","PO_004949","BP_0010","BP","2022-09-21",116,0,"COMPLETE",2,true
"RCP_000071","SHP_000171","PO_002312","BP_0005","BP","2022-09-21",78,0,"PARTIAL",0,true
"RCP_000072","SHP_000116","PO_000560","FL_0014","FL","2022-09-21",153,0,"COMPLETE",-1,true
"RCP_000073","SHP_000123","PO_003285","UO_0003","UO","2022-09-21",53,0,"COMPLETE",1,true
"RCP_000074","SHP_000016","PO_003355","BP_0005","BP","2022-09-21",135,0,"PARTIAL",2,true
"RCP_000075","SHP_000081","PO_002069","BP_0001","BP","2022-09-21",170,8,"COMPLETE",3,true
"RCP_000076","SHP_000065","PO_009913","FL_0008","FL","2022-09-21",44,0,"COMPLETE",-1,true
"RCP_000077","SHP_000059","PO_005887","BP_0005","BP","2022-09-21",67,0,"PARTIAL",4,true
"RCP_000078","SHP_000007","PO_006165","BP_0008","BP","2022-09-21",91,0,"COMPLETE",3,true
"RCP_000079","SHP_000012","PO_009110","FL_0019","FL","2022-09-21",151,0,"COMPLETE",4,true
"RCP_000080","SHP_000189","PO_005479","UO_0012","UO","2022-09-21",99,0,"COMPLETE",1,true
"RCP_000081","SHP_000138","PO_002518","BP_0007","BP","2022-09-21",152,0,"COMPLETE",2,true
"RCP_000082","SHP_000025","PO_003053","FL_0007","FL","2022-09-21",63,0,"COMPLETE",1,true
"RCP_000083","SHP_000127","PO_004903","FL_0005","FL","2022-09-22",191,0,"COMPLETE",0,true
"RCP_000084","SHP_000072","PO_005445","UO_0005","UO","2022-09-22",113,0,"PARTIAL",0,true
"RCP_000085","SHP_000099","PO_006479","UO_0016","UO","2022-09-22",86,0,"COMPLETE",4,true
"RCP_000086","SHP_000164","PO_007774","UO_0003","UO","2022-09-22",14,0,"COMPLETE",0,true
"RCP_000087","SHP_000194","PO_008026","BP_0003","BP","2022-09-22",46,0,"COMPLETE",0,true
"RCP_000088","SHP_000070","PO_003478","BP_0018","BP","2022-09-22",16,0,"COMPLETE",5,true
"RCP_000089","SHP_000052","PO_002778","FL_0007","FL","2022-09-22",149,0,"COMPLETE",0,true
"RCP_000090","SHP_000181","PO_009313","BP_0017","BP","2022-09-22",90,0,"COMPLETE",1,true
"RCP_000091","SHP_000213","PO_000424","UO_0008","UO","2022-09-23",156,0,"PARTIAL",1,true
"RCP_000092","SHP_000133","PO_000482","FL_0019","FL","2022-09-23",195,0,"COMPLETE",0,true
"RCP_000093","SHP_000204","PO_005158","UO_0003","UO","2022-09-23",68,0,"COMPLETE",2,true
"RCP_000094","SHP_000074","PO_006431","BP_0015","BP","2022-09-23",154,0,"COMPLETE",5,true
"RCP_000095","SHP_000020","PO_006451","FL_0020","FL","2022-09-23",197,0,"COMPLETE",4,true
"RCP_000096","SHP_000156","PO_004416","BP_0019","BP","2022-09-23",63,0,"COMPLETE",0,true
"RCP_000097","SHP_000076","PO_007874","FL_0004","FL","2022-09-23",75,0,"PARTIAL",1,true
"RCP_000098","SHP_000121","PO_002855","FL_0005","FL","2022-09-23",173,0,"COMPLETE",1,true
"RCP_000099","SHP_000149","PO_000846","FL_0017","FL","2022-09-23",152,0,"COMPLETE",-1,true
"RCP_000100","SHP_000106","PO_001194","FL_0012","FL","2022-09-23",30,0,"COMPLETE",2,true
"RCP_000101","SHP_000134","PO_000497","FL_0018","FL","2022-09-24",89,0,"COMPLETE",1,true
"RCP_000102","SHP_000125","PO_003937","FL_0003","FL","2022-09-24",24,0,"COMPLETE",2,true
"RCP_000103","SHP_000058","PO_005024","BP_0015","BP","2022-09-24",131,0,"COMPLETE",2,true
"RCP_000104","SHP_000174","PO_005198","FL_0009","FL","2022-09-24",199,0,"COMPLETE",-1,true
"RCP_000105","SHP_000227","PO_007715","UO_0006","UO","2022-09-24",72,0,"COMPLETE",2,true
"RCP_000106","SHP_000144","PO_007820","UO_0004","UO","2022-09-24",42,0,"COMPLETE",3,true
"RCP_000107","SHP_000119","PO_001065","FL_0008","FL","2022-09-24",199,0,"COMPLETE",2,true
"RCP_000108","SHP_000113","PO_007971","BP_0014","BP","2022-09-24",34,0,"COMPLETE",3,true
"RCP_000109","SHP_000132","PO_009052","FL_0011","FL","2022-09-24",36,0,"COMPLETE",2,true
"RCP_000110","SHP_000232","PO_009397","UO_0017","UO","2022-09-24",185,0,"COMPLETE",2,true
"RCP_000111","SHP_000131","PO_008305","FL_0011","FL","2022-09-24",97,0,"COMPLETE",2,true
"RCP_000112","SHP_000183","PO_009726","BP_0010","BP","2022-09-24",175,0,"COMPLETE",0,true
"RCP_000113","SHP_000124","PO_003329","FL_0014","FL","2022-09-24",123,0,"COMPLETE",2,true
"RCP_000114","SHP_000100","PO_007008","FL_0007","FL","2022-09-24",159,0,"COMPLETE",-1,true
"RCP_000115","SHP_000176","PO_006675","FL_0018","FL","2022-09-24",130,0,"COMPLETE",-1,true
"RCP_000116","SHP_000120","PO_001685","FL_0006","FL","2022-09-24",114,0,"COMPLETE",2,true
"RCP_000117","SHP_000152","PO_003366","FL_0006","FL","2022-09-24",138,0,"COMPLETE",0,true
"RCP_000118","SHP_000172","PO_002314","FL_0005","FL","2022-09-24",79,0,"COMPLETE",-1,true
"RCP_000119","SHP_000126","PO_004704","UO_0014","UO","2022-09-25",110,0,"COMPLETE",5,true
"RCP_000120","SHP_000010","PO_008106","FL_0018","FL","2022-09-25",200,0,"COMPLETE",8,true
"RCP_000121","SHP_000036","PO_008208","BP_0001","BP","2022-09-25",51,0,"PARTIAL",5,true
"RCP_000122","SHP_000161","PO_006274","FL_0002","FL","2022-09-25",79,0,"COMPLETE",1,true
"RCP_000123","SHP_000240","PO_001824","BP_0017","BP","2022-09-25",186,0,"COMPLETE",0,true
"RCP_000124","SHP_000186","PO_003333","FL_0007","FL","2022-09-25",102,0,"COMPLETE",-1,true
"RCP_000125","SHP_000102","PO_008937","FL_0004","FL","2022-09-25",93,0,"PARTIAL",0,true
"RCP_000126","SHP_000229","PO_008725","BP_0008","BP","2022-09-26",15,0,"COMPLETE",-1,true
"RCP_000127","SHP_000115","PO_009145","FL_0017","FL","2022-09-26",157,0,"PARTIAL",0,true
"RCP_000128","SHP_000082","PO_002359","FL_0017","FL","2022-09-26",147,3,"COMPLETE",2,true
"RCP_000129","SHP_000114","PO_008884","BP_0006","BP","2022-09-26",50,0,"COMPLETE",5,true
"RCP_000130","SHP_000033","PO_006542","BP_0014","BP","2022-09-26",131,0,"PARTIAL",2,true
"RCP_000131","SHP_000104","PO_000484","UO_0013","UO","2022-09-26",68,0,"PARTIAL",1,true
"RCP_000132","SHP_000197","PO_001438","BP_0018","BP","2022-09-26",87,0,"COMPLETE",0,true
"RCP_000133","SHP_000051","PO_002320","FL_0018","FL","2022-09-26",128,0,"COMPLETE",5,true
"RCP_000134","SHP_000158","PO_004689","BP_0015","BP","2022-09-27",140,0,"COMPLETE",4,true
"RCP_000135","SHP_000233","PO_000522","BP_0007","BP","2022-09-27",116,0,"COMPLETE",2,true
"RCP_000136","SHP_000277","PO_005107","BP_0001","BP","2022-09-27",80,0,"PARTIAL",-1,true
"RCP_000137","SHP_000085","PO_004058","BP_0018","BP","2022-09-27",127,0,"COMPLETE",3,true
"RCP_000138","SHP_000155","PO_004188","BP_0013","BP","2022-09-27",22,0,"COMPLETE",4,true
"RCP_000139","SHP_000244","PO_004515","BP_0015","BP","2022-09-27",82,0,"COMPLETE",-1,true
"RCP_000140","SHP_000167","PO_008166","BP_0006","BP","2022-09-27",39,0,"COMPLETE",4,true
"RCP_000141","SHP_000037","PO_009163","FL_0014","FL","2022-09-27",130,0,"COMPLETE",8,true
"RCP_000142","SHP_000187","PO_003542","BP_0001","BP","2022-09-27",190,0,"COMPLETE",2,true
"RCP_000143","SHP_000150","PO_002085","BP_0017","BP","2022-09-27",129,0,"COMPLETE",4,true
"RCP_000144","SHP_000177","PO_007030","UO_0019","UO","2022-09-27",168,0,"COMPLETE",4,true
"RCP_000145","SHP_000088","PO_007560","FL_0016","FL","2022-09-27",146,0,"COMPLETE",4,true
"RCP_000146","SHP_000198","PO_002652","FL_0003","FL","2022-09-27",190,0,"COMPLETE",0,true
"RCP_000147","SHP_000275","PO_002645","UO_0005","UO","2022-09-27",163,0,"COMPLETE",1,true
"RCP_000148","SHP_000193","PO_007941","FL_0010","FL","2022-09-27",77,0,"COMPLETE",1,true
"RCP_000149","SHP_000162","PO_006921","BP_0017","BP","2022-09-27",177,6,"COMPLETE",4,true
"RCP_000150","SHP_000140","PO_004548","FL_0003","FL","2022-09-27",153,0,"COMPLETE",0,true
"RCP_000151","SHP_000069","PO_003003","FL_0002","FL","2022-09-27",57,0,"COMPLETE",5,true
"RCP_000152","SHP_000017","PO_004475","BP_0005","BP","2022-09-28",123,0,"PARTIAL",5,true
"RCP_000153","SHP_000215","PO_002231","FL_0001","FL","2022-09-28",20,0,"COMPLETE",0,true
"RCP_000154","SHP_000105","PO_001059","FL_0014","FL","2022-09-28",21,0,"COMPLETE",3,true
"RCP_000155","SHP_000260","PO_009582","BP_0013","BP","2022-09-28",167,0,"COMPLETE",2,true
"RCP_000156","SHP_000084","PO_003095","BP_0006","BP","2022-09-28",153,0,"COMPLETE",0,true
"RCP_000157","SHP_000239","PO_001378","FL_0007","FL","2022-09-28",16,0,"COMPLETE",-1,true
"RCP_000158","SHP_000297","PO_010183","UO_0012","UO","2022-09-28",96,0,"COMPLETE",0,true
"RCP_000159","SHP_000245","PO_005064","BP_0010","BP","2022-09-28",187,0,"COMPLETE",-1,true
"RCP_000160","SHP_000249","PO_006642","UO_0016","UO","2022-09-28",21,0,"COMPLETE",1,true
"RCP_000161","SHP_000087","PO_006084","FL_0005","FL","2022-09-28",114,4,"PARTIAL",5,true
"RCP_000162","SHP_000219","PO_003258","FL_0007","FL","2022-09-28",99,0,"COMPLETE",0,true
"RCP_000163","SHP_000206","PO_006395","FL_0005","FL","2022-09-28",196,0,"COMPLETE",1,true
"RCP_000164","SHP_000091","PO_008761","FL_0016","FL","2022-09-28",149,0,"PARTIAL",5,true
"RCP_000165","SHP_000023","PO_009661","UO_0002","UO","2022-09-28",149,0,"COMPLETE",10,true
"RCP_000166","SHP_000212","PO_009006","FL_0006","FL","2022-09-28",169,0,"COMPLETE",1,true
"RCP_000167","SHP_000157","PO_004677","BP_0012","BP","2022-09-29",42,0,"PARTIAL",0,true
"RCP_000168","SHP_000203","PO_004909","BP_0005","BP","2022-09-29",173,0,"COMPLETE",3,true
"RCP_000169","SHP_000268","PO_004009","BP_0007","BP","2022-09-29",24,0,"COMPLETE",-1,true
"RCP_000170","SHP_000243","PO_004400","UO_0020","UO","2022-09-29",66,0,"COMPLETE",2,true
"RCP_000171","SHP_000257","PO_007988","UO_0013","UO","2022-09-29",139,0,"COMPLETE",1,true
"RCP_000172","SHP_000288","PO_009181","UO_0019","UO","2022-09-29",69,0,"COMPLETE",2,true
"RCP_000173","SHP_000153","PO_003373","BP_0010","BP","2022-09-29",115,0,"COMPLETE",5,true
"RCP_000174","SHP_000109","PO_003789","BP_0015","BP","2022-09-29",148,0,"COMPLETE",-1,true
"RCP_000175","SHP_000269","PO_008141","BP_0006","BP","2022-09-29",98,0,"COMPLETE",-1,true
"RCP_000176","SHP_000160","PO_006242","FL_0011","FL","2022-09-29",153,0,"PARTIAL",1,true
"RCP_000177","SHP_000137","PO_002202","FL_0007","FL","2022-09-29",111,0,"COMPLETE",1,true
"RCP_000178","SHP_000178","PO_007676","BP_0016","BP","2022-09-29",136,0,"COMPLETE",5,true
"RCP_000179","SHP_000225","PO_006870","FL_0011","FL","2022-09-29",18,0,"COMPLETE",1,true
"RCP_000180","SHP_000266","PO_003690","BP_0016","BP","2022-09-29",158,0,"COMPLETE",2,true
"RCP_000181","SHP_000006","PO_006089","FL_0001","FL","2022-09-29",46,0,"COMPLETE",12,true
"RCP_000182","SHP_000298","PO_000165","BP_0012","BP","2022-09-30",182,0,"COMPLETE",-1,true
"RCP_000183","SHP_000259","PO_008796","FL_0014","FL","2022-09-30",144,0,"PARTIAL",0,true
"RCP_000184","SHP_000250","PO_008024","UO_0006","UO","2022-09-30",151,0,"COMPLETE",3,true
"RCP_000185","SHP_000147","PO_008984","FL_0010","FL","2022-09-30",115,0,"PARTIAL",3,true
"RCP_000186","SHP_000038","PO_009229","FL_0005","FL","2022-09-30",79,0,"COMPLETE",11,true
"RCP_000187","SHP_000281","PO_009289","BP_0020","BP","2022-09-30",97,0,"COMPLETE",-1,true
"RCP_000188","SHP_000078","PO_009329","FL_0013","FL","2022-09-30",14,0,"PARTIAL",8,true
"RCP_000189","SHP_000096","PO_003217","FL_0005","FL","2022-09-30",71,0,"COMPLETE",5,true
"RCP_000190","SHP_000301","PO_001987","BP_0019","BP","2022-09-30",116,0,"COMPLETE",-1,true
"RCP_000191","SHP_000274","PO_002557","BP_0002","BP","2022-09-30",82,0,"COMPLETE",2,true
"RCP_000192","SHP_000226","PO_007162","UO_0005","UO","2022-09-30",113,0,"COMPLETE",0,true
"RCP_000193","SHP_000247","PO_005781","BP_0006","BP","2022-09-30",144,0,"COMPLETE",1,true
"RCP_000194","SHP_000129","PO_006575","FL_0003","FL","2022-09-30",179,0,"COMPLETE",4,true
"RCP_000195","SHP_000195","PO_008366","FL_0010","FL","2022-10-01",91,0,"COMPLETE",0,true
"RCP_000196","SHP_000296","PO_008613","BP_0015","BP","2022-10-01",63,0,"COMPLETE",1,true
"RCP_000197","SHP_000220","PO_005096","UO_0018","UO","2022-10-01",171,0,"COMPLETE",1,true
"RCP_000198","SHP_000188","PO_005206","FL_0013","FL","2022-10-01",107,0,"COMPLETE",0,true
"RCP_000199","SHP_000073","PO_005564","BP_0015","BP","2022-10-01",25,0,"COMPLETE",4,true
"RCP_000200","SHP_000261","PO_000973","FL_0020","FL","2022-10-01",90,0,"COMPLETE",0,true
"RCP_000201","SHP_000271","PO_009048","UO_0015","UO","2022-10-01",132,0,"COMPLETE",2,true
"RCP_000202","SHP_000272","PO_010004","BP_0013","BP","2022-10-01",162,0,"COMPLETE",0,true
"RCP_000203","SHP_000039","PO_001487","FL_0009","FL","2022-10-01",82,0,"COMPLETE",11,true
"RCP_000204","SHP_000264","PO_001936","FL_0012","FL","2022-10-01",27,0,"COMPLETE",0,true
"RCP_000205","SHP_000317","PO_001780","BP_0013","BP","2022-10-01",114,0,"COMPLETE",-1,true
"RCP_000206","SHP_000112","PO_006044","FL_0017","FL","2022-10-01",189,0,"COMPLETE",5,true
"RCP_000207","SHP_000175","PO_006572","FL_0017","FL","2022-10-01",110,0,"COMPLETE",2,true
"RCP_000208","SHP_000159","PO_006085","BP_0007","BP","2022-10-01",26,0,"COMPLETE",2,true
"RCP_000209","SHP_000136","PO_001994","BP_0018","BP","2022-10-01",36,0,"COMPLETE",-1,true
"RCP_000210","SHP_000308","PO_004645","BP_0005","BP","2022-10-02",189,0,"COMPLETE",1,true
"RCP_000211","SHP_000285","PO_004757","BP_0006","BP","2022-10-02",79,0,"COMPLETE",0,true
"RCP_000212","SHP_000210","PO_008691","FL_0003","FL","2022-10-02",34,0,"COMPLETE",1,true
"RCP_000213","SHP_000166","PO_008057","BP_0007","BP","2022-10-02",193,0,"COMPLETE",-1,true
"RCP_000214","SHP_000041","PO_003563","BP_0010","BP","2022-10-02",121,0,"COMPLETE",11,true
"RCP_000215","SHP_000154","PO_003857","UO_0002","UO","2022-10-02",132,0,"COMPLETE",4,true
"RCP_000216","SHP_000217","PO_002795","UO_0020","UO","2022-10-02",114,0,"COMPLETE",2,true
"RCP_000217","SHP_000201","PO_004446","BP_0001","BP","2022-10-02",95,0,"COMPLETE",0,true
"RCP_000218","SHP_000214","PO_001420","UO_0004","UO","2022-10-02",89,0,"COMPLETE",2,true
"RCP_000219","SHP_000067","PO_001725","FL_0009","FL","2022-10-02",67,0,"COMPLETE",10,true
"RCP_000220","SHP_000083","PO_002988","BP_0018","BP","2022-10-02",33,0,"COMPLETE",4,true
"RCP_000221","SHP_000383","PO_004831","UO_0001","UO","2022-10-03",60,0,"COMPLETE",-1,true
"RCP_000222","SHP_000286","PO_004844","FL_0005","FL","2022-10-03",104,0,"COMPLETE",0,true
"RCP_000223","SHP_000205","PO_005332","FL_0014","FL","2022-10-03",55,0,"COMPLETE",2,true
"RCP_000224","SHP_000200","PO_004418","UO_0005","UO","2022-10-03",151,0,"COMPLETE",4,true
"RCP_000225","SHP_000231","PO_009242","BP_0006","BP","2022-10-03",120,0,"COMPLETE",5,true
"RCP_000226","SHP_000182","PO_009614","FL_0010","FL","2022-10-03",94,0,"COMPLETE",4,true
"RCP_000227","SHP_000265","PO_003260","BP_0004","BP","2022-10-03",73,0,"COMPLETE",3,true
"RCP_000228","SHP_000295","PO_007502","FL_0002","FL","2022-10-03",74,0,"COMPLETE",-1,true
"RCP_000229","SHP_000211","PO_009005","FL_0007","FL","2022-10-03",29,0,"COMPLETE",1,true
"RCP_000230","SHP_000130","PO_007905","BP_0007","BP","2022-10-03",176,0,"COMPLETE",2,true
"RCP_000231","SHP_000139","PO_002731","FL_0009","FL","2022-10-03",89,0,"COMPLETE",5,true
"RCP_000232","SHP_000218","PO_003009","UO_0012","UO","2022-10-03",93,0,"PARTIAL",3,true
"RCP_000233","SHP_000179","PO_008325","FL_0009","FL","2022-10-04",154,0,"COMPLETE",4,true
"RCP_000234","SHP_000209","PO_008510","BP_0019","BP","2022-10-04",132,0,"PARTIAL",2,true
"RCP_000235","SHP_000329","PO_008818","UO_0005","UO","2022-10-04",31,0,"COMPLETE",0,true
"RCP_000236","SHP_000242","PO_004383","UO_0008","UO","2022-10-04",79,0,"PARTIAL",1,true
"RCP_000237","SHP_000108","PO_002346","FL_0016","FL","2022-10-04",17,0,"PARTIAL",9,true
"RCP_000238","SHP_000169","PO_009802","BP_0009","BP","2022-10-04",92,0,"COMPLETE",5,true
"RCP_000239","SHP_000173","PO_002459","FL_0007","FL","2022-10-04",50,0,"COMPLETE",4,true
"RCP_000240","SHP_000309","PO_005932","FL_0006","FL","2022-10-04",76,0,"COMPLETE",-1,true
"RCP_000241","SHP_000336","PO_001772","BP_0017","BP","2022-10-04",175,0,"COMPLETE",1,true
"RCP_000242","SHP_000066","PO_001296","UO_0020","UO","2022-10-04",39,0,"PARTIAL",12,true
"RCP_000243","SHP_000224","PO_006861","UO_0003","UO","2022-10-04",48,0,"COMPLETE",4,true
"RCP_000244","SHP_000142","PO_006137","BP_0006","BP","2022-10-04",30,0,"COMPLETE",2,true
"RCP_000245","SHP_000303","PO_002782","FL_0003","FL","2022-10-04",175,0,"COMPLETE",-1,true
"RCP_000246","SHP_000192","PO_007122","FL_0008","FL","2022-10-04",150,0,"COMPLETE",3,true
"RCP_000247","SHP_000230","PO_008878","FL_0009","FL","2022-10-04",99,0,"COMPLETE",2,true
"RCP_000248","SHP_000339","PO_004410","UO_0013","UO","2022-10-04",125,0,"PARTIAL",-1,true
"RCP_000249","SHP_000093","PO_002101","BP_0020","BP","2022-10-04",23,0,"COMPLETE",5,true
"RCP_000250","SHP_000191","PO_006339","FL_0009","FL","2022-10-04",154,0,"PARTIAL",4,true
"RCP_000251","SHP_000202","PO_004759","FL_0007","FL","2022-10-05",37,0,"PARTIAL",4,true
"RCP_000252","SHP_000313","PO_008720","UO_0004","UO","2022-10-05",77,0,"PARTIAL",2,true
"RCP_000253","SHP_000320","PO_004268","UO_0020","UO","2022-10-05",123,9,"PARTIAL",1,true
"RCP_000254","SHP_000321","PO_004297","BP_0010","BP","2022-10-05",95,0,"PARTIAL",0,true
"RCP_000255","SHP_000262","PO_001004","BP_0018","BP","2022-10-05",126,0,"COMPLETE",4,true
"RCP_000256","SHP_000324","PO_005975","BP_0017","BP","2022-10-05",197,0,"COMPLETE",0,true
"RCP_000257","SHP_000304","PO_003151","UO_0019","UO","2022-10-05",68,0,"COMPLETE",2,true
"RCP_000258","SHP_000263","PO_001071","BP_0018","BP","2022-10-05",93,0,"COMPLETE",5,true
"RCP_000259","SHP_000170","PO_001371","FL_0001","FL","2022-10-05",78,0,"COMPLETE",6,true
"RCP_000260","SHP_000246","PO_005403","FL_0011","FL","2022-10-05",171,0,"COMPLETE",1,true
"RCP_000261","SHP_000350","PO_002467","BP_0001","BP","2022-10-05",66,0,"COMPLETE",1,true
"RCP_000262","SHP_000291","PO_002758","BP_0016","BP","2022-10-05",107,0,"COMPLETE",2,true
"RCP_000263","SHP_000185","PO_001698","FL_0007","FL","2022-10-05",182,0,"COMPLETE",4,true
"RCP_000264","SHP_000326","PO_007679","FL_0005","FL","2022-10-05",145,0,"COMPLETE",-1,true
"RCP_000265","SHP_000207","PO_006618","FL_0004","FL","2022-10-05",127,0,"COMPLETE",3,true
"RCP_000266","SHP_000145","PO_007929","BP_0017","BP","2022-10-06",43,0,"COMPLETE",8,true
"RCP_000267","SHP_000252","PO_000556","UO_0014","UO","2022-10-06",118,1,"COMPLETE",2,true
"RCP_000268","SHP_000151","PO_003272","BP_0020","BP","2022-10-06",141,0,"PARTIAL",7,true
"RCP_000269","SHP_000184","PO_000601","FL_0017","FL","2022-10-06",159,0,"PARTIAL",6,true
"RCP_000270","SHP_000282","PO_009747","FL_0002","FL","2022-10-06",163,0,"COMPLETE",0,true
"RCP_000271","SHP_000292","PO_002809","FL_0014","FL","2022-10-06",159,0,"COMPLETE",2,true
"RCP_000272","SHP_000300","PO_001439","FL_0009","FL","2022-10-06",87,0,"COMPLETE",1,true
"RCP_000273","SHP_000359","PO_006628","BP_0018","BP","2022-10-06",82,0,"COMPLETE",2,true
"RCP_000274","SHP_000103","PO_000232","FL_0002","FL","2022-10-07",91,0,"PARTIAL",12,true
"RCP_000275","SHP_000228","PO_008356","FL_0017","FL","2022-10-07",40,0,"COMPLETE",5,true
"RCP_000276","SHP_000347","PO_000968","FL_0006","FL","2022-10-07",199,0,"COMPLETE",-1,true
"RCP_000277","SHP_000361","PO_007848","UO_0018","UO","2022-10-07",33,0,"COMPLETE",1,true
"RCP_000278","SHP_000165","PO_007917","FL_0019","FL","2022-10-07",148,0,"COMPLETE",9,true
"RCP_000279","SHP_000371","PO_003667","BP_0001","BP","2022-10-07",123,0,"COMPLETE",2,true
"RCP_000280","SHP_000223","PO_005940","BP_0019","BP","2022-10-07",22,0,"COMPLETE",0,true
"RCP_000281","SHP_000337","PO_001829","FL_0020","FL","2022-10-07",55,0,"COMPLETE",0,true
"RCP_000282","SHP_000368","PO_001577","UO_0019","UO","2022-10-07",61,0,"COMPLETE",0,true
"RCP_000283","SHP_000253","PO_000699","FL_0011","FL","2022-10-07",126,0,"COMPLETE",3,true
"RCP_000284","SHP_000424","PO_006866","BP_0008","BP","2022-10-07",70,0,"COMPLETE",-1,true
"RCP_000285","SHP_000374","PO_006827","BP_0019","BP","2022-10-07",80,0,"COMPLETE",2,true
"RCP_000286","SHP_000208","PO_007035","FL_0016","FL","2022-10-07",191,0,"COMPLETE",5,true
"RCP_000287","SHP_000413","PO_002241","BP_0012","BP","2022-10-07",183,0,"COMPLETE",-1,true
"RCP_000288","SHP_000327","PO_008260","UO_0015","UO","2022-10-07",113,0,"PARTIAL",-1,true
"RCP_000289","SHP_000241","PO_002462","FL_0002","FL","2022-10-07",162,0,"COMPLETE",4,true
"RCP_000290","SHP_000148","PO_000018","BP_0005","BP","2022-10-08",44,0,"COMPLETE",5,true
"RCP_000291","SHP_000421","PO_005267","BP_0003","BP","2022-10-08",92,0,"COMPLETE",0,true
"RCP_000292","SHP_000221","PO_005290","FL_0010","FL","2022-10-08",115,0,"COMPLETE",5,true
"RCP_000293","SHP_000385","PO_008549","BP_0006","BP","2022-10-08",102,0,"COMPLETE",-1,true
"RCP_000294","SHP_000258","PO_008771","UO_0008","UO","2022-10-08",164,0,"COMPLETE",4,true
"RCP_000295","SHP_000428","PO_008781","BP_0008","BP","2022-10-08",23,0,"COMPLETE",0,true
"RCP_000296","SHP_000146","PO_008114","FL_0019","FL","2022-10-08",43,0,"PARTIAL",11,true
"RCP_000297","SHP_000332","PO_010162","FL_0011","FL","2022-10-08",86,0,"COMPLETE",2,true
"RCP_000298","SHP_000358","PO_006294","UO_0006","UO","2022-10-08",67,0,"COMPLETE",2,true
"RCP_000299","SHP_000348","PO_001564","BP_0015","BP","2022-10-08",192,0,"COMPLETE",0,true
"RCP_000300","SHP_000135","PO_001477","BP_0006","BP","2022-10-08",140,0,"COMPLETE",10,true
"RCP_000301","SHP_000390","PO_002569","UO_0009","UO","2022-10-08",94,0,"COMPLETE",-1,true
"RCP_000302","SHP_000372","PO_004180","FL_0003","FL","2022-10-09",28,0,"COMPLETE",0,true
"RCP_000303","SHP_000364","PO_009015","UO_0003","UO","2022-10-09",139,0,"COMPLETE",-1,true
"RCP_000304","SHP_000196","PO_009792","BP_0019","BP","2022-10-09",103,0,"COMPLETE",4,true
"RCP_000305","SHP_000237","PO_001269","FL_0001","FL","2022-10-09",27,0,"PARTIAL",6,true
"RCP_000306","SHP_000357","PO_006227","BP_0006","BP","2022-10-09",23,0,"PARTIAL",1,true
"RCP_000307","SHP_000335","PO_000901","BP_0019","BP","2022-10-09",92,0,"COMPLETE",2,true
"RCP_000308","SHP_000411","PO_001306","BP_0008","BP","2022-10-09",37,0,"COMPLETE",1,true
"RCP_000309","SHP_000236","PO_001116","BP_0004","BP","2022-10-09",60,0,"COMPLETE",1,true
"RCP_000310","SHP_000143","PO_006790","FL_0018","FL","2022-10-09",80,0,"PARTIAL",12,true
"RCP_000311","SHP_000278","PO_006171","UO_0016","UO","2022-10-09",23,0,"COMPLETE",5,true
"RCP_000312","SHP_000284","PO_003976","BP_0001","BP","2022-10-10",196,0,"COMPLETE",2,true
"RCP_000313","SHP_000293","PO_003978","FL_0018","FL","2022-10-10",28,2,"PARTIAL",2,true
"RCP_000314","SHP_000395","PO_004089","BP_0017","BP","2022-10-10",132,0,"PARTIAL",0,true
"RCP_000315","SHP_000351","PO_002915","FL_0018","FL","2022-10-10",185,0,"COMPLETE",2,true
"RCP_000316","SHP_000414","PO_003097","BP_0017","BP","2022-10-10",16,0,"COMPLETE",-1,true
"RCP_000317","SHP_000254","PO_001448","FL_0018","FL","2022-10-10",70,0,"COMPLETE",6,true
"RCP_000318","SHP_000235","PO_000787","FL_0003","FL","2022-10-10",66,0,"COMPLETE",7,true
"RCP_000319","SHP_000312","PO_007660","FL_0014","FL","2022-10-10",176,0,"COMPLETE",1,true
"RCP_000320","SHP_000234","PO_000745","BP_0012","BP","2022-10-10",121,0,"COMPLETE",2,true
"RCP_000321","SHP_000325","PO_007118","FL_0005","FL","2022-10-10",133,0,"COMPLETE",0,true
"RCP_000322","SHP_000467","PO_006260","BP_0015","BP","2022-10-10",185,0,"COMPLETE",-1,true
"RCP_000323","SHP_000199","PO_002900","BP_0013","BP","2022-10-10",41,0,"COMPLETE",8,true
"RCP_000324","SHP_000352","PO_002921","BP_0014","BP","2022-10-10",53,0,"PARTIAL",3,true
"RCP_000325","SHP_000367","PO_000287","FL_0016","FL","2022-10-11",164,0,"COMPLETE",2,true
"RCP_000326","SHP_000363","PO_008323","BP_0013","BP","2022-10-11",100,0,"COMPLETE",4,true
"RCP_000327","SHP_000394","PO_003920","FL_0013","FL","2022-10-11",176,0,"COMPLETE",0,true
"RCP_000328","SHP_000180","PO_008681","BP_0005","BP","2022-10-11",105,0,"COMPLETE",11,true
"RCP_000329","SHP_000299","PO_000957","FL_0007","FL","2022-10-11",53,0,"COMPLETE",2,true
"RCP_000330","SHP_000168","PO_008218","BP_0007","BP","2022-10-11",30,0,"COMPLETE",12,true
"RCP_000331","SHP_000404","PO_009493","FL_0010","FL","2022-10-11",161,0,"COMPLETE",0,true
"RCP_000332","SHP_000423","PO_006336","BP_0002","BP","2022-10-11",141,0,"COMPLETE",-1,true
"RCP_000333","SHP_000222","PO_005803","BP_0002","BP","2022-10-11",64,0,"PARTIAL",4,true
"RCP_000334","SHP_000238","PO_001347","BP_0014","BP","2022-10-11",115,0,"COMPLETE",3,true
"RCP_000335","SHP_000482","PO_006761","BP_0001","BP","2022-10-11",20,0,"COMPLETE",-1,true
"RCP_000336","SHP_000318","PO_003988","UO_0015","UO","2022-10-11",85,0,"PARTIAL",1,true
"RCP_000337","SHP_000399","PO_007445","UO_0009","UO","2022-10-11",161,0,"COMPLETE",2,true
"RCP_000338","SHP_000379","PO_002493","FL_0002","FL","2022-10-11",76,0,"COMPLETE",1,true
"RCP_000339","SHP_000439","PO_005682","UO_0014","UO","2022-10-11",99,0,"COMPLETE",0,true
"RCP_000340","SHP_000384","PO_006341","BP_0013","BP","2022-10-11",55,1,"COMPLETE",2,true
"RCP_000341","SHP_000334","PO_000750","BP_0012","BP","2022-10-11",77,0,"COMPLETE",4,true
"RCP_000342","SHP_000267","PO_003861","FL_0017","FL","2022-10-11",102,0,"PARTIAL",6,true
"RCP_000343","SHP_000314","PO_009557","FL_0007","FL","2022-10-11",173,0,"COMPLETE",2,true
"RCP_000344","SHP_000417","PO_004060","FL_0012","FL","2022-10-12",74,0,"COMPLETE",0,true
"RCP_000345","SHP_000323","PO_005552","BP_0004","BP","2022-10-12",185,0,"COMPLETE",1,true
"RCP_000346","SHP_000270","PO_008203","BP_0007","BP","2022-10-12",137,0,"PARTIAL",6,true
"RCP_000347","SHP_000216","PO_002277","FL_0016","FL","2022-10-12",104,0,"COMPLETE",10,true
"RCP_000348","SHP_000388","PO_001139","FL_0020","FL","2022-10-12",96,0,"COMPLETE",1,true
"RCP_000349","SHP_000393","PO_003064","FL_0019","FL","2022-10-12",141,0,"COMPLETE",1,true
"RCP_000350","SHP_000397","PO_005759","FL_0001","FL","2022-10-12",54,0,"COMPLETE",1,true
"RCP_000351","SHP_000290","PO_001686","BP_0014","BP","2022-10-12",63,0,"COMPLETE",-1,true
"RCP_000352","SHP_000342","PO_006754","UO_0009","UO","2022-10-12",135,0,"COMPLETE",3,true
"RCP_000353","SHP_000412","PO_001880","FL_0002","FL","2022-10-12",148,0,"COMPLETE",0,true
"RCP_000354","SHP_000410","PO_001069","FL_0010","FL","2022-10-12",12,0,"COMPLETE",0,true
"RCP_000355","SHP_000431","PO_001019","BP_0014","BP","2022-10-12",124,0,"COMPLETE",0,true
"RCP_000356","SHP_000382","PO_004522","FL_0002","FL","2022-10-12",42,0,"COMPLETE",2,true
"RCP_000357","SHP_000316","PO_000188","FL_0004","FL","2022-10-13",149,0,"COMPLETE",3,true
"RCP_000358","SHP_000322","PO_004752","UO_0012","UO","2022-10-13",160,0,"COMPLETE",3,true
"RCP_000359","SHP_000333","PO_000492","FL_0020","FL","2022-10-13",44,0,"COMPLETE",1,true
"RCP_000360","SHP_000420","PO_004804","UO_0019","UO","2022-10-13",179,0,"COMPLETE",-1,true
"RCP_000361","SHP_000427","PO_008666","UO_0008","UO","2022-10-13",192,0,"COMPLETE",-1,true
"RCP_000362","SHP_000319","PO_003989","FL_0005","FL","2022-10-13",176,0,"COMPLETE",3,true
"RCP_000363","SHP_000401","PO_007812","FL_0020","FL","2022-10-13",33,0,"COMPLETE",2,true
"RCP_000364","SHP_000445","PO_008031","BP_0015","BP","2022-10-13",169,0,"COMPLETE",0,true
"RCP_000365","SHP_000362","PO_008204","UO_0001","UO","2022-10-13",50,0,"COMPLETE",1,true
"RCP_000366","SHP_000251","PO_009728","FL_0004","FL","2022-10-13",52,0,"COMPLETE",10,true
"RCP_000367","SHP_000496","PO_006414","BP_0001","BP","2022-10-13",171,0,"COMPLETE",0,true
"RCP_000368","SHP_000446","PO_008232","FL_0016","FL","2022-10-13",49,0,"COMPLETE",0,true
"RCP_000369","SHP_000273","PO_002174","FL_0016","FL","2022-10-13",111,0,"PARTIAL",7,true
"RCP_000370","SHP_000450","PO_001328","BP_0004","BP","2022-10-13",158,0,"COMPLETE",0,true
"RCP_000371","SHP_000305","PO_003341","FL_0014","FL","2022-10-13",143,0,"COMPLETE",4,true
"RCP_000372","SHP_000436","PO_003530","FL_0020","FL","2022-10-13",177,0,"COMPLETE",0,true
"RCP_000373","SHP_000433","PO_001839","BP_0018","BP","2022-10-13",73,0,"COMPLETE",1,true
"RCP_000374","SHP_000422","PO_005998","BP_0015","BP","2022-10-13",119,0,"COMPLETE",1,true
"RCP_000375","SHP_000452","PO_004942","BP_0007","BP","2022-10-14",88,0,"PARTIAL",1,true
"RCP_000376","SHP_000487","PO_008572","BP_0017","BP","2022-10-14",24,0,"COMPLETE",2,true
"RCP_000377","SHP_000470","PO_008670","UO_0006","UO","2022-10-14",20,0,"COMPLETE",1,true
"RCP_000378","SHP_000476","PO_002449","BP_0001","BP","2022-10-14",9,0,"PARTIAL",2,true
"RCP_000379","SHP_000248","PO_006030","FL_0020","FL","2022-10-14",68,2,"PARTIAL",11,true
"RCP_000380","SHP_000310","PO_006112","BP_0016","BP","2022-10-14",48,0,"COMPLETE",4,true
"RCP_000381","SHP_000453","PO_007553","BP_0007","BP","2022-10-14",26,0,"COMPLETE",0,true
"RCP_000382","SHP_000365","PO_009353","FL_0014","FL","2022-10-14",196,0,"COMPLETE",2,true
"RCP_000383","SHP_000539","PO_002609","UO_0013","UO","2022-10-14",159,0,"COMPLETE",0,true
"RCP_000384","SHP_000307","PO_004126","FL_0014","FL","2022-10-14",172,0,"PARTIAL",5,true
"RCP_000385","SHP_000478","PO_003098","BP_0012","BP","2022-10-14",44,0,"COMPLETE",2,true
"RCP_000386","SHP_000391","PO_002626","UO_0006","UO","2022-10-14",84,0,"COMPLETE",5,true
"RCP_000387","SHP_000280","PO_008921","BP_0003","BP","2022-10-14",31,0,"PARTIAL",7,true
"RCP_000388","SHP_000468","PO_006999","FL_0005","FL","2022-10-14",65,0,"COMPLETE",-1,true
"RCP_000389","SHP_000408","PO_000352","UO_0005","UO","2022-10-15",16,0,"COMPLETE",5,true
"RCP_000390","SHP_000438","PO_003963","FL_0004","FL","2022-10-15",126,0,"COMPLETE",2,true
"RCP_000391","SHP_000524","PO_004111","BP_0020","BP","2022-10-15",24,0,"COMPLETE",0,true
"RCP_000392","SHP_000506","PO_001066","BP_0013","BP","2022-10-15",23,0,"COMPLETE",1,true
"RCP_000393","SHP_000512","PO_006289","UO_0020","UO","2022-10-15",136,0,"COMPLETE",-1,true
"RCP_000394","SHP_000561","PO_003471","UO_0010","UO","2022-10-15",104,0,"COMPLETE",0,true
"RCP_000395","SHP_000386","PO_010150","BP_0007","BP","2022-10-15",64,3,"COMPLETE",0,true
"RCP_000396","SHP_000311","PO_007413","BP_0015","BP","2022-10-15",125,0,"PARTIAL",5,true
"RCP_000397","SHP_000375","PO_008319","FL_0014","FL","2022-10-15",140,0,"COMPLETE",1,true
"RCP_000398","SHP_000338","PO_004409","FL_0017","FL","2022-10-15",118,0,"COMPLETE",4,true
"RCP_000399","SHP_000302","PO_002466","FL_0003","FL","2022-10-15",133,0,"COMPLETE",6,true
"RCP_000400","SHP_000440","PO_005905","FL_0013","FL","2022-10-15",117,0,"COMPLETE",2,true
"RCP_000401","SHP_000461","PO_002526","FL_0008","FL","2022-10-15",74,0,"COMPLETE",0,true
"RCP_000402","SHP_000306","PO_003529","FL_0009","FL","2022-10-15",187,0,"COMPLETE",6,true
"RCP_000403","SHP_000469","PO_007311","BP_0012","BP","2022-10-15",47,0,"PARTIAL",1,true
"RCP_000404","SHP_000475","PO_001771","FL_0017","FL","2022-10-15",130,0,"COMPLETE",-1,true
"RCP_000405","SHP_000489","PO_000085","FL_0002","FL","2022-10-16",49,0,"COMPLETE",-1,true
"RCP_000406","SHP_000345","PO_000122","BP_0006","BP","2022-10-16",170,0,"COMPLETE",-1,true
"RCP_000407","SHP_000541","PO_005264","BP_0006","BP","2022-10-16",125,0,"COMPLETE",0,true
"RCP_000408","SHP_000451","PO_004940","BP_0010","BP","2022-10-16",100,0,"PARTIAL",3,true
"RCP_000409","SHP_000511","PO_005001","BP_0018","BP","2022-10-16",165,0,"COMPLETE",2,true
"RCP_000410","SHP_000455","PO_009040","FL_0004","FL","2022-10-16",76,0,"COMPLETE",2,true
"RCP_000411","SHP_000405","PO_009601","FL_0001","FL","2022-10-16",127,0,"COMPLETE",1,true
"RCP_000412","SHP_000331","PO_009787","UO_0002","UO","2022-10-16",157,0,"COMPLETE",6,true
"RCP_000413","SHP_000366","PO_009991","UO_0002","UO","2022-10-16",51,0,"COMPLETE",4,true
"RCP_000414","SHP_000567","PO_006155","BP_0004","BP","2022-10-16",37,0,"COMPLETE",-1,true
"RCP_000415","SHP_000287","PO_008874","BP_0014","BP","2022-10-16",46,0,"PARTIAL",4,true
"RCP_000416","SHP_000459","PO_000914","UO_0020","UO","2022-10-16",168,0,"PARTIAL",-1,true
"RCP_000417","SHP_000256","PO_007085","FL_0017","FL","2022-10-16",35,0,"COMPLETE",12,true
"RCP_000418","SHP_000490","PO_001400","BP_0010","BP","2022-10-16",165,0,"COMPLETE",-1,true
"RCP_000419","SHP_000488","PO_009811","FL_0003","FL","2022-10-16",106,0,"COMPLETE",0,true
"RCP_000420","SHP_000456","PO_009251","FL_0007","FL","2022-10-16",12,0,"COMPLETE",2,true
"RCP_000421","SHP_000255","PO_002929","BP_0016","BP","2022-10-16",16,0,"COMPLETE",11,true
"RCP_000422","SHP_000389","PO_002397","BP_0015","BP","2022-10-16",65,0,"COMPLETE",5,true
"RCP_000423","SHP_000289","PO_000354","FL_0012","FL","2022-10-17",100,0,"COMPLETE",9,true
"RCP_000424","SHP_000499","PO_008310","FL_0008","FL","2022-10-17",181,0,"COMPLETE",0,true
"RCP_000425","SHP_000430","PO_009917","BP_0012","BP","2022-10-17",141,0,"COMPLETE",0,true
"RCP_000426","SHP_000294","PO_006017","FL_0007","FL","2022-10-17",87,0,"PARTIAL",9,true
"RCP_000427","SHP_000276","PO_002972","FL_0005","FL","2022-10-17",11,0,"PARTIAL",11,true
"RCP_000428","SHP_000492","PO_003548","FL_0014","FL","2022-10-17",131,0,"COMPLETE",0,true
"RCP_000429","SHP_000513","PO_006410","FL_0010","FL","2022-10-17",172,0,"COMPLETE",-1,true
"RCP_000430","SHP_000464","PO_003729","UO_0007","UO","2022-10-17",148,0,"COMPLETE",4,true
"RCP_000431","SHP_000457","PO_000863","FL_0004","FL","2022-10-17",173,0,"COMPLETE",2,true
"RCP_000432","SHP_000597","PO_006730","UO_0006","UO","2022-10-17",131,0,"COMPLETE",-1,true
"RCP_000433","SHP_000578","PO_006528","BP_0010","BP","2022-10-17",181,0,"COMPLETE",-1,true
"RCP_000434","SHP_000283","PO_010010","FL_0011","FL","2022-10-17",20,0,"COMPLETE",11,true
"RCP_000435","SHP_000409","PO_000612","UO_0016","UO","2022-10-17",33,0,"COMPLETE",3,true
"RCP_000436","SHP_000529","PO_007463","BP_0001","BP","2022-10-17",139,0,"COMPLETE",2,true
"RCP_000437","SHP_000549","PO_009124","BP_0018","BP","2022-10-17",56,0,"COMPLETE",1,true
"RCP_000438","SHP_000448","PO_009966","FL_0004","FL","2022-10-17",41,0,"COMPLETE",-1,true
"RCP_000439","SHP_000472","PO_000072","FL_0003","FL","2022-10-18",121,0,"COMPLETE",2,true
"RCP_000440","SHP_000509","PO_004520","FL_0020","FL","2022-10-18",159,0,"COMPLETE",0,true
"RCP_000441","SHP_000402","PO_008956","FL_0007","FL","2022-10-18",197,0,"COMPLETE",3,true
"RCP_000442","SHP_000429","PO_009089","FL_0014","FL","2022-10-18",78,0,"PARTIAL",2,true
"RCP_000443","SHP_000377","PO_009195","FL_0009","FL","2022-10-18",149,0,"COMPLETE",4,true
"RCP_000444","SHP_000580","PO_009837","BP_0019","BP","2022-10-18",117,0,"COMPLETE",0,true
"RCP_000445","SHP_000435","PO_003269","FL_0005","FL","2022-10-18",193,0,"COMPLETE",0,true
"RCP_000446","SHP_000380","PO_002710","FL_0017","FL","2022-10-18",59,0,"COMPLETE",3,true
"RCP_000447","SHP_000442","PO_006757","FL_0007","FL","2022-10-18",120,0,"COMPLETE",0,true
"RCP_000448","SHP_000520","PO_001560","FL_0020","FL","2022-10-18",65,0,"COMPLETE",-1,true
"RCP_000449","SHP_000537","PO_002184","BP_0001","BP","2022-10-18",138,0,"PARTIAL",-1,true
"RCP_000450","SHP_000355","PO_003650","FL_0003","FL","2022-10-18",29,0,"COMPLETE",6,true
"RCP_000451","SHP_000378","PO_001735","FL_0017","FL","2022-10-18",42,0,"PARTIAL",3,true
"RCP_000452","SHP_000434","PO_001974","FL_0011","FL","2022-10-18",75,0,"COMPLETE",1,true
"RCP_000453","SHP_000415","PO_003696","FL_0011","FL","2022-10-18",185,0,"COMPLETE",2,true
"RCP_000454","SHP_000387","PO_000722","UO_0002","UO","2022-10-18",199,0,"COMPLETE",5,true
"RCP_000455","SHP_000396","PO_004976","FL_0003","FL","2022-10-19",192,0,"COMPLETE",4,true
"RCP_000456","SHP_000418","PO_004182","FL_0005","FL","2022-10-19",132,0,"PARTIAL",3,true
"RCP_000457","SHP_000587","PO_008770","UO_0015","UO","2022-10-19",169,0,"COMPLETE",2,true
"RCP_000458","SHP_000502","PO_008801","BP_0016","BP","2022-10-19",109,0,"COMPLETE",3,true
"RCP_000459","SHP_000419","PO_004208","UO_0013","UO","2022-10-19",179,0,"COMPLETE",3,true
"RCP_000460","SHP_000400","PO_007688","FL_0013","FL","2022-10-19",180,0,"PARTIAL",4,true
"RCP_000461","SHP_000279","PO_008164","BP_0015","BP","2022-10-19",63,0,"PARTIAL",12,true
"RCP_000462","SHP_000403","PO_008964","BP_0005","BP","2022-10-19",95,0,"COMPLETE",-1,true
"RCP_000463","SHP_000315","PO_009584","BP_0006","BP","2022-10-19",183,0,"COMPLETE",5,true
"RCP_000464","SHP_000553","PO_009784","FL_0008","FL","2022-10-19",98,0,"COMPLETE",-1,true
"RCP_000465","SHP_000406","PO_010106","FL_0005","FL","2022-10-19",73,0,"PARTIAL",4,true
"RCP_000466","SHP_000369","PO_003146","FL_0006","FL","2022-10-19",18,0,"PARTIAL",6,true
"RCP_000467","SHP_000479","PO_003229","UO_0012","UO","2022-10-19",180,0,"COMPLETE",5,true
"RCP_000468","SHP_000540","PO_003237","FL_0018","FL","2022-10-19",53,0,"COMPLETE",-1,true
"RCP_000469","SHP_000542","PO_006226","UO_0009","UO","2022-10-19",91,0,"COMPLETE",1,true
"RCP_000470","SHP_000522","PO_003330","FL_0005","FL","2022-10-19",158,0,"COMPLETE",0,true
"RCP_000471","SHP_000598","PO_007087","BP_0002","BP","2022-10-19",120,0,"COMPLETE",-1,true
"RCP_000472","SHP_000538","PO_002508","FL_0007","FL","2022-10-19",162,0,"COMPLETE",-1,true
"RCP_000473","SHP_000504","PO_009621","FL_0020","FL","2022-10-19",27,0,"COMPLETE",2,true
"RCP_000474","SHP_000518","PO_009111","FL_0019","FL","2022-10-19",45,0,"COMPLETE",1,true
"RCP_000475","SHP_000498","PO_007946","FL_0020","FL","2022-10-19",46,0,"COMPLETE",2,true
"RCP_000476","SHP_000545","PO_007034","BP_0001","BP","2022-10-19",31,0,"COMPLETE",0,true
"RCP_000477","SHP_000495","PO_005607","FL_0014","FL","2022-10-19",187,0,"COMPLETE",2,true
"RCP_000478","SHP_000473","PO_001191","UO_0009","UO","2022-10-19",107,0,"COMPLETE",5,true
"RCP_000479","SHP_000466","PO_006041","FL_0016","FL","2022-10-19",148,0,"PARTIAL",-1,true
"RCP_000480","SHP_000465","PO_005085","BP_0017","BP","2022-10-20",176,0,"COMPLETE",5,true
"RCP_000481","SHP_000330","PO_009322","BP_0014","BP","2022-10-20",147,0,"PARTIAL",9,true
"RCP_000482","SHP_000354","PO_003318","BP_0016","BP","2022-10-20",175,0,"COMPLETE",3,true
"RCP_000483","SHP_000370","PO_003490","UO_0016","UO","2022-10-20",102,0,"COMPLETE",7,true
"RCP_000484","SHP_000577","PO_006417","BP_0016","BP","2022-10-20",166,0,"COMPLETE",2,true
"RCP_000485","SHP_000341","PO_005797","FL_0001","FL","2022-10-20",116,0,"PARTIAL",9,true
"RCP_000486","SHP_000407","PO_010173","BP_0001","BP","2022-10-20",71,0,"COMPLETE",0,true
"RCP_000487","SHP_000556","PO_001863","FL_0020","FL","2022-10-20",56,0,"PARTIAL",-1,true
"RCP_000488","SHP_000510","PO_004922","UO_0012","UO","2022-10-20",112,0,"COMPLETE",4,true
"RCP_000489","SHP_000373","PO_006444","BP_0014","BP","2022-10-20",43,0,"COMPLETE",6,true
"RCP_000490","SHP_000514","PO_007204","FL_0005","FL","2022-10-20",52,0,"COMPLETE",2,true
"RCP_000491","SHP_000477","PO_002878","FL_0016","FL","2022-10-20",14,0,"COMPLETE",-1,true
"RCP_000492","SHP_000353","PO_003311","FL_0001","FL","2022-10-20",188,0,"COMPLETE",8,true
"RCP_000493","SHP_000562","PO_004034","FL_0009","FL","2022-10-21",106,0,"COMPLETE",0,true
"RCP_000494","SHP_000356","PO_005651","FL_0009","FL","2022-10-21",50,0,"PARTIAL",9,true
"RCP_000495","SHP_000650","PO_008216","UO_0012","UO","2022-10-21",31,0,"COMPLETE",-1,true
"RCP_000496","SHP_000568","PO_006815","FL_0011","FL","2022-10-21",58,0,"COMPLETE",0,true
"RCP_000497","SHP_000608","PO_002772","UO_0012","UO","2022-10-21",97,0,"COMPLETE",2,true
"RCP_000498","SHP_000441","PO_006166","FL_0013","FL","2022-10-21",195,0,"COMPLETE",3,true
"RCP_000499","SHP_000497","PO_007419","FL_0016","FL","2022-10-21",180,0,"COMPLETE",-1,true
"RCP_000500","SHP_000575","PO_006100","FL_0013","FL","2022-10-21",59,0,"COMPLETE",-1,true
"RCP_000501","SHP_000462","PO_002556","FL_0011","FL","2022-10-21",185,0,"COMPLETE",1,true
"RCP_000502","SHP_000485","PO_007850","FL_0017","FL","2022-10-21",146,0,"COMPLETE",1,true
"RCP_000503","SHP_000525","PO_004490","BP_0013","BP","2022-10-21",39,0,"COMPLETE",3,true
"RCP_000504","SHP_000463","PO_002654","FL_0005","FL","2022-10-21",21,0,"PARTIAL",1,true
"RCP_000505","SHP_000340","PO_005418","FL_0016","FL","2022-10-22",76,0,"COMPLETE",11,true
"RCP_000506","SHP_000516","PO_007815","FL_0008","FL","2022-10-22",134,0,"PARTIAL",0,true
"RCP_000507","SHP_000530","PO_008193","UO_0003","UO","2022-10-22",57,0,"COMPLETE",5,true
"RCP_000508","SHP_000349","PO_002286","FL_0016","FL","2022-10-22",153,0,"COMPLETE",10,true
"RCP_000509","SHP_000528","PO_006253","UO_0001","UO","2022-10-22",144,0,"PARTIAL",5,true
"RCP_000510","SHP_000381","PO_003835","BP_0013","BP","2022-10-22",66,1,"PARTIAL",7,true
"RCP_000511","SHP_000507","PO_001960","UO_0006","UO","2022-10-22",137,0,"COMPLETE",2,true
"RCP_000512","SHP_000569","PO_006857","BP_0016","BP","2022-10-22",89,0,"COMPLETE",2,true
"RCP_000513","SHP_000534","PO_000613","UO_0018","UO","2022-10-22",174,0,"COMPLETE",0,true
"RCP_000514","SHP_000619","PO_002628","BP_0017","BP","2022-10-22",82,0,"COMPLETE",0,true
"RCP_000515","SHP_000328","PO_008263","BP_0004","BP","2022-10-22",154,0,"PARTIAL",11,true
"RCP_000516","SHP_000437","PO_003704","FL_0009","FL","2022-10-22",64,0,"COMPLETE",5,true
"RCP_000517","SHP_000449","PO_000759","BP_0018","BP","2022-10-22",112,0,"COMPLETE",3,true
"RCP_000518","SHP_000343","PO_007532","FL_0019","FL","2022-10-22",22,0,"COMPLETE",11,true
"RCP_000519","SHP_000426","PO_007375","BP_0001","BP","2022-10-22",181,0,"COMPLETE",1,true
"RCP_000520","SHP_000481","PO_006597","FL_0010","FL","2022-10-22",28,0,"PARTIAL",2,true
"RCP_000521","SHP_000583","PO_001887","FL_0010","FL","2022-10-22",172,0,"COMPLETE",-1,true
"RCP_000522","SHP_000344","PO_000049","BP_0008","BP","2022-10-23",59,0,"PARTIAL",10,true
"RCP_000523","SHP_000563","PO_004560","FL_0012","FL","2022-10-23",198,0,"COMPLETE",2,true
"RCP_000524","SHP_000574","PO_004830","UO_0003","UO","2022-10-23",163,0,"COMPLETE",3,true
"RCP_000525","SHP_000480","PO_005054","FL_0005","FL","2022-10-23",194,0,"COMPLETE",3,true
"RCP_000526","SHP_000586","PO_005461","UO_0004","UO","2022-10-23",118,2,"COMPLETE",2,true
"RCP_000527","SHP_000559","PO_002895","BP_0002","BP","2022-10-23",158,0,"COMPLETE",2,true
"RCP_000528","SHP_000581","PO_000888","BP_0016","BP","2022-10-23",85,0,"COMPLETE",1,true
"RCP_000529","SHP_000604","PO_010077","FL_0005","FL","2022-10-23",57,0,"COMPLETE",-1,true
"RCP_000530","SHP_000484","PO_007588","BP_0013","BP","2022-10-23",25,0,"PARTIAL",2,true
"RCP_000531","SHP_000621","PO_004786","BP_0001","BP","2022-10-24",13,0,"COMPLETE",2,true
"RCP_000532","SHP_000615","PO_008506","FL_0005","FL","2022-10-24",185,0,"COMPLETE",-1,true
"RCP_000533","SHP_000547","PO_008625","UO_0003","UO","2022-10-24",148,0,"COMPLETE",2,true
"RCP_000534","SHP_000653","PO_004251","BP_0002","BP","2022-10-24",66,0,"COMPLETE",-1,true
"RCP_000535","SHP_000486","PO_008176","FL_0010","FL","2022-10-24",178,0,"COMPLETE",3,true
"RCP_000536","SHP_000602","PO_009286","FL_0014","FL","2022-10-24",24,0,"COMPLETE",0,true
"RCP_000537","SHP_000639","PO_009475","UO_0002","UO","2022-10-24",92,0,"COMPLETE",-1,true
"RCP_000538","SHP_000552","PO_009589","FL_0008","FL","2022-10-24",82,2,"PARTIAL",-1,true
"RCP_000539","SHP_000505","PO_010049","FL_0008","FL","2022-10-24",80,0,"PARTIAL",3,true
"RCP_000540","SHP_000392","PO_003035","FL_0016","FL","2022-10-24",164,0,"COMPLETE",9,true
"RCP_000541","SHP_000458","PO_000882","BP_0009","BP","2022-10-24",171,0,"COMPLETE",0,true
"RCP_000542","SHP_000425","PO_007327","FL_0005","FL","2022-10-24",43,0,"PARTIAL",8,true
"RCP_000543","SHP_000444","PO_007673","FL_0006","FL","2022-10-24",131,0,"PARTIAL",7,true
"RCP_000544","SHP_000376","PO_008556","UO_0015","UO","2022-10-24",120,0,"COMPLETE",11,true
"RCP_000545","SHP_000536","PO_001852","UO_0016","UO","2022-10-24",76,0,"COMPLETE",2,true
"RCP_000546","SHP_000596","PO_006101","FL_0012","FL","2022-10-24",14,0,"COMPLETE",0,true
"RCP_000547","SHP_000531","PO_009574","FL_0006","FL","2022-10-24",169,0,"COMPLETE",1,true
"RCP_000548","SHP_000443","PO_006877","FL_0006","FL","2022-10-24",83,0,"COMPLETE",7,true
"RCP_000549","SHP_000483","PO_007046","FL_0017","FL","2022-10-24",33,0,"PARTIAL",4,true
"RCP_000550","SHP_000346","PO_000378","BP_0016","BP","2022-10-25",95,0,"PARTIAL",12,true
"RCP_000551","SHP_000494","PO_005089","FL_0020","FL","2022-10-25",126,0,"COMPLETE",4,true
"RCP_000552","SHP_000447","PO_008685","FL_0019","FL","2022-10-25",65,0,"COMPLETE",8,true
"RCP_000553","SHP_000460","PO_002289","BP_0010","BP","2022-10-25",71,0,"COMPLETE",1,true
"RCP_000554","SHP_000637","PO_009413","BP_0008","BP","2022-10-25",178,0,"COMPLETE",2,true
"RCP_000555","SHP_000432","PO_001664","UO_0015","UO","2022-10-25",72,0,"COMPLETE",8,true
"RCP_000556","SHP_000523","PO_003497","FL_0011","FL","2022-10-25",157,0,"COMPLETE",2,true
"RCP_000557","SHP_000609","PO_003413","FL_0012","FL","2022-10-25",141,2,"COMPLETE",0,true
"RCP_000558","SHP_000610","PO_005678","UO_0012","UO","2022-10-25",112,0,"PARTIAL",2,true
"RCP_000559","SHP_000625","PO_006032","BP_0014","BP","2022-10-25",101,0,"COMPLETE",0,true
"RCP_000560","SHP_000571","PO_007353","BP_0019","BP","2022-10-25",86,0,"COMPLETE",4,true
"RCP_000561","SHP_000360","PO_006991","BP_0012","BP","2022-10-25",136,0,"COMPLETE",12,true
"RCP_000562","SHP_000623","PO_005293","FL_0012","FL","2022-10-26",113,0,"COMPLETE",0,true
"RCP_000563","SHP_000416","PO_004038","BP_0013","BP","2022-10-26",187,4,"COMPLETE",9,true
"RCP_000564","SHP_000548","PO_008903","BP_0016","BP","2022-10-26",24,0,"PARTIAL",1,true
"RCP_000565","SHP_000630","PO_002324","FL_0006","FL","2022-10-26",48,0,"COMPLETE",-1,true
"RCP_000566","SHP_000398","PO_006001","FL_0008","FL","2022-10-26",181,0,"COMPLETE",11,true
"RCP_000567","SHP_000592","PO_001387","FL_0020","FL","2022-10-26",159,0,"COMPLETE",2,true
"RCP_000568","SHP_000617","PO_000358","FL_0018","FL","2022-10-27",195,0,"COMPLETE",1,true
"RCP_000569","SHP_000471","PO_008710","BP_0004","BP","2022-10-27",37,0,"COMPLETE",3,true
"RCP_000570","SHP_000611","PO_006071","FL_0013","FL","2022-10-27",111,0,"COMPLETE",2,true
"RCP_000571","SHP_000551","PO_009463","BP_0006","BP","2022-10-27",125,0,"PARTIAL",2,true
"RCP_000572","SHP_000584","PO_002836","UO_0001","UO","2022-10-27",116,0,"COMPLETE",0,true
"RCP_000573","SHP_000544","PO_006495","BP_0008","BP","2022-10-27",178,0,"COMPLETE",2,true
"RCP_000574","SHP_000590","PO_009545","FL_0013","FL","2022-10-27",33,0,"COMPLETE",-1,true
"RCP_000575","SHP_000533","PO_000183","FL_0002","FL","2022-10-28",17,0,"COMPLETE",3,true
"RCP_000576","SHP_000454","PO_008449","BP_0012","BP","2022-10-28",158,0,"COMPLETE",5,true
"RCP_000577","SHP_000627","PO_007948","FL_0010","FL","2022-10-28",158,0,"COMPLETE",2,true
"RCP_000578","SHP_000638","PO_009426","BP_0015","BP","2022-10-28",162,0,"COMPLETE",2,true
"RCP_000579","SHP_000661","PO_006800","FL_0007","FL","2022-10-28",196,0,"COMPLETE",-1,true
"RCP_000580","SHP_000521","PO_003102","FL_0017","FL","2022-10-28",98,0,"COMPLETE",5,true
"RCP_000581","SHP_000515","PO_007352","FL_0019","FL","2022-10-28",75,0,"PARTIAL",6,true
"RCP_000582","SHP_000491","PO_001983","BP_0013","BP","2022-10-28",25,0,"COMPLETE",2,true
"RCP_000583","SHP_000642","PO_000905","UO_0002","UO","2022-10-28",66,0,"PARTIAL",2,true
"RCP_000584","SHP_000527","PO_005941","BP_0005","BP","2022-10-28",47,0,"COMPLETE",0,true
"RCP_000585","SHP_000660","PO_006538","UO_0016","UO","2022-10-28",110,0,"COMPLETE",1,true
"RCP_000586","SHP_000570","PO_007221","FL_0008","FL","2022-10-28",152,0,"COMPLETE",3,true
"RCP_000587","SHP_000526","PO_004615","FL_0003","FL","2022-10-29",193,0,"COMPLETE",5,true
"RCP_000588","SHP_000633","PO_004632","BP_0017","BP","2022-10-29",131,0,"COMPLETE",2,true
"RCP_000589","SHP_000736","PO_005234","UO_0007","UO","2022-10-29",140,0,"COMPLETE",0,true
"RCP_000590","SHP_000573","PO_008586","FL_0007","FL","2022-10-29",143,0,"COMPLETE",3,true
"RCP_000591","SHP_000649","PO_007861","BP_0009","BP","2022-10-29",135,0,"PARTIAL",1,true
"RCP_000592","SHP_000572","PO_008205","FL_0007","FL","2022-10-29",74,0,"COMPLETE",4,true
"RCP_000593","SHP_000532","PO_009699","FL_0008","FL","2022-10-29",64,0,"PARTIAL",5,true
"RCP_000594","SHP_000666","PO_000570","FL_0013","FL","2022-10-29",26,0,"COMPLETE",-1,true
"RCP_000595","SHP_000684","PO_003165","UO_0017","UO","2022-10-29",44,0,"COMPLETE",0,true
"RCP_000596","SHP_000669","PO_003218","BP_0004","BP","2022-10-29",12,0,"COMPLETE",-1,true
"RCP_000597","SHP_000566","PO_006113","BP_0006","BP","2022-10-29",20,0,"PARTIAL",3,true
"RCP_000598","SHP_000663","PO_007043","BP_0008","BP","2022-10-29",194,0,"COMPLETE",0,true
"RCP_000599","SHP_000723","PO_002794","BP_0002","BP","2022-10-29",79,0,"COMPLETE",-1,true
"RCP_000600","SHP_000664","PO_007088","FL_0008","FL","2022-10-29",59,0,"COMPLETE",0,true
"RCP_000601","SHP_000636","PO_007425","BP_0004","BP","2022-10-29",199,0,"COMPLETE",3,true
"RCP_000602","SHP_000500","PO_008415","UO_0001","UO","2022-10-29",76,0,"COMPLETE",8,true
"RCP_000603","SHP_000648","PO_007032","FL_0014","FL","2022-10-29",54,0,"PARTIAL",1,true
"RCP_000604","SHP_000668","PO_002578","FL_0002","FL","2022-10-29",159,0,"COMPLETE",-1,true
"RCP_000605","SHP_000503","PO_009362","BP_0003","BP","2022-10-29",91,0,"COMPLETE",3,true
"RCP_000606","SHP_000640","PO_000524","UO_0001","UO","2022-10-30",22,0,"COMPLETE",0,true
"RCP_000607","SHP_000555","PO_000526","BP_0010","BP","2022-10-30",117,0,"COMPLETE",0,true
"RCP_000608","SHP_000705","PO_008108","UO_0014","UO","2022-10-30",83,2,"PARTIAL",0,true
"RCP_000609","SHP_000550","PO_009236","UO_0015","UO","2022-10-30",194,0,"COMPLETE",6,true
"RCP_000610","SHP_000643","PO_002285","BP_0013","BP","2022-10-30",118,0,"COMPLETE",2,true
"RCP_000611","SHP_000519","PO_009928","BP_0017","BP","2022-10-30",44,0,"COMPLETE",3,true
"RCP_000612","SHP_000670","PO_003226","UO_0014","UO","2022-10-30",98,0,"COMPLETE",2,true
"RCP_000613","SHP_000624","PO_005761","BP_0016","BP","2022-10-30",183,0,"COMPLETE",4,true
"RCP_000614","SHP_000628","PO_009222","FL_0006","FL","2022-10-30",19,0,"COMPLETE",-1,true
"RCP_000615","SHP_000554","PO_000017","BP_0010","BP","2022-10-31",195,0,"COMPLETE",1,true
"RCP_000616","SHP_000651","PO_000397","FL_0002","FL","2022-10-31",16,0,"COMPLETE",2,true
"RCP_000617","SHP_000501","PO_008475","BP_0001","BP","2022-10-31",14,0,"PARTIAL",5,true
"RCP_000618","SHP_000564","PO_005100","FL_0002","FL","2022-10-31",137,0,"PARTIAL",6,true
"RCP_000619","SHP_000543","PO_006462","FL_0018","FL","2022-10-31",91,0,"COMPLETE",7,true
"RCP_000620","SHP_000589","PO_009081","FL_0012","FL","2022-10-31",193,0,"COMPLETE",4,true
"RCP_000621","SHP_000635","PO_006195","FL_0010","FL","2022-10-31",102,0,"COMPLETE",-1,true
"RCP_000622","SHP_000683","PO_002651","BP_0003","BP","2022-10-31",121,0,"COMPLETE",1,true
"RCP_000623","SHP_000591","PO_000788","FL_0012","FL","2022-10-31",92,0,"COMPLETE",2,true
"RCP_000624","SHP_000558","PO_002130","FL_0006","FL","2022-10-31",128,0,"COMPLETE",6,true
"RCP_000625","SHP_000760","PO_000414","BP_0013","BP","2022-11-01",74,0,"COMPLETE",-1,true
"RCP_000626","SHP_000517","PO_008309","BP_0010","BP","2022-11-01",51,0,"COMPLETE",5,true
"RCP_000627","SHP_000680","PO_008340","FL_0001","FL","2022-11-01",116,0,"COMPLETE",2,true
"RCP_000628","SHP_000675","PO_005656","FL_0018","FL","2022-11-01",19,0,"COMPLETE",2,true
"RCP_000629","SHP_000647","PO_006453","FL_0017","FL","2022-11-01",159,0,"COMPLETE",-1,true
"RCP_000630","SHP_000658","PO_006070","BP_0020","BP","2022-11-01",121,0,"COMPLETE",3,true
"RCP_000631","SHP_000646","PO_006172","FL_0019","FL","2022-11-01",107,0,"COMPLETE",-1,true
"RCP_000632","SHP_000632","PO_003828","FL_0002","FL","2022-11-01",166,0,"COMPLETE",0,true
"RCP_000633","SHP_000612","PO_007487","FL_0019","FL","2022-11-01",169,0,"COMPLETE",3,true
"RCP_000634","SHP_000696","PO_002589","BP_0002","BP","2022-11-01",81,0,"COMPLETE",1,true
"RCP_000635","SHP_000474","PO_001596","FL_0009","FL","2022-11-01",151,0,"COMPLETE",12,true
"RCP_000636","SHP_000535","PO_001122","FL_0002","FL","2022-11-01",163,0,"COMPLETE",8,true
"RCP_000637","SHP_000493","PO_004558","FL_0011","FL","2022-11-02",178,0,"COMPLETE",12,true
"RCP_000638","SHP_000716","PO_004751","UO_0004","UO","2022-11-02",110,0,"COMPLETE",2,true
"RCP_000639","SHP_000565","PO_005238","BP_0010","BP","2022-11-02",86,0,"COMPLETE",7,true
"RCP_000640","SHP_000656","PO_005388","FL_0006","FL","2022-11-02",127,0,"PARTIAL",0,true
"RCP_000641","SHP_000742","PO_007701","BP_0008","BP","2022-11-02",58,0,"COMPLETE",2,true
"RCP_000642","SHP_000599","PO_007831","BP_0007","BP","2022-11-02",27,0,"PARTIAL",0,true
"RCP_000643","SHP_000579","PO_007914","FL_0008","FL","2022-11-02",65,0,"COMPLETE",7,true
"RCP_000644","SHP_000546","PO_007961","FL_0005","FL","2022-11-02",168,0,"COMPLETE",9,true
"RCP_000645","SHP_000695","PO_002284","FL_0016","FL","2022-11-02",111,0,"COMPLETE",1,true
"RCP_000646","SHP_000618","PO_002343","FL_0001","FL","2022-11-02",117,0,"COMPLETE",2,true
"RCP_000647","SHP_000652","PO_001441","FL_0008","FL","2022-11-02",18,0,"COMPLETE",0,true
"RCP_000648","SHP_000641","PO_000783","BP_0010","BP","2022-11-02",69,3,"COMPLETE",5,true
"RCP_000649","SHP_000753","PO_006839","BP_0008","BP","2022-11-02",46,0,"PARTIAL",1,true
"RCP_000650","SHP_000738","PO_006243","BP_0016","BP","2022-11-02",65,0,"COMPLETE",-1,true
"RCP_000651","SHP_000607","PO_001708","BP_0012","BP","2022-11-02",74,0,"COMPLETE",3,true
"RCP_000652","SHP_000508","PO_004450","UO_0004","UO","2022-11-02",184,0,"COMPLETE",11,true
"RCP_000653","SHP_000704","PO_007265","UO_0005","UO","2022-11-02",168,0,"COMPLETE",3,true
"RCP_000654","SHP_000560","PO_003457","BP_0008","BP","2022-11-02",132,0,"COMPLETE",3,true
"RCP_000655","SHP_000773","PO_002544","BP_0003","BP","2022-11-02",66,0,"COMPLETE",-1,true
"RCP_000656","SHP_000697","PO_002687","UO_0017","UO","2022-11-02",149,0,"COMPLETE",3,true
"RCP_000657","SHP_000818","PO_000359","UO_0016","UO","2022-11-03",75,0,"COMPLETE",-1,true
"RCP_000658","SHP_000616","PO_008531","FL_0008","FL","2022-11-03",174,6,"COMPLETE",4,true
"RCP_000659","SHP_000600","PO_008101","BP_0013","BP","2022-11-03",114,0,"PARTIAL",5,true
"RCP_000660","SHP_000711","PO_002420","BP_0004","BP","2022-11-03",117,0,"COMPLETE",1,true
"RCP_000661","SHP_000759","PO_009602","BP_0017","BP","2022-11-03",13,0,"COMPLETE",2,true
"RCP_000662","SHP_000671","PO_003352","FL_0013","FL","2022-11-03",80,0,"COMPLETE",0,true
"RCP_000663","SHP_000749","PO_003493","BP_0009","BP","2022-11-03",122,0,"COMPLETE",-1,true
"RCP_000664","SHP_000557","PO_002060","BP_0017","BP","2022-11-03",127,5,"PARTIAL",8,true
"RCP_000665","SHP_000788","PO_010069","BP_0012","BP","2022-11-03",161,0,"COMPLETE",0,true
"RCP_000666","SHP_000582","PO_001397","BP_0010","BP","2022-11-03",136,0,"PARTIAL",2,true
"RCP_000667","SHP_000699","PO_002942","FL_0001","FL","2022-11-03",190,0,"COMPLETE",2,true
"RCP_000668","SHP_000710","PO_002013","FL_0018","FL","2022-11-03",164,8,"COMPLETE",1,true
"RCP_000669","SHP_000676","PO_007140","BP_0006","BP","2022-11-03",77,0,"COMPLETE",5,true
"RCP_000670","SHP_000740","PO_007222","BP_0004","BP","2022-11-03",30,0,"COMPLETE",-1,true
"RCP_000671","SHP_000667","PO_001650","FL_0018","FL","2022-11-03",89,0,"COMPLETE",-1,true
"RCP_000672","SHP_000606","PO_000244","FL_0010","FL","2022-11-04",169,0,"COMPLETE",5,true
"RCP_000673","SHP_000715","PO_004565","FL_0006","FL","2022-11-04",107,0,"COMPLETE",2,true
"RCP_000674","SHP_000717","PO_005115","FL_0005","FL","2022-11-04",13,0,"COMPLETE",2,true
"RCP_000675","SHP_000725","PO_005138","FL_0014","FL","2022-11-04",42,0,"COMPLETE",1,true
"RCP_000676","SHP_000777","PO_003992","BP_0010","BP","2022-11-04",47,0,"COMPLETE",1,true
"RCP_000677","SHP_000601","PO_008294","FL_0005","FL","2022-11-04",170,0,"COMPLETE",7,true
"RCP_000678","SHP_000744","PO_009910","FL_0001","FL","2022-11-04",30,0,"COMPLETE",0,true
"RCP_000679","SHP_000813","PO_006288","BP_0015","BP","2022-11-04",31,0,"COMPLETE",-1,true
"RCP_000680","SHP_000576","PO_006360","BP_0008","BP","2022-11-04",23,0,"COMPLETE",4,true
"RCP_000681","SHP_000620","PO_003263","FL_0003","FL","2022-11-04",63,0,"PARTIAL",5,true
"RCP_000682","SHP_000685","PO_003276","FL_0009","FL","2022-11-04",194,0,"COMPLETE",-1,true
"RCP_000683","SHP_000631","PO_002638","BP_0012","BP","2022-11-04",122,0,"COMPLETE",-1,true
"RCP_000684","SHP_000626","PO_006806","UO_0015","UO","2022-11-04",76,0,"PARTIAL",5,true
"RCP_000685","SHP_000783","PO_007740","BP_0007","BP","2022-11-04",62,0,"PARTIAL",1,true
"RCP_000686","SHP_000768","PO_009961","UO_0020","UO","2022-11-04",192,0,"COMPLETE",0,true
"RCP_000687","SHP_000708","PO_001963","UO_0019","UO","2022-11-04",39,0,"COMPLETE",4,true
"RCP_000688","SHP_000629","PO_000254","UO_0013","UO","2022-11-05",86,0,"COMPLETE",5,true
"RCP_000689","SHP_000614","PO_008196","FL_0007","FL","2022-11-05",133,0,"PARTIAL",7,true
"RCP_000690","SHP_000728","PO_009076","UO_0008","UO","2022-11-05",176,0,"COMPLETE",4,true
"RCP_000691","SHP_000729","PO_009442","FL_0014","FL","2022-11-05",102,0,"COMPLETE",2,true
"RCP_000692","SHP_000588","PO_008995","BP_0012","BP","2022-11-05",12,0,"COMPLETE",4,true
"RCP_000693","SHP_000603","PO_009375","BP_0020","BP","2022-11-05",138,0,"COMPLETE",3,true
"RCP_000694","SHP_000674","PO_004561","BP_0019","BP","2022-11-06",182,0,"COMPLETE",2,true
"RCP_000695","SHP_000756","PO_008730","FL_0007","FL","2022-11-06",136,0,"COMPLETE",1,true
"RCP_000696","SHP_000834","PO_004259","BP_0010","BP","2022-11-06",192,0,"COMPLETE",-1,true
"RCP_000697","SHP_000765","PO_006426","UO_0019","UO","2022-11-06",173,0,"PARTIAL",2,true
"RCP_000698","SHP_000771","PO_002457","FL_0013","FL","2022-11-06",46,0,"COMPLETE",-1,true
"RCP_000699","SHP_000585","PO_003473","FL_0019","FL","2022-11-06",172,0,"COMPLETE",10,true
"RCP_000700","SHP_000672","PO_003772","FL_0016","FL","2022-11-06",107,0,"PARTIAL",2,true
"RCP_000701","SHP_000605","PO_010151","BP_0002","BP","2022-11-06",109,0,"PARTIAL",8,true
"RCP_000702","SHP_000688","PO_008140","FL_0014","FL","2022-11-06",46,0,"COMPLETE",1,true
"RCP_000703","SHP_000784","PO_007741","FL_0014","FL","2022-11-06",167,0,"COMPLETE",-1,true
"RCP_000704","SHP_000832","PO_003197","BP_0005","BP","2022-11-06",121,0,"COMPLETE",-1,true
"RCP_000705","SHP_000751","PO_004912","BP_0014","BP","2022-11-07",146,0,"COMPLETE",3,true
"RCP_000706","SHP_000758","PO_009161","FL_0005","FL","2022-11-07",90,0,"COMPLETE",2,true
"RCP_000707","SHP_000691","PO_009941","FL_0011","FL","2022-11-07",150,0,"COMPLETE",2,true
"RCP_000708","SHP_000659","PO_006152","BP_0005","BP","2022-11-07",177,0,"COMPLETE",0,true
"RCP_000709","SHP_000848","PO_001481","BP_0003","BP","2022-11-07",87,0,"COMPLETE",-1,true
"RCP_000710","SHP_000762","PO_000774","BP_0001","BP","2022-11-07",133,0,"COMPLETE",1,true
"RCP_000711","SHP_000800","PO_006847","FL_0013","FL","2022-11-07",83,0,"COMPLETE",-1,true
"RCP_000712","SHP_000806","PO_001637","UO_0009","UO","2022-11-07",82,0,"PARTIAL",0,true
"RCP_000713","SHP_000793","PO_001895","BP_0017","BP","2022-11-07",118,0,"COMPLETE",0,true
"RCP_000714","SHP_000815","PO_007290","BP_0020","BP","2022-11-07",104,0,"COMPLETE",-1,true
"RCP_000715","SHP_000754","PO_008001","UO_0004","UO","2022-11-07",81,0,"COMPLETE",0,true
"RCP_000716","SHP_000792","PO_001614","BP_0017","BP","2022-11-07",125,0,"COMPLETE",0,true
"RCP_000717","SHP_000713","PO_003807","BP_0009","BP","2022-11-07",150,0,"PARTIAL",0,true
"RCP_000718","SHP_000692","PO_000262","FL_0012","FL","2022-11-08",80,0,"COMPLETE",3,true
"RCP_000719","SHP_000737","PO_005301","BP_0014","BP","2022-11-08",97,0,"PARTIAL",5,true
"RCP_000720","SHP_000622","PO_004843","BP_0012","BP","2022-11-08",92,0,"PARTIAL",4,true
"RCP_000721","SHP_000593","PO_004270","FL_0019","FL","2022-11-08",146,0,"COMPLETE",11,true
"RCP_000722","SHP_000613","PO_007996","BP_0019","BP","2022-11-08",181,0,"COMPLETE",9,true
"RCP_000723","SHP_000801","PO_008139","BP_0015","BP","2022-11-08",81,0,"COMPLETE",0,true
"RCP_000724","SHP_000825","PO_007563","BP_0002","BP","2022-11-08",114,0,"COMPLETE",2,true
"RCP_000725","SHP_000721","PO_000940","UO_0016","UO","2022-11-08",58,0,"PARTIAL",3,true
"RCP_000726","SHP_000693","PO_001923","FL_0014","FL","2022-11-08",85,0,"COMPLETE",2,true
"RCP_000727","SHP_000884","PO_007467","UO_0007","UO","2022-11-08",169,0,"COMPLETE",0,true
"RCP_000728","SHP_000755","PO_008268","UO_0003","UO","2022-11-08",95,0,"COMPLETE",5,true
"RCP_000729","SHP_000805","PO_001568","BP_0009","BP","2022-11-08",71,0,"COMPLETE",-1,true
"RCP_000730","SHP_000700","PO_003616","UO_0015","UO","2022-11-08",52,0,"PARTIAL",5,true
"RCP_000731","SHP_000694","PO_002199","UO_0016","UO","2022-11-08",21,0,"COMPLETE",3,true
"RCP_000732","SHP_000594","PO_004631","FL_0014","FL","2022-11-09",40,0,"PARTIAL",12,true
"RCP_000733","SHP_000790","PO_000383","BP_0012","BP","2022-11-09",199,0,"COMPLETE",2,true
"RCP_000734","SHP_000689","PO_008538","FL_0010","FL","2022-11-09",61,0,"COMPLETE",4,true
"RCP_000735","SHP_000811","PO_005122","UO_0020","UO","2022-11-09",102,0,"COMPLETE",2,true
"RCP_000736","SHP_000735","PO_004094","UO_0001","UO","2022-11-09",99,0,"PARTIAL",1,true
"RCP_000737","SHP_000727","PO_008793","FL_0009","FL","2022-11-09",136,0,"COMPLETE",1,true
"RCP_000738","SHP_000595","PO_005454","FL_0008","FL","2022-11-09",38,0,"PARTIAL",12,true
"RCP_000739","SHP_000657","PO_005581","BP_0007","BP","2022-11-09",63,0,"COMPLETE",2,true
"RCP_000740","SHP_000785","PO_008993","FL_0018","FL","2022-11-09",128,4,"PARTIAL",2,true
"RCP_000741","SHP_000767","PO_009244","BP_0005","BP","2022-11-09",109,0,"COMPLETE",4,true
"RCP_000742","SHP_000679","PO_008283","UO_0001","UO","2022-11-09",76,0,"COMPLETE",6,true
"RCP_000743","SHP_000786","PO_009632","FL_0012","FL","2022-11-09",34,0,"COMPLETE",2,true
"RCP_000744","SHP_000634","PO_005965","FL_0006","FL","2022-11-09",129,0,"COMPLETE",9,true
"RCP_000745","SHP_000770","PO_001443","FL_0008","FL","2022-11-09",137,5,"COMPLETE",2,true
"RCP_000746","SHP_000718","PO_007647","FL_0014","FL","2022-11-09",199,0,"COMPLETE",3,true
"RCP_000747","SHP_000868","PO_004284","BP_0009","BP","2022-11-09",97,0,"COMPLETE",0,true
"RCP_000748","SHP_000644","PO_003635","FL_0016","FL","2022-11-09",132,0,"PARTIAL",8,true
"RCP_000749","SHP_000764","PO_002690","BP_0010","BP","2022-11-09",165,0,"COMPLETE",4,true
"RCP_000750","SHP_000875","PO_001718","BP_0002","BP","2022-11-09",49,0,"COMPLETE",-1,true
"RCP_000751","SHP_000703","PO_004528","FL_0008","FL","2022-11-09",69,0,"PARTIAL",3,true
"RCP_000752","SHP_000803","PO_008639","FL_0019","FL","2022-11-09",96,0,"COMPLETE",1,true
"RCP_000753","SHP_000802","PO_008221","UO_0012","UO","2022-11-09",54,0,"COMPLETE",3,true
"RCP_000754","SHP_000852","PO_004569","BP_0012","BP","2022-11-10",82,0,"COMPLETE",-1,true
"RCP_000755","SHP_000855","PO_005257","BP_0019","BP","2022-11-10",88,0,"COMPLETE",-1,true
"RCP_000756","SHP_000654","PO_004874","FL_0001","FL","2022-11-10",171,0,"COMPLETE",8,true
"RCP_000757","SHP_000743","PO_008622","FL_0017","FL","2022-11-10",18,0,"COMPLETE",1,true
"RCP_000758","SHP_000827","PO_008642","BP_0001","BP","2022-11-10",194,0,"COMPLETE",0,true
"RCP_000759","SHP_000819","PO_000679","FL_0013","FL","2022-11-10",142,0,"COMPLETE",0,true
"RCP_000760","SHP_000789","PO_010094","UO_0014","UO","2022-11-10",128,0,"PARTIAL",5,true
"RCP_000761","SHP_000724","PO_003376","UO_0015","UO","2022-11-10",86,4,"PARTIAL",5,true
"RCP_000762","SHP_000739","PO_007001","FL_0010","FL","2022-11-10",36,0,"PARTIAL",1,true
"RCP_000763","SHP_000863","PO_000895","BP_0003","BP","2022-11-10",116,0,"COMPLETE",1,true
"RCP_000764","SHP_000741","PO_007475","FL_0010","FL","2022-11-10",56,0,"COMPLETE",1,true
"RCP_000765","SHP_000698","PO_002780","BP_0020","BP","2022-11-10",133,0,"PARTIAL",4,true
"RCP_000766","SHP_000707","PO_009876","FL_0019","FL","2022-11-10",51,0,"COMPLETE",4,true
"RCP_000767","SHP_000681","PO_001292","FL_0006","FL","2022-11-10",167,0,"COMPLETE",6,true
"RCP_000768","SHP_000701","PO_004171","FL_0017","FL","2022-11-10",19,0,"COMPLETE",4,true
"RCP_000769","SHP_000655","PO_004890","FL_0002","FL","2022-11-11",54,0,"COMPLETE",9,true
"RCP_000770","SHP_000847","PO_001087","BP_0008","BP","2022-11-11",140,0,"COMPLETE",-1,true
"RCP_000771","SHP_000903","PO_002301","BP_0007","BP","2022-11-11",146,0,"COMPLETE",-1,true
"RCP_000772","SHP_000787","PO_010040","FL_0005","FL","2022-11-11",162,0,"PARTIAL",0,true
"RCP_000773","SHP_000933","PO_005990","UO_0006","UO","2022-11-11",156,0,"COMPLETE",-1,true
"RCP_000774","SHP_000791","PO_000939","UO_0002","UO","2022-11-11",54,0,"PARTIAL",5,true
"RCP_000775","SHP_000857","PO_005811","BP_0004","BP","2022-11-11",39,0,"COMPLETE",-1,true
"RCP_000776","SHP_000850","PO_002829","FL_0006","FL","2022-11-11",110,0,"COMPLETE",-1,true
"RCP_000777","SHP_000766","PO_006911","UO_0013","UO","2022-11-11",69,0,"PARTIAL",3,true
"RCP_000778","SHP_000902","PO_001971","UO_0016","UO","2022-11-11",174,0,"COMPLETE",1,true
"RCP_000779","SHP_000798","PO_005207","BP_0017","BP","2022-11-11",134,0,"COMPLETE",3,true
"RCP_000780","SHP_000841","PO_007133","FL_0014","FL","2022-11-11",164,0,"COMPLETE",0,true
"RCP_000781","SHP_000719","PO_009722","BP_0012","BP","2022-11-11",77,0,"COMPLETE",0,true
"RCP_000782","SHP_000678","PO_008004","FL_0020","FL","2022-11-11",13,0,"COMPLETE",8,true
"RCP_000783","SHP_000782","PO_006660","BP_0020","BP","2022-11-11",131,0,"COMPLETE",4,true
"RCP_000784","SHP_000769","PO_000154","BP_0007","BP","2022-11-12",195,0,"COMPLETE",0,true
"RCP_000785","SHP_000845","PO_000155","FL_0020","FL","2022-11-12",125,3,"COMPLETE",0,true
"RCP_000786","SHP_000750","PO_004138","FL_0013","FL","2022-11-12",81,0,"PARTIAL",3,true
"RCP_000787","SHP_000835","PO_004368","BP_0002","BP","2022-11-12",123,0,"COMPLETE",2,true
"RCP_000788","SHP_000899","PO_007828","BP_0018","BP","2022-11-12",121,0,"COMPLETE",1,true
"RCP_000789","SHP_000757","PO_009033","BP_0007","BP","2022-11-12",80,0,"COMPLETE",2,true
"RCP_000790","SHP_000799","PO_006049","BP_0008","BP","2022-11-12",150,0,"COMPLETE",5,true
"RCP_000791","SHP_000775","PO_003790","FL_0010","FL","2022-11-12",143,0,"COMPLETE",0,true
"RCP_000792","SHP_000838","PO_005746","FL_0001","FL","2022-11-12",145,0,"COMPLETE",1,true
"RCP_000793","SHP_000846","PO_000772","FL_0019","FL","2022-11-12",200,0,"COMPLETE",0,true
"RCP_000794","SHP_000870","PO_007661","UO_0008","UO","2022-11-12",196,0,"COMPLETE",1,true
"RCP_000795","SHP_000662","PO_006865","FL_0002","FL","2022-11-12",66,0,"PARTIAL",10,true
"RCP_000796","SHP_000839","PO_005868","FL_0009","FL","2022-11-12",159,0,"COMPLETE",1,true
"RCP_000797","SHP_000823","PO_006095","FL_0014","FL","2022-11-12",121,0,"COMPLETE",2,true
"RCP_000798","SHP_000722","PO_002699","FL_0019","FL","2022-11-12",39,0,"COMPLETE",4,true
"RCP_000799","SHP_000820","PO_000826","BP_0006","BP","2022-11-12",86,0,"COMPLETE",3,true
"RCP_000800","SHP_000733","PO_001795","BP_0012","BP","2022-11-12",107,0,"PARTIAL",-1,true
"RCP_000801","SHP_000911","PO_000016","BP_0008","BP","2022-11-13",137,0,"COMPLETE",0,true
"RCP_000802","SHP_000922","PO_000091","BP_0016","BP","2022-11-13",176,2,"COMPLETE",-1,true
"RCP_000803","SHP_000844","PO_000106","FL_0020","FL","2022-11-13",200,0,"COMPLETE",1,true
"RCP_000804","SHP_000851","PO_003980","BP_0005","BP","2022-11-13",51,0,"COMPLETE",2,true
"RCP_000805","SHP_000810","PO_004302","UO_0018","UO","2022-11-13",27,0,"PARTIAL",2,true
"RCP_000806","SHP_000645","PO_004470","BP_0004","BP","2022-11-13",119,0,"COMPLETE",11,true
"RCP_000807","SHP_000808","PO_002212","FL_0016","FL","2022-11-13",32,0,"PARTIAL",0,true
"RCP_000808","SHP_000858","PO_005992","FL_0016","FL","2022-11-13",96,0,"COMPLETE",1,true
"RCP_000809","SHP_000807","PO_002033","BP_0006","BP","2022-11-13",113,0,"PARTIAL",4,true
"RCP_000810","SHP_000747","PO_002535","BP_0004","BP","2022-11-13",176,0,"COMPLETE",-1,true
"RCP_000811","SHP_000776","PO_003859","UO_0020","UO","2022-11-13",171,9,"PARTIAL",4,true
"RCP_000812","SHP_000804","PO_001450","UO_0007","UO","2022-11-13",191,0,"COMPLETE",2,true
"RCP_000813","SHP_000809","PO_002685","FL_0007","FL","2022-11-13",29,0,"COMPLETE",-1,true
"RCP_000814","SHP_000925","PO_001647","BP_0020","BP","2022-11-13",76,0,"COMPLETE",-1,true
"RCP_000815","SHP_000836","PO_004886","UO_0009","UO","2022-11-14",67,0,"COMPLETE",5,true
"RCP_000816","SHP_000872","PO_008376","UO_0005","UO","2022-11-14",35,0,"COMPLETE",3,true
"RCP_000817","SHP_000706","PO_008652","BP_0007","BP","2022-11-14",162,0,"COMPLETE",4,true
"RCP_000818","SHP_000714","PO_004468","FL_0004","FL","2022-11-14",19,0,"COMPLETE",8,true
"RCP_000819","SHP_000861","PO_009143","FL_0003","FL","2022-11-14",80,0,"COMPLETE",2,true
"RCP_000820","SHP_000900","PO_009427","UO_0010","UO","2022-11-14",73,0,"COMPLETE",1,true
"RCP_000821","SHP_000877","PO_002452","FL_0002","FL","2022-11-14",90,0,"COMPLETE",0,true
"RCP_000822","SHP_000880","PO_003020","UO_0016","UO","2022-11-14",32,0,"COMPLETE",2,true
"RCP_000823","SHP_000821","PO_003656","FL_0005","FL","2022-11-14",67,0,"PARTIAL",0,true
"RCP_000824","SHP_000682","PO_001340","BP_0003","BP","2022-11-14",21,0,"PARTIAL",5,true
"RCP_000825","SHP_000831","PO_002329","BP_0001","BP","2022-11-14",178,0,"COMPLETE",3,true
"RCP_000826","SHP_000690","PO_009757","BP_0014","BP","2022-11-14",72,0,"PARTIAL",9,true
"RCP_000827","SHP_000702","PO_004360","BP_0004","BP","2022-11-14",123,0,"COMPLETE",4,true
"RCP_000828","SHP_000720","PO_000105","BP_0019","BP","2022-11-15",108,0,"COMPLETE",3,true
"RCP_000829","SHP_000797","PO_004679","BP_0016","BP","2022-11-15",187,0,"PARTIAL",2,true
"RCP_000830","SHP_000780","PO_005289","FL_0019","FL","2022-11-15",56,0,"COMPLETE",3,true
"RCP_000831","SHP_000904","PO_004954","FL_0006","FL","2022-11-15",17,0,"COMPLETE",-1,true
"RCP_000832","SHP_000665","PO_008697","BP_0012","BP","2022-11-15",129,0,"PARTIAL",12,true
"RCP_000833","SHP_000673","PO_004113","FL_0017","FL","2022-11-15",56,0,"COMPLETE",12,true
"RCP_000834","SHP_000864","PO_000961","FL_0019","FL","2022-11-15",59,0,"COMPLETE",2,true
"RCP_000835","SHP_000677","PO_007796","FL_0009","FL","2022-11-15",56,0,"PARTIAL",12,true
"RCP_000836","SHP_000726","PO_007840","BP_0018","BP","2022-11-15",140,0,"COMPLETE",3,true
"RCP_000837","SHP_000923","PO_001104","BP_0009","BP","2022-11-15",108,0,"COMPLETE",1,true
"RCP_000838","SHP_000894","PO_006048","UO_0010","UO","2022-11-15",177,0,"COMPLETE",2,true
"RCP_000839","SHP_000712","PO_003468","FL_0014","FL","2022-11-15",50,0,"COMPLETE",9,true
"RCP_000840","SHP_000876","PO_001916","UO_0015","UO","2022-11-15",184,0,"COMPLETE",3,true
"RCP_000841","SHP_000687","PO_004915","FL_0006","FL","2022-11-16",130,0,"COMPLETE",12,true
"RCP_000842","SHP_000893","PO_004937","UO_0013","UO","2022-11-16",114,0,"PARTIAL",3,true
"RCP_000843","SHP_000886","PO_008581","FL_0012","FL","2022-11-16",59,0,"COMPLETE",2,true
"RCP_000844","SHP_000752","PO_005196","FL_0019","FL","2022-11-16",158,0,"COMPLETE",7,true
"RCP_000845","SHP_000746","PO_002154","UO_0020","UO","2022-11-16",78,0,"PARTIAL",7,true
"RCP_000846","SHP_000921","PO_009736","FL_0007","FL","2022-11-16",68,0,"COMPLETE",-1,true
"RCP_000847","SHP_000881","PO_003231","FL_0006","FL","2022-11-16",163,0,"COMPLETE",2,true
"RCP_000848","SHP_000686","PO_003331","FL_0002","FL","2022-11-16",35,0,"COMPLETE",12,true
"RCP_000849","SHP_000889","PO_001021","UO_0004","UO","2022-11-16",73,0,"COMPLETE",-1,true
"RCP_000850","SHP_000879","PO_002721","FL_0002","FL","2022-11-16",108,0,"COMPLETE",2,true
"RCP_000851","SHP_000843","PO_009542","BP_0013","BP","2022-11-16",20,0,"PARTIAL",5,true
"RCP_000852","SHP_000817","PO_008753","UO_0016","UO","2022-11-16",47,0,"COMPLETE",5,true
"RCP_000853","SHP_000761","PO_000535","FL_0019","FL","2022-11-17",97,0,"COMPLETE",7,true
"RCP_000854","SHP_000882","PO_005105","UO_0016","UO","2022-11-17",50,2,"COMPLETE",5,true
"RCP_000855","SHP_000976","PO_004137","BP_0017","BP","2022-11-17",36,0,"COMPLETE",0,true
"RCP_000856","SHP_000901","PO_001028","FL_0018","FL","2022-11-17",125,0,"COMPLETE",1,true
"RCP_000857","SHP_000910","PO_008303","UO_0016","UO","2022-11-17",49,0,"COMPLETE",3,true
"RCP_000858","SHP_000829","PO_009862","FL_0012","FL","2022-11-17",166,0,"COMPLETE",3,true
"RCP_000859","SHP_000895","PO_006068","BP_0014","BP","2022-11-17",166,0,"COMPLETE",3,true
"RCP_000860","SHP_000906","PO_007376","FL_0013","FL","2022-11-17",109,0,"COMPLETE",1,true
"RCP_000861","SHP_000840","PO_006825","BP_0016","BP","2022-11-17",164,0,"COMPLETE",1,true
"RCP_000862","SHP_000781","PO_005353","BP_0020","BP","2022-11-17",163,0,"COMPLETE",1,true
"RCP_000863","SHP_000734","PO_002811","BP_0015","BP","2022-11-17",123,0,"COMPLETE",4,true
"RCP_000864","SHP_000916","PO_006926","FL_0004","FL","2022-11-17",23,0,"COMPLETE",0,true
"RCP_000865","SHP_000732","PO_001538","BP_0003","BP","2022-11-17",105,0,"COMPLETE",4,true
"RCP_000866","SHP_000730","PO_000350","UO_0008","UO","2022-11-18",42,0,"PARTIAL",10,true
"RCP_000867","SHP_000954","PO_000449","BP_0006","BP","2022-11-18",77,0,"COMPLETE",2,true
"RCP_000868","SHP_000931","PO_005056","FL_0003","FL","2022-11-18",68,0,"COMPLETE",0,true
"RCP_000869","SHP_000887","PO_008686","BP_0020","BP","2022-11-18",122,0,"COMPLETE",5,true
"RCP_000870","SHP_000731","PO_000986","FL_0016","FL","2022-11-18",34,0,"PARTIAL",10,true
"RCP_000871","SHP_000909","PO_008064","FL_0007","FL","2022-11-18",170,0,"COMPLETE",2,true
"RCP_000872","SHP_000958","PO_003076","BP_0005","BP","2022-11-18",119,0,"COMPLETE",2,true
"RCP_000873","SHP_000974","PO_002032","BP_0001","BP","2022-11-18",174,0,"COMPLETE",1,true
"RCP_000874","SHP_000888","PO_008945","UO_0002","UO","2022-11-18",149,0,"PARTIAL",2,true
"RCP_000875","SHP_000709","PO_002000","BP_0019","BP","2022-11-18",32,0,"COMPLETE",11,true
"RCP_000876","SHP_000849","PO_001554","FL_0009","FL","2022-11-18",76,0,"PARTIAL",2,true
"RCP_000877","SHP_000859","PO_006120","FL_0009","FL","2022-11-18",186,0,"COMPLETE",1,true
"RCP_000878","SHP_000794","PO_003424","FL_0005","FL","2022-11-18",197,0,"COMPLETE",6,true
"RCP_000879","SHP_000763","PO_001374","BP_0001","BP","2022-11-18",120,0,"PARTIAL",7,true
"RCP_000880","SHP_001013","PO_007111","BP_0004","BP","2022-11-18",139,0,"PARTIAL",-1,true
"RCP_000881","SHP_000891","PO_002799","UO_0005","UO","2022-11-18",120,0,"PARTIAL",5,true
"RCP_000882","SHP_000830","PO_001666","UO_0019","UO","2022-11-18",30,0,"COMPLETE",5,true
"RCP_000883","SHP_001010","PO_004850","UO_0019","UO","2022-11-19",176,0,"COMPLETE",2,true
"RCP_000884","SHP_000986","PO_008632","BP_0012","BP","2022-11-19",143,0,"COMPLETE",-1,true
"RCP_000885","SHP_000779","PO_004444","FL_0008","FL","2022-11-19",93,0,"COMPLETE",8,true
"RCP_000886","SHP_000920","PO_009651","BP_0014","BP","2022-11-19",158,0,"COMPLETE",3,true
"RCP_000887","SHP_000907","PO_007513","BP_0016","BP","2022-11-19",197,0,"COMPLETE",3,true
"RCP_000888","SHP_000748","PO_002856","FL_0006","FL","2022-11-19",110,0,"COMPLETE",10,true
"RCP_000889","SHP_001001","PO_002065","UO_0018","UO","2022-11-19",68,0,"COMPLETE",2,true
"RCP_000890","SHP_000896","PO_006522","UO_0007","UO","2022-11-19",109,0,"PARTIAL",0,true
"RCP_000891","SHP_000939","PO_010175","BP_0006","BP","2022-11-19",12,0,"COMPLETE",2,true
"RCP_000892","SHP_000833","PO_003602","BP_0012","BP","2022-11-19",158,4,"COMPLETE",3,true
"RCP_000893","SHP_000926","PO_001882","BP_0016","BP","2022-11-19",121,0,"COMPLETE",2,true
"RCP_000894","SHP_000812","PO_005690","BP_0009","BP","2022-11-19",120,0,"COMPLETE",1,true
"RCP_000895","SHP_000898","PO_007243","FL_0011","FL","2022-11-19",129,7,"PARTIAL",0,true
"RCP_000896","SHP_000860","PO_007510","FL_0005","FL","2022-11-19",48,0,"COMPLETE",2,true
"RCP_000897","SHP_000942","PO_004143","FL_0014","FL","2022-11-19",61,0,"COMPLETE",0,true
"RCP_000898","SHP_000897","PO_007238","FL_0019","FL","2022-11-19",22,0,"PARTIAL",-1,true
"RCP_000899","SHP_000828","PO_009576","FL_0012","FL","2022-11-19",170,0,"COMPLETE",4,true
"RCP_000900","SHP_000816","PO_008362","UO_0014","UO","2022-11-20",126,0,"PARTIAL",7,true
"RCP_000901","SHP_000985","PO_008574","BP_0014","BP","2022-11-20",57,0,"COMPLETE",0,true
"RCP_000902","SHP_000826","PO_008627","FL_0018","FL","2022-11-20",50,0,"COMPLETE",6,true
"RCP_000903","SHP_000918","PO_008649","UO_0010","UO","2022-11-20",135,0,"COMPLETE",5,true
"RCP_000904","SHP_000837","PO_005650","FL_0018","FL","2022-11-20",186,7,"COMPLETE",4,true
"RCP_000905","SHP_000745","PO_001029","FL_0018","FL","2022-11-20",76,0,"PARTIAL",11,true
"RCP_000906","SHP_000951","PO_009151","BP_0014","BP","2022-11-20",158,6,"COMPLETE",1,true
"RCP_000907","SHP_001043","PO_009741","BP_0001","BP","2022-11-20",171,0,"COMPLETE",-1,true
"RCP_000908","SHP_000997","PO_009114","BP_0001","BP","2022-11-20",164,0,"PARTIAL",-1,true
"RCP_000909","SHP_000957","PO_001675","UO_0016","UO","2022-11-20",102,0,"COMPLETE",2,true
"RCP_000910","SHP_000928","PO_002686","FL_0017","FL","2022-11-20",92,0,"COMPLETE",2,true
"RCP_000911","SHP_000905","PO_005793","UO_0020","UO","2022-11-20",118,0,"COMPLETE",2,true
"RCP_000912","SHP_000946","PO_005649","FL_0019","FL","2022-11-20",192,0,"COMPLETE",1,true
"RCP_000913","SHP_000774","PO_002597","BP_0006","BP","2022-11-20",130,0,"COMPLETE",4,true
"RCP_000914","SHP_000795","PO_004213","BP_0010","BP","2022-11-20",115,0,"COMPLETE",3,true
"RCP_000915","SHP_000853","PO_004617","UO_0014","UO","2022-11-21",139,0,"PARTIAL",5,true
"RCP_000916","SHP_000978","PO_004774","BP_0003","BP","2022-11-21",173,0,"COMPLETE",0,true
"RCP_000917","SHP_000967","PO_008370","UO_0013","UO","2022-11-21",96,0,"COMPLETE",-1,true
"RCP_000918","SHP_000796","PO_004252","FL_0008","FL","2022-11-21",193,7,"COMPLETE",9,true
"RCP_000919","SHP_001070","PO_001938","UO_0012","UO","2022-11-21",132,0,"PARTIAL",0,true
"RCP_000920","SHP_000778","PO_004260","FL_0010","FL","2022-11-21",148,0,"PARTIAL",10,true
"RCP_000921","SHP_000869","PO_007440","BP_0006","BP","2022-11-21",64,0,"COMPLETE",-1,true
"RCP_000922","SHP_000975","PO_002914","FL_0012","FL","2022-11-21",58,0,"COMPLETE",0,true
"RCP_000923","SHP_000992","PO_007942","FL_0014","FL","2022-11-21",121,6,"COMPLETE",-1,true
"RCP_000924","SHP_000854","PO_005217","BP_0013","BP","2022-11-22",133,0,"PARTIAL",1,true
"RCP_000925","SHP_001032","PO_004029","BP_0019","BP","2022-11-22",45,0,"COMPLETE",1,true
"RCP_000926","SHP_000965","PO_007863","FL_0016","FL","2022-11-22",107,0,"COMPLETE",2,true
"RCP_000927","SHP_001011","PO_006054","FL_0012","FL","2022-11-22",61,0,"COMPLETE",-1,true
"RCP_000928","SHP_000982","PO_006188","BP_0009","BP","2022-11-22",123,0,"COMPLETE",1,true
"RCP_000929","SHP_000988","PO_005837","BP_0013","BP","2022-11-22",175,0,"COMPLETE",0,true
"RCP_000930","SHP_001007","PO_003683","FL_0003","FL","2022-11-22",172,0,"COMPLETE",-1,true
"RCP_000931","SHP_000940","PO_000252","FL_0003","FL","2022-11-23",35,1,"COMPLETE",-1,true
"RCP_000932","SHP_000842","PO_008620","BP_0005","BP","2022-11-23",105,0,"COMPLETE",7,true
"RCP_000933","SHP_000883","PO_005522","FL_0017","FL","2022-11-23",13,0,"PARTIAL",5,true
"RCP_000934","SHP_001071","PO_004197","BP_0016","BP","2022-11-23",91,0,"COMPLETE",0,true
"RCP_000935","SHP_000952","PO_010118","FL_0009","FL","2022-11-23",104,0,"COMPLETE",0,true
"RCP_000936","SHP_000989","PO_006233","FL_0016","FL","2022-11-23",120,0,"COMPLETE",1,true
"RCP_000937","SHP_000964","PO_006324","BP_0009","BP","2022-11-23",74,0,"COMPLETE",4,true
"RCP_000938","SHP_000890","PO_002538","FL_0009","FL","2022-11-23",129,0,"PARTIAL",4,true
"RCP_000939","SHP_000772","PO_002521","FL_0001","FL","2022-11-23",168,0,"COMPLETE",12,true
"RCP_000940","SHP_000960","PO_003904","UO_0005","UO","2022-11-23",170,5,"COMPLETE",5,true
"RCP_000941","SHP_001020","PO_003708","BP_0002","BP","2022-11-23",180,0,"COMPLETE",0,true
"RCP_000942","SHP_001039","PO_008780","BP_0013","BP","2022-11-24",157,0,"COMPLETE",-1,true
"RCP_000943","SHP_001105","PO_005540","BP_0016","BP","2022-11-24",33,0,"PARTIAL",-1,true
"RCP_000944","SHP_000966","PO_007958","UO_0006","UO","2022-11-24",126,0,"COMPLETE",0,true
"RCP_000945","SHP_001034","PO_005966","UO_0017","UO","2022-11-24",23,0,"COMPLETE",1,true
"RCP_000946","SHP_001031","PO_003072","FL_0001","FL","2022-11-24",76,0,"PARTIAL",-1,true
"RCP_000947","SHP_000948","PO_007223","FL_0006","FL","2022-11-24",45,0,"COMPLETE",0,true
"RCP_000948","SHP_000949","PO_007804","UO_0012","UO","2022-11-24",38,0,"PARTIAL",1,true
"RCP_000949","SHP_001050","PO_002405","BP_0015","BP","2022-11-24",182,4,"COMPLETE",2,true
"RCP_000950","SHP_000824","PO_007470","FL_0017","FL","2022-11-24",87,0,"PARTIAL",10,true
"RCP_000951","SHP_000814","PO_007184","BP_0001","BP","2022-11-24",43,0,"COMPLETE",10,true
"RCP_000952","SHP_000990","PO_007279","BP_0013","BP","2022-11-24",141,0,"COMPLETE",3,true
"RCP_000953","SHP_001065","PO_008754","BP_0012","BP","2022-11-24",168,0,"COMPLETE",2,true
"RCP_000954","SHP_001006","PO_003587","BP_0010","BP","2022-11-24",140,0,"COMPLETE",2,true
"RCP_000955","SHP_000915","PO_004061","FL_0014","FL","2022-11-25",89,0,"PARTIAL",3,true
"RCP_000956","SHP_001024","PO_008826","FL_0007","FL","2022-11-25",199,7,"COMPLETE",1,true
"RCP_000957","SHP_000822","PO_005335","UO_0002","UO","2022-11-25",31,0,"PARTIAL",11,true
"RCP_000958","SHP_000873","PO_009400","BP_0006","BP","2022-11-25",15,0,"COMPLETE",3,true
"RCP_000959","SHP_001044","PO_010061","FL_0016","FL","2022-11-25",120,0,"COMPLETE",0,true
"RCP_000960","SHP_001035","PO_006114","UO_0012","UO","2022-11-25",101,0,"COMPLETE",2,true
"RCP_000961","SHP_000866","PO_003349","UO_0014","UO","2022-11-25",149,0,"PARTIAL",8,true
"RCP_000962","SHP_000932","PO_005898","FL_0006","FL","2022-11-25",69,0,"PARTIAL",2,true
"RCP_000963","SHP_001102","PO_001918","BP_0001","BP","2022-11-25",14,1,"COMPLETE",0,true
"RCP_000964","SHP_000936","PO_006940","FL_0006","FL","2022-11-25",171,0,"COMPLETE",2,true
"RCP_000965","SHP_001063","PO_007342","FL_0013","FL","2022-11-25",107,0,"COMPLETE",-1,true
"RCP_000966","SHP_000878","PO_002644","BP_0014","BP","2022-11-25",65,0,"COMPLETE",2,true
"RCP_000967","SHP_001017","PO_001130","FL_0017","FL","2022-11-25",27,0,"COMPLETE",1,true
"RCP_000968","SHP_001023","PO_007248","FL_0019","FL","2022-11-25",188,0,"COMPLETE",1,true
"RCP_000969","SHP_000929","PO_003056","FL_0013","FL","2022-11-25",15,0,"COMPLETE",2,true
"RCP_000970","SHP_000983","PO_006502","FL_0013","FL","2022-11-25",149,0,"PARTIAL",0,true
"RCP_000971","SHP_001037","PO_008072","FL_0008","FL","2022-11-25",123,0,"COMPLETE",0,true
"RCP_000972","SHP_001022","PO_006954","FL_0011","FL","2022-11-25",149,0,"COMPLETE",1,true
"RCP_000973","SHP_001004","PO_002846","FL_0007","FL","2022-11-25",16,0,"COMPLETE",2,true
"RCP_000974","SHP_000953","PO_000089","FL_0019","FL","2022-11-26",163,0,"COMPLETE",1,true
"RCP_000975","SHP_000979","PO_004885","FL_0019","FL","2022-11-26",184,0,"COMPLETE",1,true
"RCP_000976","SHP_000943","PO_004183","UO_0006","UO","2022-11-26",92,0,"COMPLETE",3,true
"RCP_000977","SHP_000856","PO_005382","FL_0018","FL","2022-11-26",128,0,"PARTIAL",10,true
"RCP_000978","SHP_001058","PO_004457","UO_0005","UO","2022-11-26",42,0,"COMPLETE",2,true
"RCP_000979","SHP_001009","PO_004462","UO_0014","UO","2022-11-26",126,0,"COMPLETE",1,true
"RCP_000980","SHP_000950","PO_007865","FL_0007","FL","2022-11-26",124,0,"PARTIAL",3,true
"RCP_000981","SHP_001002","PO_002209","UO_0007","UO","2022-11-26",127,0,"COMPLETE",5,true
"RCP_000982","SHP_000972","PO_000992","BP_0014","BP","2022-11-26",52,0,"PARTIAL",5,true
"RCP_000983","SHP_000987","PO_009059","UO_0015","UO","2022-11-26",74,0,"COMPLETE",3,true
"RCP_000984","SHP_000998","PO_009227","UO_0018","UO","2022-11-26",112,0,"COMPLETE",2,true
"RCP_000985","SHP_001120","PO_006566","BP_0008","BP","2022-11-26",119,0,"COMPLETE",0,true
"RCP_000986","SHP_001179","PO_009540","UO_0014","UO","2022-11-26",115,0,"COMPLETE",-1,true
"RCP_000987","SHP_001081","PO_009379","BP_0009","BP","2022-11-26",97,0,"PARTIAL",-1,true
"RCP_000988","SHP_000993","PO_008002","FL_0001","FL","2022-11-26",119,0,"COMPLETE",-1,true
"RCP_000989","SHP_001121","PO_007234","BP_0001","BP","2022-11-26",80,0,"COMPLETE",0,true
"RCP_000990","SHP_000865","PO_002262","FL_0005","FL","2022-11-26",91,0,"COMPLETE",9,true
"RCP_000991","SHP_001059","PO_004672","UO_0005","UO","2022-11-27",112,0,"COMPLETE",3,true
"RCP_000992","SHP_000945","PO_004893","FL_0016","FL","2022-11-27",15,0,"COMPLETE",4,true
"RCP_000993","SHP_000892","PO_004382","FL_0009","FL","2022-11-27",151,0,"COMPLETE",8,true
"RCP_000994","SHP_001057","PO_004419","BP_0010","BP","2022-11-27",110,0,"COMPLETE",2,true
"RCP_000995","SHP_000908","PO_007913","BP_0012","BP","2022-11-27",84,4,"COMPLETE",2,true
"RCP_000996","SHP_001014","PO_007976","UO_0020","UO","2022-11-27",75,0,"PARTIAL",2,true
"RCP_000997","SHP_001108","PO_008288","BP_0009","BP","2022-11-27",116,0,"COMPLETE",2,true
"RCP_000998","SHP_000963","PO_006229","FL_0017","FL","2022-11-27",90,0,"COMPLETE",3,true
"RCP_000999","SHP_000935","PO_006362","BP_0009","BP","2022-11-27",132,0,"COMPLETE",4,true
"RCP_001000","SHP_001075","PO_006683","FL_0001","FL","2022-11-27",64,0,"COMPLETE",0,true
"RCP_001001","SHP_001106","PO_006768","BP_0003","BP","2022-11-27",186,0,"COMPLETE",2,true
"RCP_001002","SHP_000874","PO_000603","UO_0015","UO","2022-11-27",55,0,"COMPLETE",9,true
"RCP_001003","SHP_001041","PO_009131","BP_0001","BP","2022-11-27",98,0,"PARTIAL",2,true
"RCP_001004","SHP_000912","PO_002147","UO_0012","UO","2022-11-27",14,0,"PARTIAL",6,true
"RCP_001005","SHP_000937","PO_007594","BP_0018","BP","2022-11-27",99,0,"PARTIAL",0,true
"RCP_001006","SHP_000955","PO_000761","FL_0005","FL","2022-11-27",171,0,"COMPLETE",2,true
"RCP_001007","SHP_000919","PO_009514","FL_0001","FL","2022-11-27",173,4,"COMPLETE",5,true
"RCP_001008","SHP_000959","PO_003822","FL_0009","FL","2022-11-27",134,0,"COMPLETE",3,true
"RCP_001009","SHP_000885","PO_008279","FL_0012","FL","2022-11-27",93,0,"COMPLETE",9,true
"RCP_001010","SHP_000867","PO_003824","BP_0013","BP","2022-11-27",28,2,"PARTIAL",9,true
"RCP_001011","SHP_001092","PO_006762","FL_0007","FL","2022-11-27",105,0,"PARTIAL",-1,true
"RCP_001012","SHP_000977","PO_004219","FL_0012","FL","2022-11-27",129,0,"COMPLETE",1,true
"RCP_001013","SHP_001027","PO_000037","BP_0008","BP","2022-11-28",90,0,"COMPLETE",3,true
"RCP_001014","SHP_001117","PO_004642","BP_0008","BP","2022-11-28",80,4,"COMPLETE",2,true
"RCP_001015","SHP_000944","PO_004674","BP_0020","BP","2022-11-28",39,0,"PARTIAL",4,true
"RCP_001016","SHP_001094","PO_008727","FL_0017","FL","2022-11-28",46,3,"PARTIAL",0,true
"RCP_001017","SHP_001033","PO_004255","UO_0004","UO","2022-11-28",167,0,"COMPLETE",1,true
"RCP_001018","SHP_001089","PO_004397","FL_0020","FL","2022-11-28",85,0,"COMPLETE",0,true
"RCP_001019","SHP_001093","PO_007778","FL_0010","FL","2022-11-28",147,0,"COMPLETE",0,true
"RCP_001020","SHP_001049","PO_002207","FL_0002","FL","2022-11-28",80,0,"COMPLETE",2,true
"RCP_001021","SHP_001042","PO_009323","UO_0018","UO","2022-11-28",128,0,"COMPLETE",5,true
"RCP_001022","SHP_001098","PO_009616","FL_0004","FL","2022-11-28",97,0,"COMPLETE",0,true
"RCP_001023","SHP_001054","PO_003659","BP_0007","BP","2022-11-28",19,0,"PARTIAL",3,true
"RCP_001024","SHP_001055","PO_003663","BP_0010","BP","2022-11-28",71,0,"COMPLETE",3,true
"RCP_001025","SHP_001099","PO_009833","FL_0017","FL","2022-11-28",168,0,"COMPLETE",0,true
"RCP_001026","SHP_000956","PO_000765","BP_0014","BP","2022-11-28",40,0,"PARTIAL",3,true
"RCP_001027","SHP_001074","PO_005929","UO_0009","UO","2022-11-28",158,0,"COMPLETE",-1,true
"RCP_001028","SHP_000980","PO_005808","BP_0002","BP","2022-11-28",36,0,"PARTIAL",2,true
"RCP_001029","SHP_001163","PO_009531","BP_0008","BP","2022-11-28",170,0,"COMPLETE",0,true
"RCP_001030","SHP_000930","PO_003209","BP_0004","BP","2022-11-28",96,0,"COMPLETE",5,true
"RCP_001031","SHP_001112","PO_000199","BP_0017","BP","2022-11-29",190,0,"COMPLETE",-1,true
"RCP_001032","SHP_001015","PO_008526","BP_0002","BP","2022-11-29",192,0,"COMPLETE",1,true
"RCP_001033","SHP_001104","PO_005366","FL_0010","FL","2022-11-29",20,0,"COMPLETE",0,true
"RCP_001034","SHP_000871","PO_007919","UO_0012","UO","2022-11-29",110,0,"COMPLETE",12,true
"RCP_001035","SHP_001096","PO_009135","FL_0017","FL","2022-11-29",20,1,"COMPLETE",1,true
"RCP_001036","SHP_001080","PO_009336","FL_0013","FL","2022-11-29",33,0,"COMPLETE",2,true
"RCP_001037","SHP_001174","PO_005958","BP_0006","BP","2022-11-29",149,0,"PARTIAL",0,true
"RCP_001038","SHP_001116","PO_003016","UO_0012","UO","2022-11-29",21,0,"COMPLETE",1,true
"RCP_001039","SHP_001086","PO_003380","FL_0014","FL","2022-11-29",154,0,"COMPLETE",1,true
"RCP_001040","SHP_001079","PO_008912","FL_0008","FL","2022-11-29",134,0,"COMPLETE",2,true
"RCP_001041","SHP_001211","PO_007274","UO_0009","UO","2022-11-29",16,0,"COMPLETE",0,true
"RCP_001042","SHP_001107","PO_007341","FL_0010","FL","2022-11-29",163,0,"COMPLETE",0,true
"RCP_001043","SHP_001158","PO_007653","BP_0017","BP","2022-11-29",100,0,"COMPLETE",1,true
"RCP_001044","SHP_001047","PO_000708","UO_0003","UO","2022-11-29",64,0,"COMPLETE",1,true
"RCP_001045","SHP_001053","PO_003517","UO_0019","UO","2022-11-29",35,0,"PARTIAL",5,true
"RCP_001046","SHP_001195","PO_009756","BP_0003","BP","2022-11-29",172,0,"COMPLETE",-1,true
"RCP_001047","SHP_000971","PO_000591","FL_0013","FL","2022-11-29",133,0,"PARTIAL",4,true
"RCP_001048","SHP_001045","PO_010205","FL_0014","FL","2022-11-29",164,0,"COMPLETE",0,true
"RCP_001049","SHP_001225","PO_006632","UO_0015","UO","2022-11-29",18,0,"COMPLETE",-1,true
"RCP_001050","SHP_000862","PO_000807","UO_0016","UO","2022-11-29",38,0,"PARTIAL",12,true
"RCP_001051","SHP_001072","PO_005041","BP_0002","BP","2022-11-30",108,0,"COMPLETE",4,true
"RCP_001052","SHP_001186","PO_005052","BP_0018","BP","2022-11-30",113,4,"COMPLETE",0,true
"RCP_001053","SHP_001100","PO_000692","FL_0004","FL","2022-11-30",73,0,"COMPLETE",1,true
"RCP_001054","SHP_000924","PO_001180","FL_0006","FL","2022-11-30",119,0,"PARTIAL",8,true
"RCP_001055","SHP_001005","PO_003552","BP_0009","BP","2022-11-30",50,0,"PARTIAL",2,true
"RCP_001056","SHP_001169","PO_002637","BP_0002","BP","2022-11-30",200,0,"COMPLETE",1,true
"RCP_001057","SHP_000969","PO_009537","FL_0003","FL","2022-11-30",167,0,"COMPLETE",6,true
"RCP_001058","SHP_001003","PO_002334","BP_0004","BP","2022-11-30",76,0,"PARTIAL",2,true
"RCP_001059","SHP_000981","PO_006170","BP_0009","BP","2022-11-30",88,0,"COMPLETE",4,true
"RCP_001060","SHP_001067","PO_009830","FL_0002","FL","2022-11-30",60,0,"COMPLETE",-1,true
"RCP_001061","SHP_000938","PO_009518","BP_0005","BP","2022-11-30",161,0,"PARTIAL",3,true
"RCP_001062","SHP_001103","PO_002725","UO_0010","UO","2022-11-30",87,0,"COMPLETE",3,true
"RCP_001063","SHP_001101","PO_000818","FL_0013","FL","2022-11-30",27,0,"COMPLETE",1,true
"RCP_001064","SHP_001180","PO_000705","BP_0017","BP","2022-11-30",75,0,"COMPLETE",0,true
"RCP_001065","SHP_001209","PO_006669","UO_0017","UO","2022-11-30",42,0,"COMPLETE",1,true
"RCP_001066","SHP_000927","PO_002263","BP_0017","BP","2022-11-30",189,0,"COMPLETE",3,true
"RCP_001067","SHP_001060","PO_006047","FL_0017","FL","2022-11-30",174,0,"COMPLETE",-1,true
"RCP_001068","SHP_000994","PO_008960","FL_0001","FL","2022-12-01",182,0,"COMPLETE",4,true
"RCP_001069","SHP_000995","PO_008975","FL_0007","FL","2022-12-01",16,0,"PARTIAL",4,true
"RCP_001070","SHP_001110","PO_009695","FL_0001","FL","2022-12-01",77,0,"COMPLETE",2,true
"RCP_001071","SHP_000914","PO_003583","BP_0002","BP","2022-12-01",116,0,"COMPLETE",5,true
"RCP_001072","SHP_001087","PO_003726","BP_0008","BP","2022-12-01",72,0,"COMPLETE",4,true
"RCP_001073","SHP_001157","PO_007548","FL_0008","FL","2022-12-01",70,0,"COMPLETE",-1,true
"RCP_001074","SHP_001076","PO_007209","BP_0019","BP","2022-12-01",180,0,"COMPLETE",4,true
"RCP_001075","SHP_001000","PO_001137","FL_0013","FL","2022-12-01",41,0,"PARTIAL",4,true
"RCP_001076","SHP_001030","PO_001579","FL_0019","FL","2022-12-01",88,0,"COMPLETE",1,true
"RCP_001077","SHP_001137","PO_009062","FL_0010","FL","2022-12-01",132,0,"COMPLETE",0,true
"RCP_001078","SHP_001046","PO_000385","UO_0017","UO","2022-12-02",148,0,"COMPLETE",4,true
"RCP_001079","SHP_000961","PO_004842","FL_0013","FL","2022-12-02",73,0,"PARTIAL",8,true
"RCP_001080","SHP_001016","PO_009501","BP_0019","BP","2022-12-02",103,0,"COMPLETE",0,true
"RCP_001081","SHP_001061","PO_006217","UO_0005","UO","2022-12-02",135,0,"COMPLETE",4,true
"RCP_001082","SHP_000941","PO_003653","BP_0016","BP","2022-12-02",84,0,"PARTIAL",4,true
"RCP_001083","SHP_000917","PO_007520","FL_0012","FL","2022-12-02",54,0,"COMPLETE",11,true
"RCP_001084","SHP_001012","PO_006831","FL_0017","FL","2022-12-02",91,0,"PARTIAL",5,true
"RCP_001085","SHP_001113","PO_001517","BP_0006","BP","2022-12-02",157,0,"COMPLETE",3,true
"RCP_001086","SHP_000962","PO_005866","BP_0016","BP","2022-12-02",173,0,"COMPLETE",7,true
"RCP_001087","SHP_000913","PO_003187","BP_0010","BP","2022-12-02",106,0,"PARTIAL",10,true
"RCP_001088","SHP_001026","PO_010192","FL_0004","FL","2022-12-02",134,0,"PARTIAL",4,true
"RCP_001089","SHP_001147","PO_002907","FL_0002","FL","2022-12-02",187,0,"COMPLETE",0,true
"RCP_001090","SHP_001240","PO_007404","UO_0004","UO","2022-12-02",137,0,"COMPLETE",1,true
"RCP_001091","SHP_001188","PO_005268","BP_0012","BP","2022-12-03",188,0,"COMPLETE",-1,true
"RCP_001092","SHP_001131","PO_003889","FL_0010","FL","2022-12-03",176,0,"COMPLETE",2,true
"RCP_001093","SHP_001021","PO_003924","FL_0001","FL","2022-12-03",150,0,"COMPLETE",4,true
"RCP_001094","SHP_001133","PO_005044","FL_0014","FL","2022-12-03",50,0,"COMPLETE",2,true
"RCP_001095","SHP_001134","PO_005185","FL_0014","FL","2022-12-03",32,0,"COMPLETE",2,true
"RCP_001096","SHP_001084","PO_002226","FL_0002","FL","2022-12-03",121,0,"COMPLETE",1,true
"RCP_001097","SHP_001138","PO_009097","UO_0018","UO","2022-12-03",16,0,"COMPLETE",4,true
"RCP_001098","SHP_001097","PO_009290","BP_0017","BP","2022-12-03",80,0,"PARTIAL",0,true
"RCP_001099","SHP_001130","PO_002419","BP_0015","BP","2022-12-03",134,0,"COMPLETE",2,true
"RCP_001100","SHP_001051","PO_002973","FL_0002","FL","2022-12-03",145,0,"COMPLETE",2,true
"RCP_001101","SHP_000934","PO_006066","FL_0007","FL","2022-12-03",21,0,"COMPLETE",11,true
"RCP_001102","SHP_001171","PO_003624","UO_0012","UO","2022-12-03",62,0,"COMPLETE",2,true
"RCP_001103","SHP_001184","PO_003871","UO_0001","UO","2022-12-03",163,0,"COMPLETE",1,true
"RCP_001104","SHP_000947","PO_007069","BP_0004","BP","2022-12-03",143,0,"PARTIAL",5,true
"RCP_001105","SHP_001125","PO_009743","UO_0010","UO","2022-12-03",30,0,"COMPLETE",5,true
"RCP_001106","SHP_001048","PO_001522","BP_0018","BP","2022-12-03",90,0,"PARTIAL",2,true
"RCP_001107","SHP_001062","PO_006393","FL_0004","FL","2022-12-03",163,0,"PARTIAL",3,true
"RCP_001108","SHP_001018","PO_002001","BP_0012","BP","2022-12-03",175,0,"COMPLETE",4,true
"RCP_001109","SHP_001162","PO_009370","UO_0004","UO","2022-12-03",33,0,"COMPLETE",-1,true
"RCP_001110","SHP_001183","PO_003370","UO_0007","UO","2022-12-03",138,0,"COMPLETE",1,true
"RCP_001111","SHP_001126","PO_000494","BP_0019","BP","2022-12-04",93,4,"COMPLETE",3,true
"RCP_001112","SHP_001073","PO_005140","FL_0007","FL","2022-12-04",91,0,"COMPLETE",2,true
"RCP_001113","SHP_001238","PO_006518","BP_0013","BP","2022-12-04",98,0,"COMPLETE",1,true
"RCP_001114","SHP_001257","PO_007960","BP_0010","BP","2022-12-04",136,0,"COMPLETE",0,true
"RCP_001115","SHP_000973","PO_001258","FL_0012","FL","2022-12-04",173,0,"COMPLETE",9,true
"RCP_001116","SHP_001189","PO_006359","BP_0001","BP","2022-12-04",111,0,"COMPLETE",1,true
"RCP_001117","SHP_001199","PO_001721","FL_0018","FL","2022-12-04",100,0,"COMPLETE",-1,true
"RCP_001118","SHP_001085","PO_002824","BP_0009","BP","2022-12-04",89,0,"PARTIAL",1,true
"RCP_001119","SHP_001172","PO_004225","FL_0007","FL","2022-12-04",99,0,"COMPLETE",1,true
"RCP_001120","SHP_001025","PO_009312","FL_0012","FL","2022-12-04",148,0,"PARTIAL",6,true
"RCP_001121","SHP_001129","PO_001955","BP_0001","BP","2022-12-04",115,0,"PARTIAL",3,true
"RCP_001122","SHP_001149","PO_003363","FL_0017","FL","2022-12-04",33,0,"COMPLETE",2,true
"RCP_001123","SHP_000970","PO_000198","BP_0004","BP","2022-12-05",33,0,"PARTIAL",5,true
"RCP_001124","SHP_001282","PO_000220","UO_0005","UO","2022-12-05",85,0,"COMPLETE",1,true
"RCP_001125","SHP_001223","PO_004680","FL_0009","FL","2022-12-05",140,0,"COMPLETE",-1,true
"RCP_001126","SHP_001118","PO_005254","BP_0001","BP","2022-12-05",34,0,"COMPLETE",5,true
"RCP_001127","SHP_001314","PO_008367","UO_0004","UO","2022-12-05",150,0,"COMPLETE",0,true
"RCP_001128","SHP_000984","PO_008480","BP_0006","BP","2022-12-05",19,0,"PARTIAL",5,true
"RCP_001129","SHP_001088","PO_004095","FL_0007","FL","2022-12-05",37,0,"PARTIAL",3,true
"RCP_001130","SHP_000999","PO_000675","FL_0006","FL","2022-12-05",61,0,"COMPLETE",8,true
"RCP_001131","SHP_001256","PO_007766","UO_0005","UO","2022-12-05",144,0,"COMPLETE",-1,true
"RCP_001132","SHP_001181","PO_000989","FL_0004","FL","2022-12-05",107,0,"COMPLETE",1,true
"RCP_001133","SHP_001078","PO_008129","BP_0019","BP","2022-12-05",49,0,"COMPLETE",3,true
"RCP_001134","SHP_001040","PO_009060","FL_0006","FL","2022-12-05",133,0,"COMPLETE",5,true
"RCP_001135","SHP_001038","PO_008244","FL_0011","FL","2022-12-05",46,0,"COMPLETE",6,true
"RCP_001136","SHP_001029","PO_001427","FL_0017","FL","2022-12-05",14,0,"COMPLETE",5,true
"RCP_001137","SHP_001213","PO_007546","UO_0016","UO","2022-12-05",139,0,"COMPLETE",2,true
"RCP_001138","SHP_001278","PO_010156","BP_0010","BP","2022-12-05",111,0,"COMPLETE",0,true
"RCP_001139","SHP_001128","PO_001913","BP_0019","BP","2022-12-05",21,0,"COMPLETE",5,true
"RCP_001140","SHP_001142","PO_010017","BP_0014","BP","2022-12-05",111,0,"COMPLETE",4,true
"RCP_001141","SHP_000968","PO_009346","FL_0016","FL","2022-12-05",107,0,"PARTIAL",11,true
"RCP_001142","SHP_001192","PO_009070","FL_0012","FL","2022-12-05",56,0,"COMPLETE",1,true
"RCP_001143","SHP_001203","PO_004140","UO_0013","UO","2022-12-05",187,0,"COMPLETE",2,true
"RCP_001144","SHP_001182","PO_001455","UO_0020","UO","2022-12-05",41,0,"COMPLETE",3,true
"RCP_001145","SHP_001185","PO_004784","FL_0003","FL","2022-12-06",51,0,"COMPLETE",2,true
"RCP_001146","SHP_001064","PO_008383","FL_0007","FL","2022-12-06",169,0,"PARTIAL",6,true
"RCP_001147","SHP_001236","PO_003909","FL_0009","FL","2022-12-06",163,0,"COMPLETE",-1,true
"RCP_001148","SHP_001151","PO_004039","BP_0006","BP","2022-12-06",143,0,"COMPLETE",5,true
"RCP_001149","SHP_001222","PO_004248","BP_0010","BP","2022-12-06",136,0,"PARTIAL",0,true
"RCP_001150","SHP_001090","PO_005212","FL_0013","FL","2022-12-06",124,0,"COMPLETE",4,true
"RCP_001151","SHP_001208","PO_006021","FL_0008","FL","2022-12-06",169,0,"COMPLETE",1,true
"RCP_001152","SHP_001119","PO_006161","FL_0016","FL","2022-12-06",131,3,"PARTIAL",1,true
"RCP_001153","SHP_001066","PO_009216","FL_0006","FL","2022-12-06",48,0,"PARTIAL",5,true
"RCP_001154","SHP_001135","PO_006581","FL_0004","FL","2022-12-06",72,0,"COMPLETE",0,true
"RCP_001155","SHP_001246","PO_000280","BP_0010","BP","2022-12-07",38,0,"COMPLETE",0,true
"RCP_001156","SHP_001227","PO_000451","UO_0013","UO","2022-12-07",135,0,"COMPLETE",2,true
"RCP_001157","SHP_001008","PO_004118","BP_0019","BP","2022-12-07",136,0,"COMPLETE",5,true
"RCP_001158","SHP_001204","PO_004238","UO_0016","UO","2022-12-07",123,0,"PARTIAL",0,true
"RCP_001159","SHP_001159","PO_008090","FL_0013","FL","2022-12-07",99,0,"COMPLETE",1,true
"RCP_001160","SHP_001123","PO_009094","BP_0001","BP","2022-12-07",49,0,"COMPLETE",2,true
"RCP_001161","SHP_001028","PO_001158","BP_0009","BP","2022-12-07",34,0,"COMPLETE",3,true
"RCP_001162","SHP_001166","PO_001186","BP_0017","BP","2022-12-07",120,0,"PARTIAL",5,true
"RCP_001163","SHP_001019","PO_003672","FL_0014","FL","2022-12-07",68,0,"COMPLETE",9,true
"RCP_001164","SHP_000991","PO_007577","BP_0008","BP","2022-12-07",52,0,"PARTIAL",10,true
"RCP_001165","SHP_001300","PO_000817","BP_0018","BP","2022-12-07",97,0,"COMPLETE",0,true
"RCP_001166","SHP_001146","PO_002548","FL_0001","FL","2022-12-07",81,0,"PARTIAL",1,true
"RCP_001167","SHP_001231","PO_002612","FL_0003","FL","2022-12-07",115,0,"COMPLETE",0,true
"RCP_001168","SHP_001243","PO_009829","FL_0016","FL","2022-12-07",92,0,"COMPLETE",0,true
"RCP_001169","SHP_001122","PO_008087","FL_0006","FL","2022-12-07",81,0,"PARTIAL",2,true
"RCP_001170","SHP_001219","PO_001763","FL_0011","FL","2022-12-07",132,0,"COMPLETE",1,true
"RCP_001171","SHP_001082","PO_000281","UO_0005","UO","2022-12-08",89,0,"COMPLETE",6,true
"RCP_001172","SHP_001269","PO_004581","FL_0006","FL","2022-12-08",37,0,"COMPLETE",-1,true
"RCP_001173","SHP_001206","PO_004585","UO_0006","UO","2022-12-08",187,0,"COMPLETE",5,true
"RCP_001174","SHP_001191","PO_008337","UO_0010","UO","2022-12-08",47,0,"COMPLETE",0,true
"RCP_001175","SHP_001141","PO_009851","FL_0008","FL","2022-12-08",41,0,"COMPLETE",2,true
"RCP_001176","SHP_001244","PO_009938","FL_0017","FL","2022-12-08",114,0,"COMPLETE",1,true
"RCP_001177","SHP_001220","PO_003091","FL_0013","FL","2022-12-08",32,0,"COMPLETE",2,true
"RCP_001178","SHP_001250","PO_003609","BP_0020","BP","2022-12-08",17,0,"COMPLETE",0,true
"RCP_001179","SHP_001167","PO_001275","BP_0007","BP","2022-12-08",60,0,"COMPLETE",5,true
"RCP_001180","SHP_000996","PO_009103","FL_0004","FL","2022-12-08",170,0,"COMPLETE",12,true
"RCP_001181","SHP_001267","PO_003200","FL_0016","FL","2022-12-08",32,0,"COMPLETE",-1,true
"RCP_001182","SHP_001216","PO_009746","BP_0014","BP","2022-12-08",34,0,"COMPLETE",3,true
"RCP_001183","SHP_001095","PO_008875","FL_0007","FL","2022-12-08",83,0,"COMPLETE",5,true
"RCP_001184","SHP_001164","PO_000007","UO_0009","UO","2022-12-09",21,0,"COMPLETE",4,true
"RCP_001185","SHP_001305","PO_004298","UO_0009","UO","2022-12-09",113,0,"COMPLETE",0,true
"RCP_001186","SHP_001344","PO_004503","BP_0007","BP","2022-12-09",177,0,"COMPLETE",0,true
"RCP_001187","SHP_001242","PO_009412","FL_0013","FL","2022-12-09",115,0,"PARTIAL",2,true
"RCP_001188","SHP_001148","PO_003033","FL_0016","FL","2022-12-09",80,2,"COMPLETE",3,true
"RCP_001189","SHP_001235","PO_003665","BP_0006","BP","2022-12-09",165,0,"COMPLETE",3,true
"RCP_001190","SHP_001298","PO_008913","FL_0003","FL","2022-12-09",45,0,"COMPLETE",-1,true
"RCP_001191","SHP_001294","PO_007564","FL_0013","FL","2022-12-09",190,0,"COMPLETE",-1,true
"RCP_001192","SHP_001338","PO_002016","BP_0018","BP","2022-12-09",99,0,"COMPLETE",0,true
"RCP_001193","SHP_001210","PO_007082","FL_0013","FL","2022-12-09",161,0,"COMPLETE",0,true
"RCP_001194","SHP_001114","PO_002339","BP_0013","BP","2022-12-09",94,0,"PARTIAL",4,true
"RCP_001195","SHP_001360","PO_003751","UO_0020","UO","2022-12-09",200,0,"COMPLETE",1,true
"RCP_001196","SHP_001293","PO_007423","FL_0009","FL","2022-12-09",186,0,"COMPLETE",-1,true
"RCP_001197","SHP_001168","PO_001699","BP_0008","BP","2022-12-09",74,0,"PARTIAL",1,true
"RCP_001198","SHP_001275","PO_007603","UO_0001","UO","2022-12-09",139,0,"COMPLETE",2,true
"RCP_001199","SHP_001279","PO_000001","UO_0003","UO","2022-12-10",135,0,"COMPLETE",2,true
"RCP_001200","SHP_001263","PO_000370","UO_0019","UO","2022-12-10",76,0,"COMPLETE",-1,true
"RCP_001201","SHP_001306","PO_004746","FL_0020","FL","2022-12-10",28,0,"PARTIAL",-1,true
"RCP_001202","SHP_001247","PO_000507","FL_0005","FL","2022-12-10",87,0,"COMPLETE",2,true
"RCP_001203","SHP_001214","PO_008327","BP_0004","BP","2022-12-10",125,0,"COMPLETE",0,true
"RCP_001204","SHP_001325","PO_004988","UO_0008","UO","2022-12-10",121,4,"PARTIAL",0,true
"RCP_001205","SHP_001109","PO_008541","FL_0011","FL","2022-12-10",63,0,"COMPLETE",7,true
"RCP_001206","SHP_001297","PO_008542","FL_0018","FL","2022-12-10",115,0,"COMPLETE",0,true
"RCP_001207","SHP_001315","PO_008797","FL_0013","FL","2022-12-10",176,0,"COMPLETE",-1,true
"RCP_001208","SHP_001056","PO_004234","UO_0005","UO","2022-12-10",50,0,"PARTIAL",10,true
"RCP_001209","SHP_001224","PO_005596","BP_0016","BP","2022-12-10",70,0,"PARTIAL",4,true
"RCP_001210","SHP_001295","PO_007969","FL_0012","FL","2022-12-10",99,0,"COMPLETE",0,true
"RCP_001211","SHP_001144","PO_001221","FL_0017","FL","2022-12-10",110,0,"PARTIAL",4,true
"RCP_001212","SHP_001291","PO_006118","BP_0018","BP","2022-12-10",44,0,"COMPLETE",0,true
"RCP_001213","SHP_001052","PO_003353","FL_0014","FL","2022-12-10",26,0,"PARTIAL",10,true
"RCP_001214","SHP_001229","PO_001335","UO_0010","UO","2022-12-10",56,0,"COMPLETE",1,true
"RCP_001215","SHP_001230","PO_002138","BP_0015","BP","2022-12-10",159,0,"COMPLETE",3,true
"RCP_001216","SHP_001218","PO_001497","FL_0010","FL","2022-12-10",105,0,"COMPLETE",0,true
"RCP_001217","SHP_001215","PO_009355","BP_0008","BP","2022-12-10",169,0,"COMPLETE",0,true
"RCP_001218","SHP_001287","PO_002801","BP_0001","BP","2022-12-10",75,0,"COMPLETE",0,true
"RCP_001219","SHP_001232","PO_002832","UO_0017","UO","2022-12-10",48,0,"COMPLETE",5,true
"RCP_001220","SHP_001176","PO_007179","FL_0008","FL","2022-12-10",18,0,"COMPLETE",3,true
"RCP_001221","SHP_001124","PO_009664","BP_0006","BP","2022-12-10",64,0,"COMPLETE",1,true
"RCP_001222","SHP_001316","PO_008938","FL_0016","FL","2022-12-10",45,0,"PARTIAL",-1,true
"RCP_001223","SHP_001371","PO_000104","UO_0002","UO","2022-12-11",114,0,"COMPLETE",2,true
"RCP_001224","SHP_001346","PO_005258","UO_0015","UO","2022-12-11",32,0,"COMPLETE",0,true
"RCP_001225","SHP_001361","PO_004838","UO_0010","UO","2022-12-11",113,0,"COMPLETE",-1,true
"RCP_001226","SHP_001289","PO_005507","FL_0005","FL","2022-12-11",157,0,"COMPLETE",1,true
"RCP_001227","SHP_001329","PO_007698","UO_0010","UO","2022-12-11",33,0,"COMPLETE",1,true
"RCP_001228","SHP_001197","PO_000990","FL_0008","FL","2022-12-11",158,0,"PARTIAL",2,true
"RCP_001229","SHP_001264","PO_001035","FL_0003","FL","2022-12-11",58,0,"PARTIAL",2,true
"RCP_001230","SHP_001194","PO_009647","FL_0012","FL","2022-12-11",115,0,"COMPLETE",3,true
"RCP_001231","SHP_001234","PO_003622","BP_0015","BP","2022-12-11",78,0,"COMPLETE",5,true
"RCP_001232","SHP_001251","PO_005658","BP_0001","BP","2022-12-11",105,0,"PARTIAL",4,true
"RCP_001233","SHP_001379","PO_008603","UO_0006","UO","2022-12-11",25,0,"COMPLETE",2,true
"RCP_001234","SHP_001357","PO_001921","BP_0002","BP","2022-12-11",193,0,"COMPLETE",1,true
"RCP_001235","SHP_001363","PO_005851","BP_0016","BP","2022-12-11",27,0,"COMPLETE",1,true
"RCP_001236","SHP_001301","PO_002474","FL_0013","FL","2022-12-11",159,0,"COMPLETE",0,true
"RCP_001237","SHP_001154","PO_006912","FL_0014","FL","2022-12-11",154,0,"PARTIAL",5,true
"RCP_001238","SHP_001111","PO_000191","UO_0005","UO","2022-12-12",39,0,"COMPLETE",8,true
"RCP_001239","SHP_001345","PO_005218","FL_0019","FL","2022-12-12",24,0,"COMPLETE",-1,true
"RCP_001240","SHP_001288","PO_004797","FL_0012","FL","2022-12-12",97,0,"COMPLETE",2,true
"RCP_001241","SHP_001258","PO_008369","FL_0005","FL","2022-12-12",176,0,"COMPLETE",0,true
"RCP_001242","SHP_001349","PO_008830","UO_0019","UO","2022-12-12",56,0,"COMPLETE",1,true
"RCP_001243","SHP_001207","PO_005368","FL_0007","FL","2022-12-12",66,0,"PARTIAL",3,true
"RCP_001244","SHP_001390","PO_005642","BP_0018","BP","2022-12-12",96,0,"COMPLETE",0,true
"RCP_001245","SHP_001173","PO_004496","FL_0003","FL","2022-12-12",188,0,"COMPLETE",5,true
"RCP_001246","SHP_001336","PO_000678","BP_0008","BP","2022-12-12",93,0,"COMPLETE",-1,true
"RCP_001247","SHP_001177","PO_007785","BP_0004","BP","2022-12-12",137,0,"COMPLETE",0,true
"RCP_001248","SHP_001077","PO_007807","FL_0005","FL","2022-12-12",25,0,"COMPLETE",11,true
"RCP_001249","SHP_001139","PO_009288","FL_0013","FL","2022-12-12",142,0,"PARTIAL",7,true
"RCP_001250","SHP_001318","PO_009554","FL_0013","FL","2022-12-12",139,0,"COMPLETE",1,true
"RCP_001251","SHP_001284","PO_001243","FL_0012","FL","2022-12-12",121,0,"COMPLETE",2,true
"RCP_001252","SHP_001221","PO_003832","FL_0001","FL","2022-12-12",38,0,"COMPLETE",2,true
"RCP_001253","SHP_001136","PO_007003","FL_0011","FL","2022-12-12",87,1,"PARTIAL",7,true
"RCP_001254","SHP_001196","PO_000943","FL_0017","FL","2022-12-12",70,0,"COMPLETE",3,true
"RCP_001255","SHP_001326","PO_005934","FL_0009","FL","2022-12-12",167,0,"COMPLETE",0,true
"RCP_001256","SHP_001115","PO_002750","BP_0008","BP","2022-12-12",55,0,"COMPLETE",7,true
"RCP_001257","SHP_001212","PO_007301","FL_0003","FL","2022-12-12",124,0,"COMPLETE",2,true
"RCP_001258","SHP_001156","PO_007479","FL_0001","FL","2022-12-12",125,0,"PARTIAL",6,true
"RCP_001259","SHP_001036","PO_007296","BP_0016","BP","2022-12-12",142,0,"PARTIAL",12,true
"RCP_001260","SHP_001175","PO_006600","FL_0016","FL","2022-12-12",72,0,"COMPLETE",4,true
"RCP_001261","SHP_001334","PO_008935","FL_0016","FL","2022-12-12",81,0,"COMPLETE",0,true
"RCP_001262","SHP_001283","PO_000880","FL_0020","FL","2022-12-12",21,0,"COMPLETE",2,true
"RCP_001263","SHP_001068","PO_010166","FL_0006","FL","2022-12-12",153,0,"COMPLETE",12,true
"RCP_001264","SHP_001145","PO_001676","FL_0017","FL","2022-12-12",47,0,"PARTIAL",6,true
"RCP_001265","SHP_001440","PO_008320","UO_0010","UO","2022-12-12",92,0,"PARTIAL",-1,true
"RCP_001266","SHP_001280","PO_000100","UO_0020","UO","2022-12-13",156,0,"COMPLETE",5,true
"RCP_001267","SHP_001270","PO_004737","UO_0015","UO","2022-12-13",74,0,"COMPLETE",2,true
"RCP_001268","SHP_001333","PO_008743","FL_0007","FL","2022-12-13",105,0,"COMPLETE",1,true
"RCP_001269","SHP_001069","PO_001054","BP_0018","BP","2022-12-13",37,0,"PARTIAL",11,true
"RCP_001270","SHP_001381","PO_009779","BP_0005","BP","2022-12-13",29,0,"COMPLETE",-1,true
"RCP_001271","SHP_001335","PO_008950","FL_0018","FL","2022-12-13",171,0,"COMPLETE",1,true
"RCP_001272","SHP_001083","PO_002134","FL_0014","FL","2022-12-13",111,0,"COMPLETE",11,true
"RCP_001273","SHP_001348","PO_007127","BP_0002","BP","2022-12-13",106,0,"COMPLETE",1,true
"RCP_001274","SHP_001254","PO_007441","UO_0009","UO","2022-12-13",79,0,"COMPLETE",3,true
"RCP_001275","SHP_001385","PO_000737","BP_0017","BP","2022-12-13",131,0,"COMPLETE",1,true
"RCP_001276","SHP_001271","PO_005402","BP_0019","BP","2022-12-13",156,0,"COMPLETE",5,true
"RCP_001277","SHP_001304","PO_002902","UO_0008","UO","2022-12-13",104,0,"COMPLETE",4,true
"RCP_001278","SHP_001354","PO_000780","FL_0005","FL","2022-12-13",16,0,"COMPLETE",-1,true
"RCP_001279","SHP_001302","PO_002540","FL_0009","FL","2022-12-13",170,0,"COMPLETE",2,true
"RCP_001280","SHP_001337","PO_001671","BP_0017","BP","2022-12-13",13,0,"COMPLETE",1,true
"RCP_001281","SHP_001324","PO_003006","UO_0013","UO","2022-12-13",17,0,"COMPLETE",3,true
"RCP_001282","SHP_001190","PO_006629","FL_0001","FL","2022-12-13",54,0,"COMPLETE",5,true
"RCP_001283","SHP_001160","PO_008361","BP_0019","BP","2022-12-14",123,0,"COMPLETE",3,true
"RCP_001284","SHP_001202","PO_004135","FL_0010","FL","2022-12-14",183,0,"COMPLETE",4,true
"RCP_001285","SHP_001178","PO_008772","BP_0018","BP","2022-12-14",176,0,"COMPLETE",2,true
"RCP_001286","SHP_001376","PO_005422","FL_0016","FL","2022-12-14",152,0,"COMPLETE",-1,true
"RCP_001287","SHP_001331","PO_008018","FL_0005","FL","2022-12-14",96,0,"PARTIAL",2,true
"RCP_001288","SHP_001296","PO_008051","BP_0013","BP","2022-12-14",110,0,"COMPLETE",4,true
"RCP_001289","SHP_001378","PO_008180","FL_0017","FL","2022-12-14",132,0,"COMPLETE",-1,true
"RCP_001290","SHP_001351","PO_009438","UO_0012","UO","2022-12-14",106,6,"PARTIAL",3,true
"RCP_001291","SHP_001387","PO_001145","BP_0002","BP","2022-12-14",87,0,"COMPLETE",2,true
"RCP_001292","SHP_001091","PO_006326","BP_0013","BP","2022-12-14",191,0,"COMPLETE",11,true
"RCP_001293","SHP_001143","PO_000918","BP_0018","BP","2022-12-14",108,0,"COMPLETE",7,true
"RCP_001294","SHP_001150","PO_003421","FL_0016","FL","2022-12-14",175,0,"COMPLETE",8,true
"RCP_001295","SHP_001155","PO_007192","BP_0018","BP","2022-12-14",22,0,"COMPLETE",7,true
"RCP_001296","SHP_001285","PO_001784","FL_0016","FL","2022-12-14",23,0,"COMPLETE",-1,true
"RCP_001297","SHP_001358","PO_002096","UO_0007","UO","2022-12-14",84,0,"COMPLETE",2,true
"RCP_001298","SHP_001152","PO_004087","FL_0018","FL","2022-12-14",71,0,"COMPLETE",8,true
"RCP_001299","SHP_001239","PO_007370","BP_0007","BP","2022-12-14",91,0,"COMPLETE",2,true
"RCP_001300","SHP_001311","PO_006779","BP_0003","BP","2022-12-14",126,0,"COMPLETE",3,true
"RCP_001301","SHP_001161","PO_008920","BP_0008","BP","2022-12-14",35,0,"PARTIAL",3,true
"RCP_001302","SHP_001262","PO_000102","UO_0015","UO","2022-12-15",63,0,"COMPLETE",2,true
"RCP_001303","SHP_001153","PO_005228","BP_0013","BP","2022-12-15",179,0,"PARTIAL",8,true
"RCP_001304","SHP_001205","PO_004443","FL_0014","FL","2022-12-15",95,0,"COMPLETE",5,true
"RCP_001305","SHP_001339","PO_002243","FL_0019","FL","2022-12-15",175,0,"COMPLETE",2,true
"RCP_001306","SHP_001374","PO_002356","UO_0004","UO","2022-12-15",33,0,"COMPLETE",2,true
"RCP_001307","SHP_001217","PO_001097","BP_0019","BP","2022-12-15",181,3,"COMPLETE",0,true
"RCP_001308","SHP_001450","PO_006056","BP_0017","BP","2022-12-15",92,0,"COMPLETE",-1,true
"RCP_001309","SHP_001170","PO_002705","FL_0012","FL","2022-12-15",39,0,"PARTIAL",8,true
"RCP_001310","SHP_001261","PO_009710","FL_0018","FL","2022-12-15",114,0,"COMPLETE",2,true
"RCP_001311","SHP_001290","PO_005945","FL_0001","FL","2022-12-15",136,0,"COMPLETE",0,true
"RCP_001312","SHP_001330","PO_007897","BP_0020","BP","2022-12-15",14,0,"COMPLETE",3,true
"RCP_001313","SHP_001140","PO_009529","BP_0018","BP","2022-12-15",138,0,"PARTIAL",9,true
"RCP_001314","SHP_001233","PO_003310","FL_0003","FL","2022-12-15",77,0,"COMPLETE",4,true
"RCP_001315","SHP_001392","PO_007999","FL_0018","FL","2022-12-15",98,0,"COMPLETE",-1,true
"RCP_001316","SHP_001384","PO_000710","FL_0011","FL","2022-12-15",18,0,"COMPLETE",-1,true
"RCP_001317","SHP_001410","PO_001957","BP_0016","BP","2022-12-15",97,0,"COMPLETE",1,true
"RCP_001318","SHP_001237","PO_004591","BP_0009","BP","2022-12-16",67,1,"COMPLETE",0,true
"RCP_001319","SHP_001332","PO_008324","FL_0009","FL","2022-12-16",31,1,"COMPLETE",-1,true
"RCP_001320","SHP_001187","PO_005163","BP_0012","BP","2022-12-16",142,0,"PARTIAL",3,true
"RCP_001321","SHP_001380","PO_008748","BP_0020","BP","2022-12-16",60,0,"COMPLETE",1,true
"RCP_001322","SHP_001403","PO_004394","FL_0011","FL","2022-12-16",112,0,"COMPLETE",-1,true
"RCP_001323","SHP_001406","PO_007708","FL_0006","FL","2022-12-16",83,0,"COMPLETE",-1,true
"RCP_001324","SHP_001200","PO_002364","BP_0005","BP","2022-12-16",114,0,"PARTIAL",2,true
"RCP_001325","SHP_001386","PO_001099","FL_0016","FL","2022-12-16",94,0,"COMPLETE",0,true
"RCP_001326","SHP_001252","PO_006351","FL_0002","FL","2022-12-16",35,0,"COMPLETE",3,true
"RCP_001327","SHP_001198","PO_001366","BP_0001","BP","2022-12-16",37,0,"PARTIAL",6,true
"RCP_001328","SHP_001193","PO_009520","UO_0002","UO","2022-12-16",198,0,"COMPLETE",8,true
"RCP_001329","SHP_001355","PO_000911","UO_0006","UO","2022-12-16",142,0,"PARTIAL",4,true
"RCP_001330","SHP_001322","PO_002062","FL_0019","FL","2022-12-16",38,0,"COMPLETE",-1,true
"RCP_001331","SHP_001463","PO_008845","BP_0020","BP","2022-12-16",147,0,"COMPLETE",-1,true
"RCP_001332","SHP_001228","PO_001213","UO_0004","UO","2022-12-16",157,0,"COMPLETE",5,true
"RCP_001333","SHP_001362","PO_005000","BP_0002","BP","2022-12-16",38,0,"COMPLETE",3,true
"RCP_001334","SHP_001414","PO_003063","BP_0005","BP","2022-12-16",68,0,"COMPLETE",2,true
"RCP_001335","SHP_001373","PO_000746","FL_0016","FL","2022-12-16",147,0,"COMPLETE",1,true
"RCP_001336","SHP_001303","PO_002632","BP_0017","BP","2022-12-16",158,0,"COMPLETE",5,true
"RCP_001337","SHP_001454","PO_000792","BP_0003","BP","2022-12-16",146,0,"COMPLETE",-1,true
"RCP_001338","SHP_001389","PO_005569","FL_0006","FL","2022-12-17",44,0,"COMPLETE",1,true
"RCP_001339","SHP_001395","PO_000959","BP_0014","BP","2022-12-17",47,3,"PARTIAL",0,true
"RCP_001340","SHP_001407","PO_008149","FL_0017","FL","2022-12-17",181,0,"COMPLETE",0,true
"RCP_001341","SHP_001319","PO_000617","UO_0004","UO","2022-12-17",178,0,"COMPLETE",1,true
"RCP_001342","SHP_001366","PO_006647","BP_0009","BP","2022-12-17",191,0,"COMPLETE",4,true
"RCP_001343","SHP_001418","PO_005627","FL_0005","FL","2022-12-17",185,0,"COMPLETE",-1,true
"RCP_001344","SHP_001375","PO_004232","BP_0016","BP","2022-12-17",167,0,"PARTIAL",2,true
"RCP_001345","SHP_001420","PO_006716","BP_0012","BP","2022-12-17",75,0,"COMPLETE",-1,true
"RCP_001346","SHP_001383","PO_000063","BP_0017","BP","2022-12-18",148,0,"PARTIAL",2,true
"RCP_001347","SHP_001307","PO_005177","FL_0004","FL","2022-12-18",167,0,"COMPLETE",2,true
"RCP_001348","SHP_001132","PO_004088","BP_0012","BP","2022-12-18",147,0,"PARTIAL",12,true
"RCP_001349","SHP_001432","PO_004500","BP_0016","BP","2022-12-18",150,0,"COMPLETE",-1,true
"RCP_001350","SHP_001350","PO_009155","UO_0004","UO","2022-12-18",86,0,"COMPLETE",1,true
"RCP_001351","SHP_001127","PO_001089","BP_0007","BP","2022-12-18",56,0,"COMPLETE",12,true
"RCP_001352","SHP_001424","PO_010003","FL_0020","FL","2022-12-18",31,0,"COMPLETE",0,true
"RCP_001353","SHP_001405","PO_006149","BP_0015","BP","2022-12-18",55,0,"COMPLETE",2,true
"RCP_001354","SHP_001430","PO_003796","BP_0013","BP","2022-12-18",150,0,"COMPLETE",0,true
"RCP_001355","SHP_001347","PO_006941","FL_0002","FL","2022-12-18",140,0,"COMPLETE",1,true
"RCP_001356","SHP_001429","PO_003589","BP_0001","BP","2022-12-18",191,0,"COMPLETE",0,true
"RCP_001357","SHP_001266","PO_002899","BP_0002","BP","2022-12-18",34,0,"PARTIAL",4,true
"RCP_001358","SHP_001469","PO_006127","BP_0012","BP","2022-12-18",97,0,"COMPLETE",0,true
"RCP_001359","SHP_001456","PO_002948","UO_0009","UO","2022-12-18",179,0,"COMPLETE",-1,true
"RCP_001360","SHP_001397","PO_001737","FL_0003","FL","2022-12-18",54,0,"COMPLETE",1,true
"RCP_001361","SHP_001441","PO_000927","BP_0019","BP","2022-12-18",192,0,"COMPLETE",2,true
"RCP_001362","SHP_001391","PO_006858","UO_0017","UO","2022-12-18",64,0,"COMPLETE",0,true
"RCP_001363","SHP_001165","PO_000113","BP_0008","BP","2022-12-19",39,0,"COMPLETE",11,true
"RCP_001364","SHP_001393","PO_000120","FL_0005","FL","2022-12-19",127,0,"PARTIAL",2,true
"RCP_001365","SHP_001404","PO_005506","UO_0013","UO","2022-12-19",118,0,"COMPLETE",0,true
"RCP_001366","SHP_001476","PO_001056","BP_0016","BP","2022-12-19",138,0,"COMPLETE",0,true
"RCP_001367","SHP_001369","PO_008021","BP_0009","BP","2022-12-19",87,0,"PARTIAL",5,true
"RCP_001368","SHP_001409","PO_009093","FL_0018","FL","2022-12-19",35,0,"COMPLETE",2,true
"RCP_001369","SHP_001466","PO_000650","UO_0007","UO","2022-12-19",36,1,"COMPLETE",-1,true
"RCP_001370","SHP_001310","PO_006018","FL_0013","FL","2022-12-19",168,0,"PARTIAL",3,true
"RCP_001371","SHP_001457","PO_003715","BP_0002","BP","2022-12-19",134,0,"COMPLETE",2,true
"RCP_001372","SHP_001370","PO_009519","FL_0011","FL","2022-12-19",109,0,"COMPLETE",0,true
"RCP_001373","SHP_001394","PO_000913","FL_0003","FL","2022-12-19",112,0,"PARTIAL",2,true
"RCP_001374","SHP_001443","PO_001589","FL_0010","FL","2022-12-19",144,0,"COMPLETE",-1,true
"RCP_001375","SHP_001292","PO_006920","FL_0016","FL","2022-12-19",111,0,"COMPLETE",4,true
"RCP_001376","SHP_001421","PO_007439","FL_0003","FL","2022-12-19",177,0,"COMPLETE",1,true
"RCP_001377","SHP_001286","PO_001991","BP_0020","BP","2022-12-19",18,0,"PARTIAL",4,true
"RCP_001378","SHP_001272","PO_006317","FL_0016","FL","2022-12-19",78,0,"COMPLETE",6,true
"RCP_001379","SHP_001273","PO_007395","FL_0020","FL","2022-12-19",153,0,"COMPLETE",5,true
"RCP_001380","SHP_001447","PO_004493","FL_0004","FL","2022-12-19",43,0,"COMPLETE",-1,true
"RCP_001381","SHP_001255","PO_007461","FL_0003","FL","2022-12-19",175,0,"COMPLETE",7,true
"RCP_001382","SHP_001416","PO_004753","FL_0012","FL","2022-12-20",22,0,"COMPLETE",2,true
"RCP_001383","SHP_001462","PO_008452","FL_0006","FL","2022-12-20",32,0,"COMPLETE",-1,true
"RCP_001384","SHP_001309","PO_005464","BP_0009","BP","2022-12-20",61,0,"PARTIAL",4,true
"RCP_001385","SHP_001241","PO_008116","UO_0013","UO","2022-12-20",144,0,"COMPLETE",9,true
"RCP_001386","SHP_001277","PO_009858","BP_0017","BP","2022-12-20",58,0,"COMPLETE",6,true
"RCP_001387","SHP_001321","PO_001259","FL_0016","FL","2022-12-20",117,0,"COMPLETE",3,true
"RCP_001388","SHP_001401","PO_002962","BP_0003","BP","2022-12-20",64,0,"PARTIAL",4,true
"RCP_001389","SHP_001480","PO_006323","BP_0020","BP","2022-12-20",29,0,"COMPLETE",1,true
"RCP_001390","SHP_001320","PO_000700","BP_0019","BP","2022-12-20",97,0,"COMPLETE",-1,true
"RCP_001391","SHP_001268","PO_003862","BP_0005","BP","2022-12-20",60,0,"COMPLETE",2,true
"RCP_001392","SHP_001226","PO_007613","FL_0012","FL","2022-12-20",38,0,"COMPLETE",10,true
"RCP_001393","SHP_001281","PO_000219","BP_0001","BP","2022-12-21",92,0,"PARTIAL",6,true
"RCP_001394","SHP_001259","PO_008386","FL_0010","FL","2022-12-21",89,0,"COMPLETE",9,true
"RCP_001395","SHP_001465","PO_009487","FL_0017","FL","2022-12-21",88,0,"COMPLETE",0,true
"RCP_001396","SHP_001444","PO_002371","FL_0001","FL","2022-12-21",71,0,"COMPLETE",1,true
"RCP_001397","SHP_001201","PO_003136","FL_0018","FL","2022-12-21",110,0,"PARTIAL",12,true
"RCP_001398","SHP_001468","PO_005881","UO_0007","UO","2022-12-21",130,0,"PARTIAL",1,true
"RCP_001399","SHP_001398","PO_001978","FL_0017","FL","2022-12-21",166,0,"COMPLETE",-1,true
"RCP_001400","SHP_001436","PO_006525","UO_0010","UO","2022-12-21",162,2,"COMPLETE",4,true
"RCP_001401","SHP_001438","PO_007266","UO_0015","UO","2022-12-21",25,0,"COMPLETE",4,true
"RCP_001402","SHP_001328","PO_007466","BP_0018","BP","2022-12-21",192,0,"COMPLETE",0,true
"RCP_001403","SHP_001245","PO_010131","FL_0017","FL","2022-12-21",194,0,"COMPLETE",10,true
"RCP_001404","SHP_001483","PO_007522","UO_0019","UO","2022-12-21",113,0,"COMPLETE",0,true
"RCP_001405","SHP_001317","PO_009307","FL_0002","FL","2022-12-21",53,0,"COMPLETE",5,true
"RCP_001406","SHP_001453","PO_000265","FL_0013","FL","2022-12-22",176,0,"COMPLETE",1,true
"RCP_001407","SHP_001458","PO_004878","FL_0018","FL","2022-12-22",114,0,"COMPLETE",1,true
"RCP_001408","SHP_001449","PO_004888","FL_0014","FL","2022-12-22",198,0,"COMPLETE",2,true
"RCP_001409","SHP_001343","PO_004154","BP_0010","BP","2022-12-22",44,0,"PARTIAL",4,true
"RCP_001410","SHP_001313","PO_007926","BP_0006","BP","2022-12-22",55,0,"COMPLETE",6,true
"RCP_001411","SHP_001253","PO_006892","BP_0009","BP","2022-12-22",188,0,"COMPLETE",5,true
"RCP_001412","SHP_001274","PO_007476","BP_0009","BP","2022-12-22",85,0,"PARTIAL",4,true
"RCP_001413","SHP_001437","PO_006685","UO_0018","UO","2022-12-22",57,0,"PARTIAL",1,true
"RCP_001414","SHP_001428","PO_003192","BP_0012","BP","2022-12-22",23,0,"COMPLETE",4,true
"RCP_001415","SHP_001489","PO_000027","FL_0010","FL","2022-12-23",76,1,"COMPLETE",-1,true
"RCP_001416","SHP_001532","PO_000117","UO_0001","UO","2022-12-23",64,0,"COMPLETE",2,true
"RCP_001417","SHP_001419","PO_006452","FL_0013","FL","2022-12-23",177,0,"COMPLETE",1,true
"RCP_001418","SHP_001427","PO_002255","UO_0005","UO","2022-12-23",30,0,"PARTIAL",2,true
"RCP_001419","SHP_001356","PO_001039","BP_0014","BP","2022-12-23",23,0,"PARTIAL",4,true
"RCP_001420","SHP_001439","PO_008189","UO_0018","UO","2022-12-23",100,0,"COMPLETE",2,true
"RCP_001421","SHP_001276","PO_009676","BP_0014","BP","2022-12-23",54,0,"COMPLETE",5,true
"RCP_001422","SHP_001377","PO_006334","FL_0014","FL","2022-12-23",49,0,"COMPLETE",3,true
"RCP_001423","SHP_001497","PO_006353","FL_0006","FL","2022-12-23",23,0,"COMPLETE",-1,true
"RCP_001424","SHP_001249","PO_003405","FL_0010","FL","2022-12-23",97,3,"COMPLETE",11,true
"RCP_001425","SHP_001265","PO_001811","FL_0002","FL","2022-12-23",18,0,"COMPLETE",10,true
"RCP_001426","SHP_001400","PO_002574","UO_0014","UO","2022-12-23",123,0,"PARTIAL",4,true
"RCP_001427","SHP_001460","PO_007438","FL_0020","FL","2022-12-23",20,0,"COMPLETE",2,true
"RCP_001428","SHP_001248","PO_001456","FL_0007","FL","2022-12-23",190,0,"COMPLETE",11,true
"RCP_001429","SHP_001496","PO_006088","FL_0008","FL","2022-12-23",65,0,"COMPLETE",-1,true
"RCP_001430","SHP_001425","PO_000205","BP_0015","BP","2022-12-24",59,3,"PARTIAL",0,true
"RCP_001431","SHP_001434","PO_004781","FL_0016","FL","2022-12-24",184,0,"COMPLETE",0,true
"RCP_001432","SHP_001417","PO_004953","UO_0012","UO","2022-12-24",70,0,"COMPLETE",4,true
"RCP_001433","SHP_001260","PO_008701","BP_0002","BP","2022-12-24",63,0,"COMPLETE",11,true
"RCP_001434","SHP_001562","PO_005407","UO_0017","UO","2022-12-24",98,0,"COMPLETE",1,true
"RCP_001435","SHP_001514","PO_000948","BP_0003","BP","2022-12-24",37,0,"PARTIAL",-1,true
"RCP_001436","SHP_001536","PO_002149","BP_0008","BP","2022-12-24",112,0,"COMPLETE",1,true
"RCP_001437","SHP_001382","PO_009884","BP_0018","BP","2022-12-24",78,0,"COMPLETE",4,true
"RCP_001438","SHP_001299","PO_010036","FL_0009","FL","2022-12-24",26,0,"COMPLETE",10,true
"RCP_001439","SHP_001359","PO_003267","FL_0001","FL","2022-12-24",58,0,"COMPLETE",5,true
"RCP_001440","SHP_001482","PO_007368","UO_0002","UO","2022-12-24",85,0,"PARTIAL",3,true
"RCP_001441","SHP_001340","PO_002821","FL_0014","FL","2022-12-24",107,0,"PARTIAL",7,true
"RCP_001442","SHP_001452","PO_010204","FL_0001","FL","2022-12-24",130,0,"COMPLETE",0,true
"RCP_001443","SHP_001388","PO_002563","FL_0007","FL","2022-12-24",28,0,"COMPLETE",4,true
"RCP_001444","SHP_001509","PO_005848","FL_0002","FL","2022-12-24",171,0,"COMPLETE",-1,true
"RCP_001445","SHP_001308","PO_005246","BP_0017","BP","2022-12-24",72,0,"COMPLETE",4,true
"RCP_001446","SHP_001518","PO_002663","BP_0005","BP","2022-12-24",169,0,"COMPLETE",2,true
"RCP_001447","SHP_001533","PO_000408","UO_0001","UO","2022-12-25",137,0,"PARTIAL",0,true
"RCP_001448","SHP_001601","PO_008606","UO_0002","UO","2022-12-25",193,0,"COMPLETE",-1,true
"RCP_001449","SHP_001364","PO_006476","UO_0016","UO","2022-12-25",122,2,"PARTIAL",7,true
"RCP_001450","SHP_001342","PO_003393","FL_0009","FL","2022-12-25",102,0,"COMPLETE",8,true
"RCP_001451","SHP_001498","PO_007256","FL_0018","FL","2022-12-25",71,0,"COMPLETE",1,true
"RCP_001452","SHP_001312","PO_007626","FL_0010","FL","2022-12-25",181,0,"COMPLETE",10,true
"RCP_001453","SHP_001567","PO_001844","BP_0013","BP","2022-12-25",157,0,"COMPLETE",-1,true
"RCP_001454","SHP_001327","PO_007141","BP_0010","BP","2022-12-25",180,0,"COMPLETE",8,true
"RCP_001455","SHP_001523","PO_006301","UO_0018","UO","2022-12-25",89,0,"PARTIAL",1,true
"RCP_001456","SHP_001486","PO_009250","UO_0008","UO","2022-12-25",90,0,"COMPLETE",4,true
"RCP_001457","SHP_001512","PO_010137","BP_0020","BP","2022-12-25",188,0,"COMPLETE",0,true
"RCP_001458","SHP_001399","PO_002381","FL_0020","FL","2022-12-25",101,0,"PARTIAL",4,true
"RCP_001459","SHP_001503","PO_000082","UO_0008","UO","2022-12-26",121,0,"COMPLETE",-1,true
"RCP_001460","SHP_001435","PO_005727","FL_0002","FL","2022-12-26",123,5,"COMPLETE",3,true
"RCP_001461","SHP_001583","PO_007054","UO_0002","UO","2022-12-26",51,0,"COMPLETE",1,true
"RCP_001462","SHP_001527","PO_007547","UO_0004","UO","2022-12-26",134,0,"COMPLETE",2,true
"RCP_001463","SHP_001412","PO_002500","FL_0014","FL","2022-12-26",82,0,"PARTIAL",4,true
"RCP_001464","SHP_001402","PO_004288","UO_0001","UO","2022-12-26",48,0,"COMPLETE",5,true
"RCP_001465","SHP_001446","PO_003750","FL_0017","FL","2022-12-26",157,0,"PARTIAL",2,true
"RCP_001466","SHP_001492","PO_002261","FL_0006","FL","2022-12-26",61,0,"COMPLETE",2,true
"RCP_001467","SHP_001352","PO_009626","FL_0008","FL","2022-12-26",133,0,"PARTIAL",9,true
"RCP_001468","SHP_001553","PO_001440","BP_0002","BP","2022-12-26",104,0,"COMPLETE",1,true
"RCP_001469","SHP_001448","PO_004588","FL_0001","FL","2022-12-27",98,0,"COMPLETE",3,true
"RCP_001470","SHP_001522","PO_004948","UO_0020","UO","2022-12-27",41,0,"COMPLETE",-1,true
"RCP_001471","SHP_001422","PO_008532","FL_0017","FL","2022-12-27",71,0,"PARTIAL",4,true
"RCP_001472","SHP_001621","PO_008201","UO_0019","UO","2022-12-27",200,0,"COMPLETE",0,true
"RCP_001473","SHP_001396","PO_001083","FL_0013","FL","2022-12-27",173,0,"COMPLETE",5,true
"RCP_001474","SHP_001594","PO_006223","UO_0013","UO","2022-12-27",81,0,"COMPLETE",1,true
"RCP_001475","SHP_001535","PO_000941","BP_0015","BP","2022-12-27",40,0,"COMPLETE",1,true
"RCP_001476","SHP_001426","PO_000855","FL_0003","FL","2022-12-27",67,0,"PARTIAL",4,true
"RCP_001477","SHP_001353","PO_009714","BP_0002","BP","2022-12-27",142,6,"PARTIAL",5,true
"RCP_001478","SHP_001484","PO_007802","FL_0006","FL","2022-12-27",23,0,"COMPLETE",-1,true
"RCP_001479","SHP_001471","PO_007657","BP_0013","BP","2022-12-27",64,0,"COMPLETE",5,true
"RCP_001480","SHP_001368","PO_007340","FL_0002","FL","2022-12-27",102,2,"COMPLETE",9,true
"RCP_001481","SHP_001433","PO_004641","FL_0008","FL","2022-12-28",36,0,"PARTIAL",4,true
"RCP_001482","SHP_001613","PO_005261","UO_0013","UO","2022-12-28",144,0,"COMPLETE",1,true
"RCP_001483","SHP_001622","PO_008406","BP_0018","BP","2022-12-28",180,0,"COMPLETE",-1,true
"RCP_001484","SHP_001561","PO_005154","FL_0006","FL","2022-12-28",61,0,"COMPLETE",-1,true
"RCP_001485","SHP_001547","PO_005333","UO_0012","UO","2022-12-28",72,0,"PARTIAL",2,true
"RCP_001486","SHP_001552","PO_001003","UO_0014","UO","2022-12-28",123,0,"PARTIAL",1,true
"RCP_001487","SHP_001624","PO_009505","BP_0008","BP","2022-12-28",154,0,"COMPLETE",-1,true
"RCP_001488","SHP_001445","PO_003662","FL_0010","FL","2022-12-28",182,0,"COMPLETE",4,true
"RCP_001489","SHP_001464","PO_008882","FL_0007","FL","2022-12-28",118,0,"PARTIAL",3,true
"RCP_001490","SHP_001491","PO_000887","FL_0018","FL","2022-12-28",20,0,"PARTIAL",0,true
"RCP_001491","SHP_001513","PO_000916","BP_0001","BP","2022-12-28",65,0,"PARTIAL",3,true
"RCP_001492","SHP_001475","PO_000585","BP_0001","BP","2022-12-28",14,0,"COMPLETE",5,true
"RCP_001493","SHP_001423","PO_008567","BP_0012","BP","2022-12-28",26,0,"COMPLETE",1,true
"RCP_001494","SHP_001558","PO_002992","FL_0017","FL","2022-12-28",145,0,"COMPLETE",-1,true
"RCP_001495","SHP_001506","PO_002622","UO_0003","UO","2022-12-28",92,0,"COMPLETE",1,true
"RCP_001496","SHP_001411","PO_002408","BP_0007","BP","2022-12-28",199,0,"COMPLETE",1,true
"RCP_001497","SHP_001365","PO_006532","FL_0018","FL","2022-12-28",146,0,"COMPLETE",10,true
"RCP_001498","SHP_001451","PO_007379","FL_0014","FL","2022-12-28",198,0,"COMPLETE",4,true
"RCP_001499","SHP_001546","PO_005317","FL_0018","FL","2022-12-29",49,0,"COMPLETE",1,true
"RCP_001500","SHP_001581","PO_005323","BP_0008","BP","2022-12-29",123,0,"COMPLETE",-1,true
"RCP_001501","SHP_001549","PO_008350","FL_0003","FL","2022-12-29",83,0,"COMPLETE",1,true
"RCP_001502","SHP_001534","PO_000553","BP_0004","BP","2022-12-29",90,0,"COMPLETE",3,true
"RCP_001503","SHP_001341","PO_003096","FL_0008","FL","2022-12-29",179,0,"COMPLETE",12,true
"RCP_001504","SHP_001564","PO_007278","FL_0012","FL","2022-12-29",151,0,"COMPLETE",0,true
"RCP_001505","SHP_001502","PO_009573","UO_0009","UO","2022-12-29",97,0,"PARTIAL",1,true
"RCP_001506","SHP_001323","PO_002471","BP_0003","BP","2022-12-29",89,5,"PARTIAL",12,true
"RCP_001507","SHP_001586","PO_010152","UO_0002","UO","2022-12-29",30,0,"COMPLETE",0,true
"RCP_001508","SHP_001505","PO_002561","BP_0018","BP","2022-12-29",13,0,"COMPLETE",4,true
"RCP_001509","SHP_001372","PO_000286","BP_0008","BP","2022-12-30",45,0,"PARTIAL",10,true
"RCP_001510","SHP_001495","PO_005225","UO_0017","UO","2022-12-30",75,0,"COMPLETE",2,true
"RCP_001511","SHP_001579","PO_004479","BP_0010","BP","2022-12-30",78,0,"COMPLETE",0,true
"RCP_001512","SHP_001473","PO_009801","FL_0018","FL","2022-12-30",192,0,"COMPLETE",3,true
"RCP_001513","SHP_001511","PO_009890","UO_0013","UO","2022-12-30",104,0,"COMPLETE",3,true
"RCP_001514","SHP_001614","PO_007136","BP_0007","BP","2022-12-30",101,0,"COMPLETE",1,true
"RCP_001515","SHP_001367","PO_007295","FL_0009","FL","2022-12-30",95,0,"COMPLETE",12,true
"RCP_001516","SHP_001556","PO_001879","UO_0007","UO","2022-12-30",61,0,"COMPLETE",-1,true
"RCP_001517","SHP_001588","PO_001715","BP_0007","BP","2022-12-30",166,0,"COMPLETE",2,true
"RCP_001518","SHP_001479","PO_005561","FL_0003","FL","2022-12-30",107,0,"COMPLETE",3,true
"RCP_001519","SHP_001565","PO_000922","FL_0017","FL","2022-12-30",78,0,"COMPLETE",0,true
"RCP_001520","SHP_001487","PO_009718","FL_0017","FL","2022-12-30",52,0,"PARTIAL",3,true
"RCP_001521","SHP_001542","PO_000974","FL_0001","FL","2022-12-30",45,0,"COMPLETE",2,true
"RCP_001522","SHP_001647","PO_002584","BP_0009","BP","2022-12-30",197,0,"COMPLETE",-1,true
"RCP_001523","SHP_001499","PO_007348","FL_0009","FL","2022-12-30",181,0,"COMPLETE",2,true
"RCP_001524","SHP_001490","PO_000182","FL_0009","FL","2022-12-31",37,0,"COMPLETE",2,true
"RCP_001525","SHP_001541","PO_000278","BP_0017","BP","2022-12-31",135,6,"COMPLETE",3,true
"RCP_001526","SHP_001528","PO_008332","FL_0010","FL","2022-12-31",93,0,"COMPLETE",0,true
"RCP_001527","SHP_001415","PO_003971","FL_0006","FL","2022-12-31",92,0,"COMPLETE",9,true
"RCP_001528","SHP_001600","PO_008597","FL_0005","FL","2022-12-31",128,0,"COMPLETE",-1,true
"RCP_001529","SHP_001580","PO_005123","FL_0013","FL","2022-12-31",162,0,"COMPLETE",0,true
"RCP_001530","SHP_001593","PO_005605","BP_0004","BP","2022-12-31",136,4,"COMPLETE",-1,true
"RCP_001531","SHP_001431","PO_004322","FL_0018","FL","2022-12-31",56,0,"COMPLETE",8,true
"RCP_001532","SHP_001575","PO_002191","FL_0003","FL","2022-12-31",170,0,"COMPLETE",0,true
"RCP_001533","SHP_001461","PO_008091","FL_0013","FL","2022-12-31",68,0,"PARTIAL",6,true
"RCP_001534","SHP_001590","PO_002424","UO_0010","UO","2022-12-31",83,0,"COMPLETE",1,true
"RCP_001535","SHP_001568","PO_002728","FL_0019","FL","2022-12-31",156,0,"COMPLETE",1,true
"RCP_001536","SHP_001666","PO_004529","BP_0006","BP","2022-12-31",187,0,"COMPLETE",-1,true
"RCP_001537","SHP_001543","PO_003185","UO_0006","UO","2022-12-31",51,0,"COMPLETE",5,true
"RCP_001538","SHP_001459","PO_007137","FL_0007","FL","2022-12-31",124,0,"PARTIAL",5,true
"RCP_001539","SHP_001574","PO_000847","FL_0006","FL","2022-12-31",31,0,"COMPLETE",0,true
"RCP_001540","SHP_001519","PO_004127","FL_0014","FL","2022-12-31",89,0,"PARTIAL",1,true
"RCP_001541","SHP_001537","PO_004527","FL_0008","FL","2022-12-31",170,8,"COMPLETE",-1,true
"RCP_001542","SHP_001477","PO_002887","BP_0016","BP","2022-12-31",34,0,"COMPLETE",-1,true
"RCP_001543","SHP_001478","PO_004616","BP_0002","BP","2023-01-01",66,0,"PARTIAL",4,true
"RCP_001544","SHP_001604","PO_000400","FL_0007","FL","2023-01-01",113,0,"COMPLETE",-1,true
"RCP_001545","SHP_001504","PO_000499","FL_0005","FL","2023-01-01",108,0,"COMPLETE",2,true
"RCP_001546","SHP_001578","PO_004032","FL_0011","FL","2023-01-01",17,0,"COMPLETE",1,true
"RCP_001547","SHP_001408","PO_009043","FL_0020","FL","2023-01-01",130,0,"PARTIAL",11,true
"RCP_001548","SHP_001470","PO_006408","FL_0003","FL","2023-01-01",185,0,"COMPLETE",6,true
"RCP_001549","SHP_001617","PO_007680","FL_0016","FL","2023-01-01",195,0,"COMPLETE",-1,true
"RCP_001550","SHP_001626","PO_001894","BP_0003","BP","2023-01-01",187,0,"COMPLETE",-1,true
"RCP_001551","SHP_001616","PO_007336","BP_0005","BP","2023-01-01",68,0,"COMPLETE",-1,true
"RCP_001552","SHP_001413","PO_002502","BP_0016","BP","2023-01-01",146,0,"COMPLETE",5,true
"RCP_001553","SHP_001539","PO_007381","FL_0002","FL","2023-01-01",72,0,"COMPLETE",1,true
"RCP_001554","SHP_001516","PO_001645","UO_0017","UO","2023-01-01",19,1,"COMPLETE",4,true
"RCP_001555","SHP_001521","PO_004877","BP_0001","BP","2023-01-02",26,0,"PARTIAL",2,true
"RCP_001556","SHP_001599","PO_007769","UO_0007","UO","2023-01-02",56,0,"COMPLETE",-1,true
"RCP_001557","SHP_001640","PO_007889","FL_0003","FL","2023-01-02",145,0,"COMPLETE",-1,true
"RCP_001558","SHP_001603","PO_009391","UO_0002","UO","2023-01-02",116,0,"COMPLETE",3,true
"RCP_001559","SHP_001442","PO_001151","FL_0019","FL","2023-01-02",18,0,"COMPLETE",9,true
"RCP_001560","SHP_001488","PO_009841","FL_0016","FL","2023-01-02",178,0,"COMPLETE",6,true
"RCP_001561","SHP_001611","PO_003619","UO_0003","UO","2023-01-02",94,0,"COMPLETE",2,true
"RCP_001562","SHP_001493","PO_002735","BP_0009","BP","2023-01-02",48,0,"COMPLETE",0,true
"RCP_001563","SHP_001524","PO_006749","FL_0020","FL","2023-01-02",131,0,"PARTIAL",3,true
"RCP_001564","SHP_001481","PO_006785","FL_0016","FL","2023-01-02",121,0,"COMPLETE",6,true
"RCP_001565","SHP_001515","PO_001309","BP_0006","BP","2023-01-02",155,0,"PARTIAL",2,true
"RCP_001566","SHP_001577","PO_003252","FL_0005","FL","2023-01-02",131,0,"COMPLETE",2,true
"RCP_001567","SHP_001569","PO_006863","BP_0012","BP","2023-01-02",82,0,"COMPLETE",3,true
"RCP_001568","SHP_001571","PO_008735","BP_0012","BP","2023-01-03",126,0,"COMPLETE",4,true
"RCP_001569","SHP_001606","PO_000969","FL_0006","FL","2023-01-03",82,0,"COMPLETE",1,true
"RCP_001570","SHP_001734","PO_007955","UO_0003","UO","2023-01-03",42,0,"COMPLETE",-1,true
"RCP_001571","SHP_001507","PO_005336","FL_0013","FL","2023-01-03",159,0,"COMPLETE",4,true
"RCP_001572","SHP_001649","PO_006541","FL_0013","FL","2023-01-03",97,0,"COMPLETE",-1,true
"RCP_001573","SHP_001596","PO_006578","FL_0007","FL","2023-01-03",173,0,"COMPLETE",2,true
"RCP_001574","SHP_001550","PO_009749","FL_0006","FL","2023-01-03",133,6,"COMPLETE",2,true
"RCP_001575","SHP_001544","PO_004889","FL_0014","FL","2023-01-04",159,0,"COMPLETE",2,true
"RCP_001576","SHP_001472","PO_008347","FL_0001","FL","2023-01-04",41,2,"PARTIAL",9,true
"RCP_001577","SHP_001641","PO_008353","FL_0017","FL","2023-01-04",161,0,"COMPLETE",1,true
"RCP_001578","SHP_001545","PO_005049","BP_0014","BP","2023-01-04",188,0,"COMPLETE",2,true
"RCP_001579","SHP_001508","PO_005374","UO_0003","UO","2023-01-04",190,0,"COMPLETE",6,true
"RCP_001580","SHP_001494","PO_004367","BP_0005","BP","2023-01-04",98,0,"COMPLETE",2,true
"RCP_001581","SHP_001559","PO_004420","BP_0016","BP","2023-01-04",175,0,"COMPLETE",1,true
"RCP_001582","SHP_001619","PO_007915","FL_0005","FL","2023-01-04",25,0,"COMPLETE",2,true
"RCP_001583","SHP_001620","PO_007986","FL_0019","FL","2023-01-04",160,0,"COMPLETE",2,true
"RCP_001584","SHP_001501","PO_009409","BP_0020","BP","2023-01-04",158,0,"COMPLETE",2,true
"RCP_001585","SHP_001710","PO_009556","BP_0012","BP","2023-01-04",53,0,"COMPLETE",0,true
"RCP_001586","SHP_001627","PO_003148","FL_0007","FL","2023-01-04",40,0,"COMPLETE",1,true
"RCP_001587","SHP_001712","PO_003806","BP_0001","BP","2023-01-04",181,0,"COMPLETE",-1,true
"RCP_001588","SHP_001607","PO_001640","FL_0017","FL","2023-01-04",48,0,"PARTIAL",2,true
"RCP_001589","SHP_001657","PO_009509","BP_0019","BP","2023-01-04",177,0,"COMPLETE",1,true
"RCP_001590","SHP_001572","PO_009306","BP_0018","BP","2023-01-04",97,0,"PARTIAL",5,true
"RCP_001591","SHP_001548","PO_007139","UO_0012","UO","2023-01-04",104,0,"COMPLETE",3,true
"RCP_001592","SHP_001713","PO_003987","BP_0013","BP","2023-01-04",100,4,"COMPLETE",-1,true
"RCP_001593","SHP_001648","PO_004084","FL_0012","FL","2023-01-04",107,0,"COMPLETE",0,true
"RCP_001594","SHP_001525","PO_006860","FL_0014","FL","2023-01-04",197,0,"COMPLETE",4,true
"RCP_001595","SHP_001570","PO_007624","BP_0012","BP","2023-01-04",101,0,"COMPLETE",0,true
"RCP_001596","SHP_001721","PO_000466","UO_0002","UO","2023-01-05",160,0,"COMPLETE",1,true
"RCP_001597","SHP_001510","PO_008857","BP_0017","BP","2023-01-05",84,0,"COMPLETE",6,true
"RCP_001598","SHP_001520","PO_004363","FL_0007","FL","2023-01-05",62,0,"COMPLETE",6,true
"RCP_001599","SHP_001671","PO_010067","BP_0003","BP","2023-01-05",179,0,"COMPLETE",0,true
"RCP_001600","SHP_001682","PO_005695","BP_0015","BP","2023-01-05",161,0,"COMPLETE",0,true
"RCP_001601","SHP_001595","PO_006496","BP_0007","BP","2023-01-05",83,0,"PARTIAL",4,true
"RCP_001602","SHP_001637","PO_006944","BP_0012","BP","2023-01-05",123,0,"COMPLETE",2,true
"RCP_001603","SHP_001665","PO_004404","BP_0012","BP","2023-01-05",29,0,"COMPLETE",1,true
"RCP_001604","SHP_001683","PO_006492","BP_0001","BP","2023-01-05",17,0,"COMPLETE",0,true
"RCP_001605","SHP_001628","PO_003243","FL_0002","FL","2023-01-05",157,0,"COMPLETE",2,true
"RCP_001606","SHP_001587","PO_000723","FL_0014","FL","2023-01-05",144,0,"COMPLETE",-1,true
"RCP_001607","SHP_001663","PO_003819","UO_0015","UO","2023-01-05",154,0,"COMPLETE",2,true
"RCP_001608","SHP_001485","PO_008419","FL_0013","FL","2023-01-06",142,0,"COMPLETE",10,true
"RCP_001609","SHP_001500","PO_008645","BP_0003","BP","2023-01-06",83,0,"COMPLETE",4,true
"RCP_001610","SHP_001709","PO_008682","BP_0007","BP","2023-01-06",136,2,"COMPLETE",-1,true
"RCP_001611","SHP_001455","PO_000965","FL_0006","FL","2023-01-06",26,0,"COMPLETE",12,true
"RCP_001612","SHP_001745","PO_009279","UO_0005","UO","2023-01-06",35,0,"COMPLETE",1,true
"RCP_001613","SHP_001467","PO_003278","FL_0019","FL","2023-01-06",40,0,"PARTIAL",11,true
"RCP_001614","SHP_001636","PO_006835","UO_0003","UO","2023-01-06",83,0,"COMPLETE",5,true
"RCP_001615","SHP_001555","PO_001874","FL_0002","FL","2023-01-06",109,0,"COMPLETE",3,true
"RCP_001616","SHP_001650","PO_006880","FL_0004","FL","2023-01-06",130,0,"COMPLETE",2,true
"RCP_001617","SHP_001693","PO_004048","BP_0018","BP","2023-01-07",183,0,"COMPLETE",1,true
"RCP_001618","SHP_001670","PO_008820","BP_0007","BP","2023-01-07",73,0,"COMPLETE",3,true
"RCP_001619","SHP_001529","PO_008855","FL_0020","FL","2023-01-07",76,0,"COMPLETE",8,true
"RCP_001620","SHP_001714","PO_004293","BP_0016","BP","2023-01-07",114,0,"COMPLETE",-1,true
"RCP_001621","SHP_001631","PO_004453","BP_0016","BP","2023-01-07",84,0,"COMPLETE",5,true
"RCP_001622","SHP_001551","PO_009892","FL_0009","FL","2023-01-07",93,0,"PARTIAL",6,true
"RCP_001623","SHP_001743","PO_007516","BP_0005","BP","2023-01-07",91,0,"COMPLETE",0,true
"RCP_001624","SHP_001526","PO_007442","BP_0005","BP","2023-01-07",146,0,"COMPLETE",7,true
"RCP_001625","SHP_001540","PO_009827","BP_0004","BP","2023-01-07",25,0,"PARTIAL",2,true
"RCP_001626","SHP_001597","PO_007373","FL_0005","FL","2023-01-07",35,0,"PARTIAL",2,true
"RCP_001627","SHP_001563","PO_006000","BP_0013","BP","2023-01-07",124,0,"PARTIAL",4,true
"RCP_001628","SHP_001686","PO_008877","UO_0001","UO","2023-01-07",44,0,"COMPLETE",3,true
"RCP_001629","SHP_001643","PO_009314","BP_0006","BP","2023-01-07",77,0,"COMPLETE",4,true
"RCP_001630","SHP_001474","PO_000110","BP_0005","BP","2023-01-08",142,5,"COMPLETE",11,true
"RCP_001631","SHP_001744","PO_008555","UO_0004","UO","2023-01-08",117,0,"COMPLETE",-1,true
"RCP_001632","SHP_001740","PO_005533","BP_0004","BP","2023-01-08",50,0,"PARTIAL",1,true
"RCP_001633","SHP_001585","PO_009240","FL_0013","FL","2023-01-08",17,0,"COMPLETE",3,true
"RCP_001634","SHP_001761","PO_002436","UO_0005","UO","2023-01-08",157,0,"COMPLETE",1,true
"RCP_001635","SHP_001719","PO_009885","FL_0004","FL","2023-01-08",132,0,"COMPLETE",-1,true
"RCP_001636","SHP_001696","PO_005768","FL_0012","FL","2023-01-08",70,0,"COMPLETE",1,true
"RCP_001637","SHP_001609","PO_002024","FL_0018","FL","2023-01-08",15,0,"COMPLETE",1,true
"RCP_001638","SHP_001602","PO_008943","FL_0017","FL","2023-01-08",155,0,"COMPLETE",3,true
"RCP_001639","SHP_001517","PO_001881","FL_0002","FL","2023-01-08",53,0,"COMPLETE",9,true
"RCP_001640","SHP_001700","PO_009301","FL_0017","FL","2023-01-08",195,0,"COMPLETE",1,true
"RCP_001641","SHP_001538","PO_007020","BP_0016","BP","2023-01-08",26,0,"PARTIAL",7,true
"RCP_001642","SHP_001566","PO_001338","FL_0016","FL","2023-01-08",119,0,"COMPLETE",4,true
"RCP_001643","SHP_001689","PO_000226","FL_0002","FL","2023-01-09",148,0,"COMPLETE",2,true
"RCP_001644","SHP_001680","PO_004725","BP_0001","BP","2023-01-09",76,0,"COMPLETE",4,true
"RCP_001645","SHP_001729","PO_005250","FL_0019","FL","2023-01-09",180,0,"COMPLETE",-1,true
"RCP_001646","SHP_001746","PO_000545","BP_0013","BP","2023-01-09",15,0,"COMPLETE",1,true
"RCP_001647","SHP_001705","PO_004989","FL_0003","FL","2023-01-09",14,0,"COMPLETE",1,true
"RCP_001648","SHP_001727","PO_004274","FL_0006","FL","2023-01-09",49,0,"PARTIAL",-1,true
"RCP_001649","SHP_001733","PO_007829","FL_0002","FL","2023-01-09",50,0,"PARTIAL",-1,true
"RCP_001650","SHP_001688","PO_009401","UO_0005","UO","2023-01-09",143,0,"COMPLETE",5,true
"RCP_001651","SHP_001711","PO_003067","FL_0004","FL","2023-01-09",82,0,"COMPLETE",0,true
"RCP_001652","SHP_001646","PO_001430","UO_0001","UO","2023-01-09",191,0,"COMPLETE",3,true
"RCP_001653","SHP_001781","PO_001663","BP_0006","BP","2023-01-09",14,0,"COMPLETE",-1,true
"RCP_001654","SHP_001677","PO_002043","UO_0018","UO","2023-01-09",19,0,"COMPLETE",5,true
"RCP_001655","SHP_001633","PO_005071","FL_0007","FL","2023-01-09",56,0,"COMPLETE",2,true
"RCP_001656","SHP_001531","PO_009462","BP_0002","BP","2023-01-09",132,0,"COMPLETE",5,true
"RCP_001657","SHP_001557","PO_002573","BP_0015","BP","2023-01-09",195,0,"COMPLETE",6,true
"RCP_001658","SHP_001615","PO_007186","FL_0013","FL","2023-01-09",118,0,"COMPLETE",2,true
"RCP_001659","SHP_001638","PO_007213","FL_0019","FL","2023-01-09",161,0,"PARTIAL",2,true
"RCP_001660","SHP_001790","PO_000580","UO_0014","UO","2023-01-09",186,0,"COMPLETE",0,true
"RCP_001661","SHP_001728","PO_004625","FL_0018","FL","2023-01-10",79,0,"COMPLETE",0,true
"RCP_001662","SHP_001645","PO_000374","FL_0013","FL","2023-01-10",160,0,"PARTIAL",2,true
"RCP_001663","SHP_001623","PO_008590","BP_0010","BP","2023-01-10",65,0,"COMPLETE",3,true
"RCP_001664","SHP_001669","PO_008202","UO_0015","UO","2023-01-10",37,0,"PARTIAL",1,true
"RCP_001665","SHP_001656","PO_008970","FL_0013","FL","2023-01-10",85,0,"COMPLETE",2,true
"RCP_001666","SHP_001723","PO_001268","UO_0001","UO","2023-01-10",34,0,"COMPLETE",2,true
"RCP_001667","SHP_001629","PO_003621","UO_0009","UO","2023-01-10",141,0,"COMPLETE",5,true
"RCP_001668","SHP_001759","PO_001527","BP_0012","BP","2023-01-10",130,0,"COMPLETE",1,true
"RCP_001669","SHP_001554","PO_001672","FL_0020","FL","2023-01-10",142,0,"PARTIAL",8,true
"RCP_001670","SHP_001608","PO_001773","FL_0005","FL","2023-01-10",107,0,"COMPLETE",3,true
"RCP_001671","SHP_001659","PO_000741","BP_0010","BP","2023-01-10",143,0,"COMPLETE",5,true
"RCP_001672","SHP_001707","PO_006377","BP_0017","BP","2023-01-10",68,0,"COMPLETE",3,true
"RCP_001673","SHP_001706","PO_005073","FL_0001","FL","2023-01-10",109,0,"COMPLETE",2,true
"RCP_001674","SHP_001584","PO_009219","FL_0016","FL","2023-01-10",196,0,"COMPLETE",6,true
"RCP_001675","SHP_001725","PO_002337","FL_0003","FL","2023-01-10",42,0,"COMPLETE",0,true
"RCP_001676","SHP_001769","PO_006984","BP_0014","BP","2023-01-10",198,0,"COMPLETE",1,true
"RCP_001677","SHP_001612","PO_004582","BP_0004","BP","2023-01-11",100,0,"COMPLETE",0,true
"RCP_001678","SHP_001560","PO_004618","FL_0013","FL","2023-01-11",199,0,"COMPLETE",9,true
"RCP_001679","SHP_001694","PO_004963","FL_0005","FL","2023-01-11",112,0,"PARTIAL",-1,true
"RCP_001680","SHP_001717","PO_008341","BP_0001","BP","2023-01-11",34,0,"COMPLETE",3,true
"RCP_001681","SHP_001642","PO_008377","FL_0013","FL","2023-01-11",128,0,"PARTIAL",3,true
"RCP_001682","SHP_001735","PO_008455","BP_0010","BP","2023-01-11",48,0,"COMPLETE",2,true
"RCP_001683","SHP_001592","PO_003959","FL_0017","FL","2023-01-11",112,0,"COMPLETE",5,true
"RCP_001684","SHP_001630","PO_004179","FL_0018","FL","2023-01-11",60,0,"COMPLETE",4,true
"RCP_001685","SHP_001618","PO_007878","FL_0008","FL","2023-01-11",51,0,"PARTIAL",5,true
"RCP_001686","SHP_001687","PO_008965","BP_0005","BP","2023-01-11",124,0,"PARTIAL",0,true
"RCP_001687","SHP_001756","PO_009261","FL_0019","FL","2023-01-11",62,0,"PARTIAL",-1,true
"RCP_001688","SHP_001703","PO_003282","BP_0007","BP","2023-01-11",175,0,"COMPLETE",3,true
"RCP_001689","SHP_001765","PO_003571","BP_0015","BP","2023-01-11",137,0,"COMPLETE",2,true
"RCP_001690","SHP_001736","PO_001392","FL_0003","FL","2023-01-11",168,0,"COMPLETE",0,true
"RCP_001691","SHP_001589","PO_001759","FL_0018","FL","2023-01-11",87,0,"COMPLETE",5,true
"RCP_001692","SHP_001598","PO_007432","FL_0016","FL","2023-01-11",103,0,"PARTIAL",6,true
"RCP_001693","SHP_001651","PO_006927","BP_0006","BP","2023-01-11",74,0,"PARTIAL",2,true
"RCP_001694","SHP_001679","PO_004019","FL_0010","FL","2023-01-11",195,0,"COMPLETE",0,true
"RCP_001695","SHP_001635","PO_006425","FL_0020","FL","2023-01-12",134,0,"PARTIAL",4,true
"RCP_001696","SHP_001698","PO_007781","BP_0010","BP","2023-01-12",111,0,"COMPLETE",0,true
"RCP_001697","SHP_001530","PO_009010","BP_0003","BP","2023-01-12",177,0,"COMPLETE",12,true
"RCP_001698","SHP_001747","PO_001356","FL_0020","FL","2023-01-12",129,3,"PARTIAL",0,true
"RCP_001699","SHP_001737","PO_004343","BP_0001","BP","2023-01-12",188,0,"PARTIAL",1,true
"RCP_001700","SHP_001690","PO_000931","FL_0018","FL","2023-01-12",72,0,"COMPLETE",0,true
"RCP_001701","SHP_001749","PO_002047","FL_0014","FL","2023-01-12",158,0,"COMPLETE",0,true
"RCP_001702","SHP_001660","PO_001628","BP_0002","BP","2023-01-12",118,0,"COMPLETE",2,true
"RCP_001703","SHP_001674","PO_001362","FL_0010","FL","2023-01-12",148,0,"PARTIAL",2,true
"RCP_001704","SHP_001758","PO_000216","FL_0009","FL","2023-01-13",85,0,"COMPLETE",0,true
"RCP_001705","SHP_001835","PO_008517","BP_0019","BP","2023-01-13",79,0,"COMPLETE",0,true
"RCP_001706","SHP_001695","PO_005013","FL_0019","FL","2023-01-13",131,0,"PARTIAL",2,true
"RCP_001707","SHP_001773","PO_008741","BP_0015","BP","2023-01-13",20,0,"COMPLETE",1,true
"RCP_001708","SHP_001752","PO_004253","FL_0020","FL","2023-01-13",145,0,"COMPLETE",1,true
"RCP_001709","SHP_001632","PO_004512","FL_0017","FL","2023-01-13",143,0,"PARTIAL",5,true
"RCP_001710","SHP_001771","PO_007809","FL_0020","FL","2023-01-13",135,0,"COMPLETE",0,true
"RCP_001711","SHP_001715","PO_007827","FL_0017","FL","2023-01-13",51,0,"COMPLETE",0,true
"RCP_001712","SHP_001653","PO_008219","BP_0008","BP","2023-01-13",91,0,"COMPLETE",4,true
"RCP_001713","SHP_001661","PO_002363","BP_0020","BP","2023-01-13",200,0,"COMPLETE",-1,true
"RCP_001714","SHP_001664","PO_003839","UO_0007","UO","2023-01-13",85,0,"PARTIAL",4,true
"RCP_001715","SHP_001652","PO_006956","BP_0009","BP","2023-01-13",100,0,"COMPLETE",0,true
"RCP_001716","SHP_001685","PO_007292","FL_0013","FL","2023-01-13",73,0,"COMPLETE",3,true
"RCP_001717","SHP_001741","PO_006343","FL_0012","FL","2023-01-13",145,0,"COMPLETE",2,true
"RCP_001718","SHP_001684","PO_007083","FL_0010","FL","2023-01-13",159,0,"COMPLETE",3,true
"RCP_001719","SHP_001778","PO_000848","UO_0004","UO","2023-01-13",86,0,"COMPLETE",1,true
"RCP_001720","SHP_001785","PO_004596","FL_0014","FL","2023-01-14",144,0,"COMPLETE",0,true
"RCP_001721","SHP_001834","PO_008397","UO_0014","UO","2023-01-14",107,0,"PARTIAL",-1,true
"RCP_001722","SHP_001827","PO_003912","BP_0014","BP","2023-01-14",92,0,"COMPLETE",1,true
"RCP_001723","SHP_001667","PO_005031","FL_0012","FL","2023-01-14",57,0,"COMPLETE",5,true
"RCP_001724","SHP_001861","PO_005178","UO_0014","UO","2023-01-14",110,0,"COMPLETE",1,true
"RCP_001725","SHP_001859","PO_004178","BP_0014","BP","2023-01-14",162,0,"COMPLETE",-1,true
"RCP_001726","SHP_001833","PO_007959","BP_0005","BP","2023-01-14",41,0,"PARTIAL",1,true
"RCP_001727","SHP_001576","PO_003034","FL_0017","FL","2023-01-14",27,0,"COMPLETE",10,true
"RCP_001728","SHP_001800","PO_006230","FL_0018","FL","2023-01-14",26,0,"COMPLETE",-1,true
"RCP_001729","SHP_001803","PO_006987","BP_0020","BP","2023-01-14",113,0,"PARTIAL",-1,true
"RCP_001730","SHP_001812","PO_004359","BP_0005","BP","2023-01-14",57,0,"COMPLETE",2,true
"RCP_001731","SHP_001676","PO_001992","FL_0003","FL","2023-01-14",99,0,"PARTIAL",3,true
"RCP_001732","SHP_001804","PO_007329","FL_0001","FL","2023-01-14",29,0,"COMPLETE",-1,true
"RCP_001733","SHP_001873","PO_003968","UO_0006","UO","2023-01-15",102,0,"COMPLETE",1,true
"RCP_001734","SHP_001753","PO_005391","UO_0004","UO","2023-01-15",66,0,"COMPLETE",5,true
"RCP_001735","SHP_001605","PO_000685","BP_0017","BP","2023-01-15",124,0,"COMPLETE",4,true
"RCP_001736","SHP_001726","PO_003093","FL_0020","FL","2023-01-15",26,0,"PARTIAL",0,true
"RCP_001737","SHP_001754","PO_006318","UO_0001","UO","2023-01-15",21,0,"COMPLETE",5,true
"RCP_001738","SHP_001799","PO_005925","UO_0002","UO","2023-01-15",47,0,"PARTIAL",2,true
"RCP_001739","SHP_001662","PO_002849","BP_0010","BP","2023-01-15",48,0,"COMPLETE",1,true
"RCP_001740","SHP_001888","PO_002071","UO_0015","UO","2023-01-15",78,0,"COMPLETE",0,true
"RCP_001741","SHP_001625","PO_010185","UO_0020","UO","2023-01-15",113,0,"COMPLETE",9,true
"RCP_001742","SHP_001816","PO_005995","BP_0007","BP","2023-01-15",13,0,"COMPLETE",0,true
"RCP_001743","SHP_001573","PO_009656","BP_0001","BP","2023-01-15",62,0,"COMPLETE",11,true
"RCP_001744","SHP_001831","PO_006135","BP_0013","BP","2023-01-15",116,0,"PARTIAL",-1,true
"RCP_001745","SHP_001675","PO_001452","BP_0006","BP","2023-01-15",17,0,"PARTIAL",4,true
"RCP_001746","SHP_001881","PO_006593","BP_0007","BP","2023-01-15",196,0,"COMPLETE",-1,true
"RCP_001747","SHP_001591","PO_003289","BP_0014","BP","2023-01-15",112,0,"PARTIAL",9,true
"RCP_001748","SHP_001701","PO_002128","FL_0008","FL","2023-01-15",105,0,"COMPLETE",3,true
"RCP_001749","SHP_001702","PO_002558","UO_0020","UO","2023-01-15",110,0,"COMPLETE",5,true
"RCP_001750","SHP_001764","PO_003299","BP_0012","BP","2023-01-15",116,0,"PARTIAL",2,true
"RCP_001751","SHP_001654","PO_008601","FL_0008","FL","2023-01-16",153,0,"COMPLETE",8,true
"RCP_001752","SHP_001708","PO_008128","FL_0013","FL","2023-01-16",19,0,"COMPLETE",3,true
"RCP_001753","SHP_001692","PO_002440","FL_0004","FL","2023-01-16",66,0,"PARTIAL",5,true
"RCP_001754","SHP_001755","PO_007286","BP_0004","BP","2023-01-16",136,0,"COMPLETE",4,true
"RCP_001755","SHP_001639","PO_007358","FL_0009","FL","2023-01-16",160,0,"PARTIAL",9,true
"RCP_001756","SHP_001884","PO_000316","UO_0002","UO","2023-01-17",166,0,"COMPLETE",2,true
"RCP_001757","SHP_001836","PO_008522","FL_0020","FL","2023-01-17",193,0,"COMPLETE",0,true
"RCP_001758","SHP_001829","PO_005084","FL_0011","FL","2023-01-17",94,0,"COMPLETE",0,true
"RCP_001759","SHP_001805","PO_008621","FL_0003","FL","2023-01-17",164,0,"COMPLETE",2,true
"RCP_001760","SHP_001850","PO_008661","FL_0002","FL","2023-01-17",75,0,"COMPLETE",-1,true
"RCP_001761","SHP_001841","PO_004396","FL_0007","FL","2023-01-17",157,0,"COMPLETE",-1,true
"RCP_001762","SHP_001610","PO_003075","FL_0002","FL","2023-01-17",184,0,"COMPLETE",11,true
"RCP_001763","SHP_001748","PO_001407","UO_0007","UO","2023-01-17",137,0,"PARTIAL",3,true
"RCP_001764","SHP_001821","PO_010196","FL_0003","FL","2023-01-17",95,0,"COMPLETE",1,true
"RCP_001765","SHP_001774","PO_008869","BP_0015","BP","2023-01-17",63,0,"PARTIAL",4,true
"RCP_001766","SHP_001770","PO_007562","UO_0015","UO","2023-01-17",100,0,"PARTIAL",2,true
"RCP_001767","SHP_001678","PO_003195","FL_0017","FL","2023-01-17",77,0,"COMPLETE",7,true
"RCP_001768","SHP_001718","PO_009174","FL_0004","FL","2023-01-17",171,0,"PARTIAL",3,true
"RCP_001769","SHP_001582","PO_005810","BP_0008","BP","2023-01-17",106,0,"COMPLETE",12,true
"RCP_001770","SHP_001929","PO_001861","UO_0018","UO","2023-01-17",166,4,"COMPLETE",-1,true
"RCP_001771","SHP_001658","PO_000073","BP_0018","BP","2023-01-18",39,0,"PARTIAL",4,true
"RCP_001772","SHP_001655","PO_008713","UO_0020","UO","2023-01-18",95,0,"PARTIAL",10,true
"RCP_001773","SHP_001784","PO_004047","FL_0006","FL","2023-01-18",89,0,"COMPLETE",0,true
"RCP_001774","SHP_001738","PO_004392","UO_0017","UO","2023-01-18",148,0,"COMPLETE",5,true
"RCP_001775","SHP_001716","PO_007930","UO_0002","UO","2023-01-18",91,0,"COMPLETE",5,true
"RCP_001776","SHP_001890","PO_002354","UO_0001","UO","2023-01-18",123,0,"COMPLETE",-1,true
"RCP_001777","SHP_001865","PO_009610","BP_0008","BP","2023-01-18",70,1,"COMPLETE",-1,true
"RCP_001778","SHP_001839","PO_000639","FL_0003","FL","2023-01-18",66,0,"COMPLETE",0,true
"RCP_001779","SHP_001634","PO_006287","FL_0020","FL","2023-01-18",149,0,"COMPLETE",11,true
"RCP_001780","SHP_001798","PO_005766","BP_0008","BP","2023-01-18",25,0,"COMPLETE",4,true
"RCP_001781","SHP_001780","PO_001510","BP_0019","BP","2023-01-18",65,0,"COMPLETE",5,true
"RCP_001782","SHP_001872","PO_002827","BP_0019","BP","2023-01-18",112,0,"COMPLETE",2,true
"RCP_001783","SHP_001828","PO_005076","FL_0014","FL","2023-01-18",99,0,"COMPLETE",1,true
"RCP_001784","SHP_001750","PO_003629","UO_0012","UO","2023-01-18",94,0,"COMPLETE",4,true
"RCP_001785","SHP_001845","PO_006788","FL_0001","FL","2023-01-18",187,8,"COMPLETE",0,true
"RCP_001786","SHP_001830","PO_005820","BP_0005","BP","2023-01-18",165,0,"COMPLETE",1,true
"RCP_001787","SHP_001823","PO_001252","UO_0016","UO","2023-01-18",48,0,"COMPLETE",3,true
"RCP_001788","SHP_001796","PO_005514","BP_0004","BP","2023-01-19",106,0,"PARTIAL",5,true
"RCP_001789","SHP_001801","PO_006485","UO_0019","UO","2023-01-19",12,0,"COMPLETE",2,true
"RCP_001790","SHP_001668","PO_007773","UO_0020","UO","2023-01-19",138,0,"PARTIAL",10,true
"RCP_001791","SHP_001822","PO_000551","FL_0005","FL","2023-01-19",52,0,"COMPLETE",2,true
"RCP_001792","SHP_001913","PO_001432","BP_0017","BP","2023-01-19",105,0,"COMPLETE",0,true
"RCP_001793","SHP_001824","PO_001377","BP_0020","BP","2023-01-19",30,1,"PARTIAL",3,true
"RCP_001794","SHP_001857","PO_001833","FL_0011","FL","2023-01-19",13,0,"COMPLETE",0,true
"RCP_001795","SHP_001731","PO_006576","FL_0012","FL","2023-01-19",115,0,"COMPLETE",5,true
"RCP_001796","SHP_001813","PO_004403","BP_0005","BP","2023-01-19",157,0,"COMPLETE",4,true
"RCP_001797","SHP_001788","PO_007498","BP_0019","BP","2023-01-19",32,0,"PARTIAL",0,true
"RCP_001798","SHP_001732","PO_006713","FL_0003","FL","2023-01-19",112,0,"PARTIAL",4,true
"RCP_001799","SHP_001844","PO_005395","BP_0018","BP","2023-01-19",119,0,"COMPLETE",1,true
"RCP_001800","SHP_001644","PO_000041","UO_0001","UO","2023-01-20",32,0,"COMPLETE",12,true
"RCP_001801","SHP_001855","PO_000077","UO_0005","UO","2023-01-20",22,0,"COMPLETE",3,true
"RCP_001802","SHP_001772","PO_008252","FL_0005","FL","2023-01-20",178,0,"COMPLETE",3,true
"RCP_001803","SHP_001722","PO_001164","BP_0019","BP","2023-01-20",15,0,"PARTIAL",5,true
"RCP_001804","SHP_001856","PO_001503","FL_0004","FL","2023-01-20",131,0,"COMPLETE",1,true
"RCP_001805","SHP_001914","PO_001546","BP_0004","BP","2023-01-20",25,0,"COMPLETE",1,true
"RCP_001806","SHP_001930","PO_001979","UO_0015","UO","2023-01-20",43,0,"COMPLETE",2,true
"RCP_001807","SHP_001866","PO_001282","UO_0012","UO","2023-01-20",162,0,"COMPLETE",2,true
"RCP_001808","SHP_001791","PO_000757","FL_0002","FL","2023-01-20",11,0,"PARTIAL",1,true
"RCP_001809","SHP_001811","PO_004069","FL_0019","FL","2023-01-20",131,0,"COMPLETE",-1,true
"RCP_001810","SHP_001817","PO_007735","FL_0009","FL","2023-01-20",188,0,"COMPLETE",0,true
"RCP_001811","SHP_001820","PO_009630","BP_0018","BP","2023-01-20",152,0,"COMPLETE",4,true
"RCP_001812","SHP_001908","PO_007173","BP_0003","BP","2023-01-20",99,0,"PARTIAL",-1,true
"RCP_001813","SHP_001889","PO_002315","FL_0014","FL","2023-01-20",184,4,"COMPLETE",-1,true
"RCP_001814","SHP_001874","PO_004605","FL_0001","FL","2023-01-21",39,0,"COMPLETE",1,true
"RCP_001815","SHP_001681","PO_004789","FL_0018","FL","2023-01-21",181,0,"COMPLETE",11,true
"RCP_001816","SHP_001920","PO_004861","UO_0015","UO","2023-01-21",70,0,"COMPLETE",0,true
"RCP_001817","SHP_001910","PO_008774","FL_0017","FL","2023-01-21",77,0,"COMPLETE",-1,true
"RCP_001818","SHP_001795","PO_005498","BP_0003","BP","2023-01-21",100,0,"COMPLETE",1,true
"RCP_001819","SHP_001797","PO_005577","UO_0017","UO","2023-01-21",129,0,"PARTIAL",4,true
"RCP_001820","SHP_001924","PO_007972","BP_0015","BP","2023-01-21",82,0,"PARTIAL",-1,true
"RCP_001821","SHP_001907","PO_005675","FL_0014","FL","2023-01-21",131,0,"COMPLETE",-1,true
"RCP_001822","SHP_001704","PO_003496","BP_0008","BP","2023-01-21",46,0,"COMPLETE",4,true
"RCP_001823","SHP_001673","PO_001249","FL_0011","FL","2023-01-21",16,0,"COMPLETE",11,true
"RCP_001824","SHP_001892","PO_003340","FL_0013","FL","2023-01-21",88,0,"COMPLETE",0,true
"RCP_001825","SHP_001697","PO_007288","FL_0016","FL","2023-01-21",34,0,"COMPLETE",10,true
"RCP_001826","SHP_001897","PO_000868","BP_0010","BP","2023-01-21",111,0,"COMPLETE",0,true
"RCP_001827","SHP_001806","PO_008851","UO_0007","UO","2023-01-21",190,0,"COMPLETE",4,true
"RCP_001828","SHP_001672","PO_000187","UO_0009","UO","2023-01-22",27,0,"COMPLETE",12,true
"RCP_001829","SHP_001878","PO_005362","FL_0014","FL","2023-01-22",197,0,"COMPLETE",2,true
"RCP_001830","SHP_001724","PO_002203","FL_0005","FL","2023-01-22",104,0,"COMPLETE",8,true
"RCP_001831","SHP_001792","PO_001050","FL_0011","FL","2023-01-22",158,0,"COMPLETE",3,true
"RCP_001832","SHP_001928","PO_001170","BP_0016","BP","2023-01-22",175,0,"COMPLETE",-1,true
"RCP_001833","SHP_001926","PO_010051","BP_0015","BP","2023-01-22",130,0,"COMPLETE",0,true
"RCP_001834","SHP_001931","PO_002898","BP_0008","BP","2023-01-22",42,0,"COMPLETE",2,true
"RCP_001835","SHP_001977","PO_001730","BP_0016","BP","2023-01-22",61,0,"COMPLETE",-1,true
"RCP_001836","SHP_001838","PO_010121","UO_0013","UO","2023-01-22",115,0,"PARTIAL",3,true
"RCP_001837","SHP_001757","PO_009374","BP_0019","BP","2023-01-22",32,0,"COMPLETE",1,true
"RCP_001838","SHP_001887","PO_001710","BP_0005","BP","2023-01-22",153,0,"COMPLETE",2,true
"RCP_001839","SHP_001775","PO_009171","BP_0019","BP","2023-01-22",133,0,"PARTIAL",0,true
"RCP_001840","SHP_001882","PO_007125","FL_0009","FL","2023-01-22",143,0,"COMPLETE",2,true
"RCP_001841","SHP_001875","PO_004741","FL_0010","FL","2023-01-22",71,0,"COMPLETE",2,true
"RCP_001842","SHP_001893","PO_003946","FL_0010","FL","2023-01-23",114,0,"COMPLETE",2,true
"RCP_001843","SHP_001919","PO_004372","FL_0008","FL","2023-01-23",104,0,"PARTIAL",0,true
"RCP_001844","SHP_001909","PO_008280","FL_0017","FL","2023-01-23",85,0,"COMPLETE",1,true
"RCP_001845","SHP_001818","PO_008289","FL_0006","FL","2023-01-23",108,0,"COMPLETE",2,true
"RCP_001846","SHP_001776","PO_000558","BP_0019","BP","2023-01-23",55,0,"COMPLETE",0,true
"RCP_001847","SHP_001915","PO_003161","FL_0007","FL","2023-01-23",163,0,"COMPLETE",0,true
"RCP_001848","SHP_001922","PO_006744","BP_0020","BP","2023-01-23",157,2,"COMPLETE",0,true
"RCP_001849","SHP_001871","PO_002617","BP_0008","BP","2023-01-23",90,0,"PARTIAL",4,true
"RCP_001850","SHP_001998","PO_006304","UO_0019","UO","2023-01-23",131,0,"PARTIAL",1,true
"RCP_001851","SHP_001984","PO_004229","BP_0002","BP","2023-01-23",64,0,"COMPLETE",0,true
"RCP_001852","SHP_001885","PO_000822","BP_0017","BP","2023-01-23",32,0,"PARTIAL",2,true
"RCP_001853","SHP_001777","PO_000791","BP_0006","BP","2023-01-23",46,0,"COMPLETE",0,true
"RCP_001854","SHP_001691","PO_001253","FL_0009","FL","2023-01-23",67,3,"PARTIAL",12,true
"RCP_001855","SHP_001751","PO_003956","BP_0003","BP","2023-01-23",112,0,"COMPLETE",2,true
"RCP_001856","SHP_001876","PO_004856","BP_0002","BP","2023-01-23",73,0,"COMPLETE",4,true
"RCP_001857","SHP_001814","PO_004595","FL_0018","FL","2023-01-24",93,0,"COMPLETE",4,true
"RCP_001858","SHP_001972","PO_000332","BP_0012","BP","2023-01-24",72,0,"COMPLETE",1,true
"RCP_001859","SHP_001918","PO_004063","BP_0001","BP","2023-01-24",140,0,"COMPLETE",1,true
"RCP_001860","SHP_001902","PO_004156","FL_0002","FL","2023-01-24",166,0,"COMPLETE",2,true
"RCP_001861","SHP_001815","PO_005381","FL_0017","FL","2023-01-24",125,0,"COMPLETE",3,true
"RCP_001862","SHP_001879","PO_005443","BP_0003","BP","2023-01-24",82,0,"COMPLETE",4,true
"RCP_001863","SHP_001933","PO_004390","BP_0012","BP","2023-01-24",125,0,"PARTIAL",1,true
"RCP_001864","SHP_001699","PO_007822","BP_0004","BP","2023-01-24",140,0,"COMPLETE",12,true
"RCP_001865","SHP_001864","PO_009237","BP_0004","BP","2023-01-24",159,0,"COMPLETE",5,true
"RCP_001866","SHP_001760","PO_001705","BP_0010","BP","2023-01-24",47,0,"COMPLETE",2,true
"RCP_001867","SHP_001720","PO_000464","FL_0018","FL","2023-01-25",81,0,"PARTIAL",11,true
"RCP_001868","SHP_001730","PO_005284","FL_0003","FL","2023-01-25",65,0,"COMPLETE",11,true
"RCP_001869","SHP_001819","PO_008690","BP_0008","BP","2023-01-25",151,0,"PARTIAL",0,true
"RCP_001870","SHP_001779","PO_001040","BP_0001","BP","2023-01-25",9,0,"PARTIAL",6,true
"RCP_001871","SHP_001958","PO_010030","FL_0017","FL","2023-01-25",63,0,"COMPLETE",0,true
"RCP_001872","SHP_001960","PO_003029","FL_0011","FL","2023-01-25",129,0,"COMPLETE",-1,true
"RCP_001873","SHP_001832","PO_006363","FL_0006","FL","2023-01-25",28,0,"COMPLETE",3,true
"RCP_001874","SHP_001809","PO_002136","BP_0004","BP","2023-01-25",195,0,"COMPLETE",0,true
"RCP_001875","SHP_001762","PO_002681","BP_0019","BP","2023-01-25",134,0,"PARTIAL",3,true
"RCP_001876","SHP_001955","PO_008013","FL_0020","FL","2023-01-25",181,0,"COMPLETE",0,true
"RCP_001877","SHP_001826","PO_002901","BP_0014","BP","2023-01-25",155,0,"COMPLETE",3,true
"RCP_001878","SHP_001783","PO_003420","BP_0008","BP","2023-01-25",80,0,"COMPLETE",6,true
"RCP_001879","SHP_001925","PO_008802","BP_0015","BP","2023-01-25",145,0,"PARTIAL",2,true
"RCP_001880","SHP_001808","PO_002126","BP_0013","BP","2023-01-25",65,0,"COMPLETE",0,true
"RCP_001881","SHP_001916","PO_003739","UO_0019","UO","2023-01-25",19,0,"COMPLETE",4,true
"RCP_001882","SHP_001883","PO_000166","FL_0017","FL","2023-01-26",49,2,"PARTIAL",0,true
"RCP_001883","SHP_001986","PO_004691","UO_0001","UO","2023-01-26",48,0,"COMPLETE",1,true
"RCP_001884","SHP_001739","PO_004814","FL_0010","FL","2023-01-26",136,6,"COMPLETE",11,true
"RCP_001885","SHP_001967","PO_008487","BP_0010","BP","2023-01-26",54,0,"PARTIAL",0,true
"RCP_001886","SHP_001939","PO_008856","BP_0006","BP","2023-01-26",48,0,"COMPLETE",3,true
"RCP_001887","SHP_001786","PO_005494","BP_0007","BP","2023-01-26",175,0,"COMPLETE",3,true
"RCP_001888","SHP_001849","PO_007886","FL_0016","FL","2023-01-26",15,0,"COMPLETE",3,true
"RCP_001889","SHP_001852","PO_009296","FL_0018","FL","2023-01-26",41,0,"COMPLETE",3,true
"RCP_001890","SHP_001896","PO_009985","BP_0008","BP","2023-01-26",75,0,"PARTIAL",0,true
"RCP_001891","SHP_001787","PO_006016","BP_0010","BP","2023-01-26",143,0,"PARTIAL",7,true
"RCP_001892","SHP_001763","PO_002981","BP_0015","BP","2023-01-26",14,0,"COMPLETE",4,true
"RCP_001893","SHP_001937","PO_007245","FL_0018","FL","2023-01-26",89,0,"COMPLETE",2,true
"RCP_001894","SHP_001911","PO_008893","FL_0017","FL","2023-01-26",59,0,"COMPLETE",-1,true
"RCP_001895","SHP_001870","PO_002391","UO_0002","UO","2023-01-26",22,0,"PARTIAL",4,true
"RCP_001896","SHP_002013","PO_007508","BP_0005","BP","2023-01-26",102,0,"COMPLETE",1,true
"RCP_001897","SHP_001942","PO_001120","BP_0010","BP","2023-01-26",153,8,"COMPLETE",2,true
"RCP_001898","SHP_001840","PO_002512","BP_0013","BP","2023-01-26",52,0,"PARTIAL",3,true
"RCP_001899","SHP_001943","PO_001286","FL_0006","FL","2023-01-26",169,0,"PARTIAL",1,true
"RCP_001900","SHP_001742","PO_006918","FL_0009","FL","2023-01-26",165,0,"COMPLETE",11,true
"RCP_001901","SHP_001917","PO_003817","BP_0012","BP","2023-01-26",81,0,"COMPLETE",3,true
"RCP_001902","SHP_001860","PO_004345","FL_0011","FL","2023-01-26",100,0,"COMPLETE",2,true
"RCP_001903","SHP_002067","PO_006651","UO_0020","UO","2023-01-26",66,0,"COMPLETE",-1,true
"RCP_001904","SHP_001767","PO_006040","BP_0008","BP","2023-01-26",13,0,"COMPLETE",4,true
"RCP_001905","SHP_001973","PO_000596","FL_0009","FL","2023-01-26",147,0,"COMPLETE",-1,true
"RCP_001906","SHP_002008","PO_004602","UO_0009","UO","2023-01-27",45,0,"COMPLETE",0,true
"RCP_001907","SHP_002009","PO_004883","UO_0007","UO","2023-01-27",119,0,"COMPLETE",0,true
"RCP_001908","SHP_002071","PO_008379","UO_0020","UO","2023-01-27",15,0,"COMPLETE",0,true
"RCP_001909","SHP_001905","PO_005176","FL_0010","FL","2023-01-27",155,0,"COMPLETE",1,true
"RCP_001910","SHP_001862","PO_005472","FL_0006","FL","2023-01-27",26,0,"COMPLETE",3,true
"RCP_001911","SHP_001963","PO_006284","FL_0007","FL","2023-01-27",19,0,"COMPLETE",1,true
"RCP_001912","SHP_001981","PO_003351","BP_0018","BP","2023-01-27",69,0,"COMPLETE",1,true
"RCP_001913","SHP_001794","PO_003389","BP_0009","BP","2023-01-27",198,0,"COMPLETE",3,true
"RCP_001914","SHP_001901","PO_002863","BP_0003","BP","2023-01-27",48,0,"COMPLETE",5,true
"RCP_001915","SHP_001768","PO_006846","FL_0019","FL","2023-01-27",62,0,"PARTIAL",10,true
"RCP_001916","SHP_001766","PO_005247","FL_0009","FL","2023-01-27",137,7,"COMPLETE",10,true
"RCP_001917","SHP_001802","PO_006980","FL_0019","FL","2023-01-27",110,0,"COMPLETE",8,true
"RCP_001918","SHP_001789","PO_007903","BP_0004","BP","2023-01-27",11,0,"PARTIAL",8,true
"RCP_001919","SHP_001971","PO_000114","UO_0016","UO","2023-01-28",160,0,"COMPLETE",3,true
"RCP_001920","SHP_001906","PO_005219","UO_0018","UO","2023-01-28",131,0,"COMPLETE",4,true
"RCP_001921","SHP_001837","PO_009326","UO_0016","UO","2023-01-28",108,0,"COMPLETE",7,true
"RCP_001922","SHP_001969","PO_009488","FL_0008","FL","2023-01-28",161,0,"COMPLETE",2,true
"RCP_001923","SHP_001810","PO_003769","BP_0012","BP","2023-01-28",20,0,"COMPLETE",7,true
"RCP_001924","SHP_001846","PO_007169","BP_0010","BP","2023-01-28",16,1,"COMPLETE",1,true
"RCP_001925","SHP_001965","PO_006686","FL_0016","FL","2023-01-28",123,0,"COMPLETE",2,true
"RCP_001926","SHP_001847","PO_007249","BP_0015","BP","2023-01-28",56,0,"COMPLETE",1,true
"RCP_001927","SHP_001842","PO_004534","BP_0006","BP","2023-01-28",124,0,"PARTIAL",5,true
"RCP_001928","SHP_001891","PO_002396","FL_0008","FL","2023-01-28",68,0,"COMPLETE",3,true
"RCP_001929","SHP_001987","PO_006677","FL_0013","FL","2023-01-28",19,0,"COMPLETE",1,true
"RCP_001930","SHP_001848","PO_007264","FL_0010","FL","2023-01-28",19,1,"COMPLETE",5,true
"RCP_001931","SHP_001899","PO_001726","FL_0007","FL","2023-01-28",35,0,"PARTIAL",2,true
"RCP_001932","SHP_001989","PO_001457","FL_0006","FL","2023-01-28",136,0,"COMPLETE",0,true
"RCP_001933","SHP_001945","PO_001841","BP_0013","BP","2023-01-28",16,0,"COMPLETE",4,true
"RCP_001934","SHP_002001","PO_001399","BP_0015","BP","2023-01-28",168,0,"COMPLETE",0,true
"RCP_001935","SHP_001903","PO_004194","FL_0019","FL","2023-01-29",38,0,"PARTIAL",3,true
"RCP_001936","SHP_002022","PO_004380","FL_0018","FL","2023-01-29",48,0,"COMPLETE",-1,true
"RCP_001937","SHP_001964","PO_006420","UO_0003","UO","2023-01-29",68,0,"COMPLETE",5,true
"RCP_001938","SHP_001868","PO_002217","FL_0011","FL","2023-01-29",111,0,"PARTIAL",5,true
"RCP_001939","SHP_002042","PO_009053","UO_0019","UO","2023-01-29",139,0,"COMPLETE",0,true
"RCP_001940","SHP_001957","PO_009096","FL_0009","FL","2023-01-29",118,0,"COMPLETE",-1,true
"RCP_001941","SHP_002029","PO_009328","BP_0014","BP","2023-01-29",60,0,"COMPLETE",0,true
"RCP_001942","SHP_002087","PO_009607","BP_0004","BP","2023-01-29",132,0,"COMPLETE",-1,true
"RCP_001943","SHP_001941","PO_000623","BP_0010","BP","2023-01-29",138,0,"COMPLETE",5,true
"RCP_001944","SHP_002014","PO_008915","FL_0009","FL","2023-01-29",163,0,"COMPLETE",0,true
"RCP_001945","SHP_001854","PO_010074","FL_0003","FL","2023-01-29",101,0,"PARTIAL",7,true
"RCP_001946","SHP_002016","PO_000748","FL_0011","FL","2023-01-29",91,0,"COMPLETE",-1,true
"RCP_001947","SHP_001858","PO_001953","BP_0002","BP","2023-01-29",15,0,"COMPLETE",5,true
"RCP_001948","SHP_001886","PO_001618","FL_0007","FL","2023-01-29",147,0,"PARTIAL",3,true
"RCP_001949","SHP_001988","PO_007424","FL_0008","FL","2023-01-29",32,0,"COMPLETE",2,true
"RCP_001950","SHP_001979","PO_002649","FL_0010","FL","2023-01-29",34,0,"COMPLETE",2,true
"RCP_001951","SHP_001825","PO_002003","FL_0019","FL","2023-01-29",47,0,"COMPLETE",8,true
"RCP_001952","SHP_001877","PO_004992","FL_0011","FL","2023-01-30",143,0,"PARTIAL",6,true
"RCP_001953","SHP_002105","PO_005025","UO_0006","UO","2023-01-30",97,0,"COMPLETE",0,true
"RCP_001954","SHP_001863","PO_008628","UO_0001","UO","2023-01-30",187,0,"COMPLETE",7,true
"RCP_001955","SHP_002065","PO_006484","BP_0002","BP","2023-01-30",137,0,"COMPLETE",1,true
"RCP_001956","SHP_002091","PO_003657","BP_0008","BP","2023-01-30",78,0,"PARTIAL",-1,true
"RCP_001957","SHP_001935","PO_005662","BP_0004","BP","2023-01-30",134,0,"COMPLETE",1,true
"RCP_001958","SHP_001782","PO_002706","FL_0009","FL","2023-01-30",102,0,"COMPLETE",12,true
"RCP_001959","SHP_001990","PO_002061","FL_0002","FL","2023-01-30",184,0,"COMPLETE",2,true
"RCP_001960","SHP_001959","PO_002529","UO_0005","UO","2023-01-30",98,0,"PARTIAL",2,true
"RCP_001961","SHP_001982","PO_003592","UO_0007","UO","2023-01-30",36,0,"COMPLETE",5,true
"RCP_001962","SHP_001807","PO_001615","BP_0007","BP","2023-01-30",20,0,"COMPLETE",5,true
"RCP_001963","SHP_001968","PO_009363","FL_0019","FL","2023-01-30",130,0,"PARTIAL",-1,true
"RCP_001964","SHP_002019","PO_002059","FL_0005","FL","2023-01-30",65,0,"COMPLETE",0,true
"RCP_001965","SHP_001952","PO_006803","FL_0001","FL","2023-01-30",62,0,"PARTIAL",0,true
"RCP_001966","SHP_002063","PO_004580","UO_0010","UO","2023-01-31",83,0,"PARTIAL",0,true
"RCP_001967","SHP_002033","PO_000365","FL_0004","FL","2023-01-31",59,2,"COMPLETE",0,true
"RCP_001968","SHP_001938","PO_008675","UO_0017","UO","2023-01-31",105,0,"COMPLETE",5,true
"RCP_001969","SHP_002073","PO_008773","BP_0017","BP","2023-01-31",76,0,"PARTIAL",-1,true
"RCP_001970","SHP_002054","PO_006423","FL_0011","FL","2023-01-31",163,0,"COMPLETE",-1,true
"RCP_001971","SHP_001974","PO_001005","BP_0019","BP","2023-01-31",128,0,"COMPLETE",4,true
"RCP_001972","SHP_002108","PO_008113","BP_0013","BP","2023-01-31",165,8,"COMPLETE",-1,true
"RCP_001973","SHP_002044","PO_009834","BP_0015","BP","2023-01-31",44,0,"COMPLETE",1,true
"RCP_001974","SHP_002025","PO_006278","FL_0006","FL","2023-01-31",98,0,"COMPLETE",1,true
"RCP_001975","SHP_001983","PO_003771","FL_0009","FL","2023-01-31",87,0,"PARTIAL",-1,true
"RCP_001976","SHP_001966","PO_007116","FL_0012","FL","2023-01-31",114,0,"COMPLETE",1,true
"RCP_001977","SHP_002069","PO_007159","UO_0017","UO","2023-01-31",82,0,"COMPLETE",0,true
"RCP_001978","SHP_001853","PO_009343","UO_0004","UO","2023-01-31",146,0,"COMPLETE",9,true
"RCP_001979","SHP_002047","PO_001774","FL_0004","FL","2023-01-31",187,0,"PARTIAL",-1,true
"RCP_001980","SHP_001793","PO_001313","FL_0019","FL","2023-01-31",39,0,"COMPLETE",12,true
"RCP_001981","SHP_001894","PO_006995","FL_0012","FL","2023-01-31",15,0,"PARTIAL",5,true
"RCP_001982","SHP_002011","PO_005783","FL_0016","FL","2023-01-31",113,0,"COMPLETE",2,true
"RCP_001983","SHP_001843","PO_004572","BP_0007","BP","2023-02-01",24,0,"PARTIAL",5,true
"RCP_001984","SHP_001953","PO_007839","FL_0016","FL","2023-02-01",71,3,"PARTIAL",3,true
"RCP_001985","SHP_002030","PO_009539","BP_0010","BP","2023-02-01",123,0,"COMPLETE",3,true
"RCP_001986","SHP_002034","PO_001240","FL_0007","FL","2023-02-01",198,0,"COMPLETE",1,true
"RCP_001987","SHP_002050","PO_002888","BP_0007","BP","2023-02-01",198,0,"COMPLETE",0,true
"RCP_001988","SHP_001867","PO_001668","BP_0004","BP","2023-02-01",146,0,"PARTIAL",7,true
"RCP_001989","SHP_002018","PO_001791","FL_0008","FL","2023-02-01",75,0,"COMPLETE",2,true
"RCP_001990","SHP_001851","PO_008894","BP_0015","BP","2023-02-01",61,0,"COMPLETE",5,true
"RCP_001991","SHP_002078","PO_002675","BP_0016","BP","2023-02-01",24,0,"COMPLETE",2,true
"RCP_001992","SHP_002068","PO_006981","BP_0017","BP","2023-02-01",13,0,"COMPLETE",-1,true
"RCP_001993","SHP_001956","PO_008089","FL_0009","FL","2023-02-01",14,0,"COMPLETE",2,true
"RCP_001994","SHP_001946","PO_003343","FL_0011","FL","2023-02-01",96,0,"COMPLETE",3,true
"RCP_001995","SHP_002046","PO_001720","BP_0016","BP","2023-02-01",46,0,"PARTIAL",0,true
"RCP_001996","SHP_001944","PO_001583","BP_0012","BP","2023-02-01",140,0,"PARTIAL",2,true
"RCP_001997","SHP_002035","PO_004353","FL_0019","FL","2023-02-01",145,0,"COMPLETE",1,true
"RCP_001998","SHP_001934","PO_004866","UO_0014","UO","2023-02-02",41,0,"COMPLETE",5,true
"RCP_001999","SHP_002138","PO_008496","UO_0016","UO","2023-02-02",176,0,"COMPLETE",1,true
"RCP_002000","SHP_001904","PO_005079","UO_0008","UO","2023-02-02",12,0,"COMPLETE",7,true
"RCP_002001","SHP_001995","PO_005410","BP_0016","BP","2023-02-02",156,0,"COMPLETE",0,true
"RCP_002002","SHP_001912","PO_001042","FL_0019","FL","2023-02-02",154,0,"COMPLETE",5,true
"RCP_002003","SHP_002062","PO_003661","BP_0004","BP","2023-02-02",68,0,"PARTIAL",1,true
"RCP_002004","SHP_002051","PO_003749","BP_0007","BP","2023-02-02",100,0,"PARTIAL",2,true
"RCP_002005","SHP_001921","PO_006405","FL_0020","FL","2023-02-02",13,0,"COMPLETE",5,true
"RCP_002006","SHP_002094","PO_007857","BP_0010","BP","2023-02-02",175,0,"COMPLETE",2,true
"RCP_002007","SHP_001940","PO_010190","BP_0012","BP","2023-02-02",83,0,"COMPLETE",0,true
"RCP_002008","SHP_001970","PO_009776","UO_0013","UO","2023-02-02",132,0,"COMPLETE",5,true
"RCP_002009","SHP_002097","PO_009130","BP_0016","BP","2023-02-02",37,0,"PARTIAL",-1,true
"RCP_002010","SHP_002085","PO_008264","FL_0018","FL","2023-02-02",61,0,"COMPLETE",-1,true
"RCP_002011","SHP_002037","PO_005175","UO_0009","UO","2023-02-03",188,0,"COMPLETE",1,true
"RCP_002012","SHP_002064","PO_005582","BP_0009","BP","2023-02-03",48,0,"COMPLETE",1,true
"RCP_002013","SHP_002148","PO_005639","BP_0017","BP","2023-02-03",14,0,"COMPLETE",-1,true
"RCP_002014","SHP_002152","PO_008158","UO_0005","UO","2023-02-03",69,0,"COMPLETE",1,true
"RCP_002015","SHP_002039","PO_006703","BP_0017","BP","2023-02-03",155,0,"COMPLETE",3,true
"RCP_002016","SHP_002101","PO_001815","UO_0003","UO","2023-02-03",165,0,"COMPLETE",0,true
"RCP_002017","SHP_002066","PO_006580","FL_0002","FL","2023-02-03",12,0,"PARTIAL",1,true
"RCP_002018","SHP_002079","PO_003040","UO_0010","UO","2023-02-03",32,0,"PARTIAL",2,true
"RCP_002019","SHP_002117","PO_006397","UO_0019","UO","2023-02-03",69,0,"COMPLETE",-1,true
"RCP_002020","SHP_001880","PO_006573","FL_0011","FL","2023-02-03",72,0,"COMPLETE",10,true
"RCP_002021","SHP_001954","PO_007849","BP_0014","BP","2023-02-03",15,0,"COMPLETE",0,true
"RCP_002022","SHP_002045","PO_010144","UO_0016","UO","2023-02-03",63,0,"COMPLETE",1,true
"RCP_002023","SHP_001869","PO_002326","BP_0009","BP","2023-02-03",96,0,"COMPLETE",9,true
"RCP_002024","SHP_002053","PO_005838","FL_0012","FL","2023-02-03",24,0,"COMPLETE",2,true
"RCP_002025","SHP_001999","PO_007584","FL_0003","FL","2023-02-03",82,0,"COMPLETE",2,true
"RCP_002026","SHP_002121","PO_007908","BP_0019","BP","2023-02-03",180,0,"COMPLETE",1,true
"RCP_002027","SHP_001927","PO_000460","BP_0020","BP","2023-02-04",127,0,"COMPLETE",6,true
"RCP_002028","SHP_002072","PO_008585","FL_0010","FL","2023-02-04",75,0,"COMPLETE",2,true
"RCP_002029","SHP_002004","PO_002196","FL_0007","FL","2023-02-04",49,0,"PARTIAL",2,true
"RCP_002030","SHP_002021","PO_002259","FL_0016","FL","2023-02-04",82,0,"COMPLETE",0,true
"RCP_002031","SHP_002000","PO_008249","FL_0002","FL","2023-02-04",52,0,"COMPLETE",3,true
"RCP_002032","SHP_002088","PO_009865","BP_0018","BP","2023-02-04",108,0,"COMPLETE",1,true
"RCP_002033","SHP_001975","PO_001355","FL_0014","FL","2023-02-04",27,0,"COMPLETE",3,true
"RCP_002034","SHP_001900","PO_002079","FL_0008","FL","2023-02-04",81,0,"COMPLETE",9,true
"RCP_002035","SHP_002123","PO_009173","UO_0008","UO","2023-02-04",62,0,"COMPLETE",0,true
"RCP_002036","SHP_002157","PO_003287","BP_0016","BP","2023-02-04",88,0,"COMPLETE",-1,true
"RCP_002037","SHP_002002","PO_001764","FL_0008","FL","2023-02-04",120,0,"PARTIAL",2,true
"RCP_002038","SHP_001923","PO_006792","BP_0018","BP","2023-02-04",104,0,"COMPLETE",3,true
"RCP_002039","SHP_001980","PO_003238","FL_0005","FL","2023-02-04",121,5,"COMPLETE",3,true
"RCP_002040","SHP_002098","PO_000103","FL_0018","FL","2023-02-05",73,2,"COMPLETE",0,true
"RCP_002041","SHP_002093","PO_004736","BP_0017","BP","2023-02-05",76,0,"PARTIAL",2,true
"RCP_002042","SHP_002040","PO_008653","FL_0016","FL","2023-02-05",130,0,"PARTIAL",1,true
"RCP_002043","SHP_002171","PO_005568","UO_0016","UO","2023-02-05",24,0,"COMPLETE",1,true
"RCP_002044","SHP_001949","PO_004445","FL_0002","FL","2023-02-05",64,0,"PARTIAL",7,true
"RCP_002045","SHP_001950","PO_006183","BP_0001","BP","2023-02-05",129,0,"COMPLETE",2,true
"RCP_002046","SHP_001895","PO_007013","FL_0012","FL","2023-02-05",82,0,"COMPLETE",11,true
"RCP_002047","SHP_002061","PO_003451","BP_0006","BP","2023-02-05",169,0,"COMPLETE",3,true
"RCP_002048","SHP_002190","PO_007018","UO_0014","UO","2023-02-05",21,1,"COMPLETE",0,true
"RCP_002049","SHP_002006","PO_004331","FL_0009","FL","2023-02-05",17,0,"PARTIAL",3,true
"RCP_002050","SHP_002165","PO_001470","BP_0002","BP","2023-02-05",176,0,"COMPLETE",-1,true
"RCP_002051","SHP_001994","PO_005036","FL_0002","FL","2023-02-06",163,8,"COMPLETE",5,true
"RCP_002052","SHP_002082","PO_005580","BP_0015","BP","2023-02-06",33,0,"COMPLETE",3,true
"RCP_002053","SHP_001996","PO_005629","BP_0006","BP","2023-02-06",77,0,"COMPLETE",0,true
"RCP_002054","SHP_002172","PO_005645","UO_0004","UO","2023-02-06",88,0,"COMPLETE",2,true
"RCP_002055","SHP_002060","PO_002431","FL_0018","FL","2023-02-06",174,0,"COMPLETE",-1,true
"RCP_002056","SHP_001936","PO_006058","BP_0010","BP","2023-02-06",9,0,"PARTIAL",4,true
"RCP_002057","SHP_002103","PO_003676","FL_0009","FL","2023-02-06",171,0,"COMPLETE",1,true
"RCP_002058","SHP_002131","PO_001509","FL_0001","FL","2023-02-06",104,0,"PARTIAL",-1,true
"RCP_002059","SHP_002096","PO_008880","FL_0019","FL","2023-02-06",62,0,"COMPLETE",2,true
"RCP_002060","SHP_002124","PO_009178","UO_0018","UO","2023-02-06",103,0,"COMPLETE",2,true
"RCP_002061","SHP_002058","PO_001454","FL_0011","FL","2023-02-06",148,0,"PARTIAL",0,true
"RCP_002062","SHP_001898","PO_001110","FL_0009","FL","2023-02-06",95,0,"COMPLETE",11,true
"RCP_002063","SHP_002182","PO_001358","UO_0005","UO","2023-02-06",68,0,"COMPLETE",1,true
"RCP_002064","SHP_002168","PO_002951","BP_0017","BP","2023-02-06",55,0,"COMPLETE",0,true
"RCP_002065","SHP_002128","PO_000347","FL_0001","FL","2023-02-07",71,0,"COMPLETE",0,true
"RCP_002066","SHP_002153","PO_008381","UO_0004","UO","2023-02-07",185,0,"PARTIAL",1,true
"RCP_002067","SHP_002055","PO_008497","BP_0004","BP","2023-02-07",22,0,"COMPLETE",1,true
"RCP_002068","SHP_001985","PO_004301","FL_0010","FL","2023-02-07",40,0,"PARTIAL",7,true
"RCP_002069","SHP_002057","PO_009206","FL_0020","FL","2023-02-07",138,0,"COMPLETE",1,true
"RCP_002070","SHP_002111","PO_009316","UO_0001","UO","2023-02-07",48,0,"PARTIAL",4,true
"RCP_002071","SHP_001997","PO_005726","BP_0017","BP","2023-02-07",46,0,"COMPLETE",5,true
"RCP_002072","SHP_002162","PO_006897","BP_0003","BP","2023-02-07",49,0,"COMPLETE",2,true
"RCP_002073","SHP_002142","PO_001849","FL_0001","FL","2023-02-07",34,0,"COMPLETE",-1,true
"RCP_002074","SHP_002049","PO_002670","UO_0006","UO","2023-02-07",108,0,"PARTIAL",4,true
"RCP_002075","SHP_002084","PO_007219","UO_0017","UO","2023-02-07",25,0,"PARTIAL",0,true
"RCP_002076","SHP_002090","PO_001924","UO_0020","UO","2023-02-07",133,0,"COMPLETE",1,true
"RCP_002077","SHP_002076","PO_001248","FL_0011","FL","2023-02-07",82,0,"COMPLETE",-1,true
"RCP_002078","SHP_002031","PO_000094","FL_0016","FL","2023-02-08",177,0,"COMPLETE",3,true
"RCP_002079","SHP_001961","PO_003919","UO_0002","UO","2023-02-08",189,0,"COMPLETE",9,true
"RCP_002080","SHP_002109","PO_008659","BP_0016","BP","2023-02-08",28,0,"PARTIAL",3,true
"RCP_002081","SHP_001948","PO_004235","FL_0006","FL","2023-02-08",174,0,"COMPLETE",10,true
"RCP_002082","SHP_002070","PO_007788","FL_0007","FL","2023-02-08",160,0,"COMPLETE",1,true
"RCP_002083","SHP_002015","PO_009646","BP_0017","BP","2023-02-08",130,0,"COMPLETE",1,true
"RCP_002084","SHP_002155","PO_009994","FL_0020","FL","2023-02-08",82,0,"COMPLETE",0,true
"RCP_002085","SHP_002127","PO_010054","FL_0003","FL","2023-02-08",189,7,"COMPLETE",2,true
"RCP_002086","SHP_002194","PO_001394","UO_0014","UO","2023-02-08",176,0,"COMPLETE",2,true
"RCP_002087","SHP_002106","PO_006556","BP_0016","BP","2023-02-08",183,0,"COMPLETE",3,true
"RCP_002088","SHP_002115","PO_002660","FL_0010","FL","2023-02-08",86,0,"COMPLETE",2,true
"RCP_002089","SHP_001932","PO_003507","FL_0020","FL","2023-02-08",130,2,"COMPLETE",11,true
"RCP_002090","SHP_002043","PO_009338","BP_0008","BP","2023-02-08",180,0,"COMPLETE",3,true
"RCP_002091","SHP_002020","PO_002103","BP_0010","BP","2023-02-08",21,0,"COMPLETE",0,true
"RCP_002092","SHP_002112","PO_000910","FL_0017","FL","2023-02-08",111,0,"COMPLETE",2,true
"RCP_002093","SHP_002134","PO_004719","BP_0018","BP","2023-02-09",180,0,"COMPLETE",3,true
"RCP_002094","SHP_002187","PO_005121","BP_0019","BP","2023-02-09",56,0,"COMPLETE",2,true
"RCP_002095","SHP_001947","PO_004067","BP_0016","BP","2023-02-09",141,0,"PARTIAL",10,true
"RCP_002096","SHP_002135","PO_005606","FL_0014","FL","2023-02-09",157,0,"COMPLETE",2,true
"RCP_002097","SHP_002181","PO_001031","BP_0007","BP","2023-02-09",73,0,"COMPLETE",2,true
"RCP_002098","SHP_002086","PO_009593","BP_0001","BP","2023-02-09",61,0,"COMPLETE",1,true
"RCP_002099","SHP_002227","PO_009682","BP_0002","BP","2023-02-09",155,0,"COMPLETE",0,true
"RCP_002100","SHP_002126","PO_009780","BP_0008","BP","2023-02-09",55,0,"PARTIAL",3,true
"RCP_002101","SHP_002139","PO_009975","FL_0020","FL","2023-02-09",161,0,"COMPLETE",2,true
"RCP_002102","SHP_001951","PO_006407","FL_0004","FL","2023-02-09",146,0,"COMPLETE",11,true
"RCP_002103","SHP_002132","PO_001621","FL_0010","FL","2023-02-09",37,0,"COMPLETE",2,true
"RCP_002104","SHP_002118","PO_006704","UO_0005","UO","2023-02-09",134,0,"COMPLETE",5,true
"RCP_002105","SHP_002215","PO_001495","UO_0002","UO","2023-02-09",76,0,"COMPLETE",2,true
"RCP_002106","SHP_001962","PO_005612","UO_0001","UO","2023-02-09",156,0,"COMPLETE",10,true
"RCP_002107","SHP_002137","PO_006854","FL_0011","FL","2023-02-09",22,0,"COMPLETE",2,true
"RCP_002108","SHP_002026","PO_007593","FL_0004","FL","2023-02-09",96,3,"COMPLETE",6,true
"RCP_002109","SHP_002032","PO_000099","FL_0010","FL","2023-02-10",30,0,"COMPLETE",6,true
"RCP_002110","SHP_002081","PO_005406","FL_0012","FL","2023-02-10",94,0,"PARTIAL",3,true
"RCP_002111","SHP_002038","PO_006440","BP_0013","BP","2023-02-10",131,0,"COMPLETE",5,true
"RCP_002112","SHP_002056","PO_009047","BP_0017","BP","2023-02-10",125,0,"COMPLETE",0,true
"RCP_002113","SHP_002192","PO_009165","FL_0007","FL","2023-02-10",157,0,"COMPLETE",-1,true
"RCP_002114","SHP_002059","PO_002271","FL_0009","FL","2023-02-10",130,0,"COMPLETE",4,true
"RCP_002115","SHP_002173","PO_006102","BP_0002","BP","2023-02-10",55,0,"COMPLETE",0,true
"RCP_002116","SHP_002003","PO_001989","BP_0019","BP","2023-02-10",144,0,"COMPLETE",7,true
"RCP_002117","SHP_002167","PO_001995","FL_0012","FL","2023-02-10",175,0,"COMPLETE",0,true
"RCP_002118","SHP_002191","PO_007681","BP_0017","BP","2023-02-10",17,0,"COMPLETE",0,true
"RCP_002119","SHP_002095","PO_008760","UO_0008","UO","2023-02-10",150,0,"PARTIAL",4,true
"RCP_002120","SHP_001991","PO_002200","UO_0005","UO","2023-02-10",68,0,"COMPLETE",9,true
"RCP_002121","SHP_002251","PO_009883","UO_0017","UO","2023-02-10",14,0,"PARTIAL",1,true
"RCP_002122","SHP_002236","PO_004526","BP_0017","BP","2023-02-10",48,0,"COMPLETE",0,true
"RCP_002123","SHP_001992","PO_003927","FL_0008","FL","2023-02-11",18,1,"COMPLETE",10,true
"RCP_002124","SHP_001993","PO_004236","BP_0006","BP","2023-02-11",83,0,"COMPLETE",5,true
"RCP_002125","SHP_002120","PO_007721","FL_0005","FL","2023-02-11",121,0,"PARTIAL",1,true
"RCP_002126","SHP_002174","PO_008170","FL_0017","FL","2023-02-11",126,3,"COMPLETE",1,true
"RCP_002127","SHP_002010","PO_005704","BP_0012","BP","2023-02-11",189,3,"COMPLETE",4,true
"RCP_002128","SHP_002247","PO_005772","UO_0001","UO","2023-02-11",102,0,"COMPLETE",2,true
"RCP_002129","SHP_001976","PO_001415","FL_0019","FL","2023-02-11",32,0,"PARTIAL",11,true
"RCP_002130","SHP_002005","PO_002519","FL_0003","FL","2023-02-11",50,0,"PARTIAL",9,true
"RCP_002131","SHP_002193","PO_010015","FL_0002","FL","2023-02-11",71,0,"COMPLETE",0,true
"RCP_002132","SHP_002169","PO_003346","UO_0002","UO","2023-02-11",133,2,"PARTIAL",3,true
"RCP_002133","SHP_002107","PO_006900","FL_0001","FL","2023-02-11",198,0,"COMPLETE",1,true
"RCP_002134","SHP_002196","PO_001809","FL_0018","FL","2023-02-11",134,0,"COMPLETE",-1,true
"RCP_002135","SHP_002007","PO_004349","BP_0020","BP","2023-02-11",123,2,"COMPLETE",8,true
"RCP_002136","SHP_002147","PO_005226","FL_0003","FL","2023-02-12",62,0,"COMPLETE",-1,true
"RCP_002137","SHP_002207","PO_008809","BP_0005","BP","2023-02-12",125,0,"COMPLETE",0,true
"RCP_002138","SHP_002024","PO_005447","FL_0004","FL","2023-02-12",71,1,"PARTIAL",9,true
"RCP_002139","SHP_002027","PO_008966","BP_0017","BP","2023-02-12",20,0,"PARTIAL",4,true
"RCP_002140","SHP_002164","PO_009591","BP_0014","BP","2023-02-12",57,0,"COMPLETE",3,true
"RCP_002141","SHP_002141","PO_000937","BP_0010","BP","2023-02-12",135,0,"COMPLETE",5,true
"RCP_002142","SHP_002089","PO_010155","FL_0003","FL","2023-02-12",11,0,"PARTIAL",4,true
"RCP_002143","SHP_002092","PO_004488","BP_0020","BP","2023-02-12",118,0,"PARTIAL",3,true
"RCP_002144","SHP_001978","PO_002332","FL_0016","FL","2023-02-12",19,0,"COMPLETE",12,true
"RCP_002145","SHP_002230","PO_000805","UO_0020","UO","2023-02-12",174,0,"COMPLETE",0,true
"RCP_002146","SHP_002129","PO_000833","UO_0002","UO","2023-02-12",123,0,"COMPLETE",3,true
"RCP_002147","SHP_002150","PO_006311","UO_0008","UO","2023-02-12",40,0,"PARTIAL",0,true
"RCP_002148","SHP_002110","PO_009061","FL_0001","FL","2023-02-12",81,0,"COMPLETE",3,true
"RCP_002149","SHP_002028","PO_009075","BP_0019","BP","2023-02-12",28,0,"PARTIAL",8,true
"RCP_002150","SHP_002075","PO_000130","FL_0013","FL","2023-02-13",145,0,"COMPLETE",5,true
"RCP_002151","SHP_002023","PO_005265","BP_0017","BP","2023-02-13",18,0,"COMPLETE",5,true
"RCP_002152","SHP_002036","PO_004911","FL_0016","FL","2023-02-13",124,3,"COMPLETE",9,true
"RCP_002153","SHP_002080","PO_003961","BP_0003","BP","2023-02-13",29,0,"COMPLETE",1,true
"RCP_002154","SHP_002041","PO_008668","BP_0009","BP","2023-02-13",41,0,"COMPLETE",4,true
"RCP_002155","SHP_002161","PO_005476","BP_0012","BP","2023-02-13",83,0,"COMPLETE",5,true
"RCP_002156","SHP_002226","PO_009439","FL_0016","FL","2023-02-13",89,0,"COMPLETE",0,true
"RCP_002157","SHP_002197","PO_002122","FL_0017","FL","2023-02-13",179,4,"COMPLETE",1,true
"RCP_002158","SHP_002183","PO_001504","BP_0018","BP","2023-02-13",13,0,"PARTIAL",3,true
"RCP_002159","SHP_002332","PO_007484","UO_0018","UO","2023-02-13",100,0,"COMPLETE",-1,true
"RCP_002160","SHP_002017","PO_001653","BP_0020","BP","2023-02-13",139,0,"PARTIAL",9,true
"RCP_002161","SHP_002159","PO_004994","BP_0010","BP","2023-02-13",87,0,"COMPLETE",4,true
"RCP_002162","SHP_002177","PO_008853","BP_0007","BP","2023-02-13",35,0,"COMPLETE",4,true
"RCP_002163","SHP_002198","PO_002806","FL_0002","FL","2023-02-13",113,0,"COMPLETE",1,true
"RCP_002164","SHP_002199","PO_002866","BP_0015","BP","2023-02-13",64,0,"PARTIAL",1,true
"RCP_002165","SHP_002231","PO_001255","BP_0001","BP","2023-02-13",51,0,"COMPLETE",0,true
"RCP_002166","SHP_002243","PO_003239","BP_0018","BP","2023-02-13",93,0,"COMPLETE",2,true
"RCP_002167","SHP_002241","PO_009972","FL_0009","FL","2023-02-13",96,0,"COMPLETE",-1,true
"RCP_002168","SHP_002170","PO_003500","BP_0007","BP","2023-02-13",127,0,"COMPLETE",3,true
"RCP_002169","SHP_002012","PO_006977","BP_0008","BP","2023-02-13",139,0,"COMPLETE",10,true
"RCP_002170","SHP_002133","PO_004093","FL_0011","FL","2023-02-14",156,0,"COMPLETE",3,true
"RCP_002171","SHP_002074","PO_008811","BP_0017","BP","2023-02-14",195,0,"COMPLETE",3,true
"RCP_002172","SHP_002178","PO_010034","FL_0006","FL","2023-02-14",45,0,"COMPLETE",0,true
"RCP_002173","SHP_002217","PO_003623","UO_0015","UO","2023-02-14",132,0,"COMPLETE",-1,true
"RCP_002174","SHP_002145","PO_003836","FL_0004","FL","2023-02-14",46,0,"COMPLETE",2,true
"RCP_002175","SHP_002203","PO_005924","FL_0018","FL","2023-02-14",179,0,"COMPLETE",2,true
"RCP_002176","SHP_002048","PO_001869","FL_0001","FL","2023-02-14",32,0,"PARTIAL",9,true
"RCP_002177","SHP_002149","PO_005847","BP_0017","BP","2023-02-14",111,0,"COMPLETE",1,true
"RCP_002178","SHP_002166","PO_001850","BP_0020","BP","2023-02-14",149,0,"COMPLETE",4,true
"RCP_002179","SHP_002083","PO_006121","FL_0018","FL","2023-02-14",198,0,"COMPLETE",7,true
"RCP_002180","SHP_002238","PO_008999","BP_0018","BP","2023-02-14",185,0,"COMPLETE",1,true
"RCP_002181","SHP_002223","PO_006919","FL_0013","FL","2023-02-14",63,0,"COMPLETE",1,true
"RCP_002182","SHP_002229","PO_000015","FL_0018","FL","2023-02-15",160,0,"COMPLETE",1,true
"RCP_002183","SHP_002212","PO_000301","BP_0008","BP","2023-02-15",98,0,"PARTIAL",3,true
"RCP_002184","SHP_002237","PO_004695","BP_0007","BP","2023-02-15",187,0,"COMPLETE",2,true
"RCP_002185","SHP_002299","PO_000483","BP_0002","BP","2023-02-15",34,0,"COMPLETE",0,true
"RCP_002186","SHP_002186","PO_003935","BP_0019","BP","2023-02-15",176,0,"COMPLETE",5,true
"RCP_002187","SHP_002052","PO_005205","BP_0012","BP","2023-02-15",171,0,"COMPLETE",5,true
"RCP_002188","SHP_002234","PO_004016","FL_0017","FL","2023-02-15",91,0,"COMPLETE",1,true
"RCP_002189","SHP_002122","PO_008769","FL_0010","FL","2023-02-15",89,0,"COMPLETE",5,true
"RCP_002190","SHP_002261","PO_005539","FL_0019","FL","2023-02-15",96,0,"COMPLETE",-1,true
"RCP_002191","SHP_002276","PO_002374","BP_0007","BP","2023-02-15",130,0,"PARTIAL",-1,true
"RCP_002192","SHP_002213","PO_000782","BP_0010","BP","2023-02-15",156,0,"COMPLETE",3,true
"RCP_002193","SHP_002114","PO_001777","BP_0008","BP","2023-02-15",43,0,"PARTIAL",0,true
"RCP_002194","SHP_002220","PO_005855","FL_0014","FL","2023-02-15",161,0,"COMPLETE",2,true
"RCP_002195","SHP_002270","PO_010189","FL_0011","FL","2023-02-15",121,0,"COMPLETE",-1,true
"RCP_002196","SHP_002305","PO_003042","BP_0008","BP","2023-02-15",190,0,"COMPLETE",0,true
"RCP_002197","SHP_002185","PO_003905","BP_0015","BP","2023-02-15",161,0,"COMPLETE",5,true
"RCP_002198","SHP_002119","PO_007575","FL_0017","FL","2023-02-15",193,0,"COMPLETE",4,true
"RCP_002199","SHP_002340","PO_001154","BP_0019","BP","2023-02-16",41,0,"COMPLETE",-1,true
"RCP_002200","SHP_002209","PO_009680","BP_0001","BP","2023-02-16",135,0,"PARTIAL",4,true
"RCP_002201","SHP_002239","PO_009934","FL_0020","FL","2023-02-16",55,0,"COMPLETE",2,true
"RCP_002202","SHP_002189","PO_006207","FL_0017","FL","2023-02-16",66,0,"COMPLETE",0,true
"RCP_002203","SHP_002113","PO_001482","FL_0003","FL","2023-02-16",21,0,"PARTIAL",6,true
"RCP_002204","SHP_002266","PO_007550","UO_0001","UO","2023-02-16",131,0,"COMPLETE",2,true
"RCP_002205","SHP_002102","PO_002754","BP_0012","BP","2023-02-16",143,0,"PARTIAL",2,true
"RCP_002206","SHP_002269","PO_009249","FL_0011","FL","2023-02-16",176,0,"COMPLETE",0,true
"RCP_002207","SHP_002257","PO_002912","FL_0017","FL","2023-02-16",95,0,"COMPLETE",0,true
"RCP_002208","SHP_002130","PO_001112","BP_0014","BP","2023-02-16",197,0,"COMPLETE",0,true
"RCP_002209","SHP_002077","PO_002180","BP_0016","BP","2023-02-16",87,0,"COMPLETE",4,true
"RCP_002210","SHP_002222","PO_006544","UO_0004","UO","2023-02-16",22,0,"PARTIAL",5,true
"RCP_002211","SHP_002225","PO_007369","UO_0003","UO","2023-02-16",185,0,"COMPLETE",5,true
"RCP_002212","SHP_002259","PO_004159","BP_0001","BP","2023-02-17",133,0,"PARTIAL",1,true
"RCP_002213","SHP_002260","PO_005430","UO_0020","UO","2023-02-17",47,0,"PARTIAL",3,true
"RCP_002214","SHP_002272","PO_000995","UO_0009","UO","2023-02-17",156,0,"COMPLETE",2,true
"RCP_002215","SHP_002179","PO_001008","BP_0018","BP","2023-02-17",113,0,"COMPLETE",1,true
"RCP_002216","SHP_002151","PO_008025","FL_0014","FL","2023-02-17",163,0,"COMPLETE",4,true
"RCP_002217","SHP_002206","PO_008111","BP_0003","BP","2023-02-17",135,0,"COMPLETE",5,true
"RCP_002218","SHP_002232","PO_002266","BP_0019","BP","2023-02-17",140,0,"COMPLETE",4,true
"RCP_002219","SHP_002228","PO_009686","FL_0006","FL","2023-02-17",99,0,"COMPLETE",-1,true
"RCP_002220","SHP_002240","PO_009942","BP_0015","BP","2023-02-17",145,0,"COMPLETE",3,true
"RCP_002221","SHP_002216","PO_002636","BP_0003","BP","2023-02-17",134,0,"COMPLETE",4,true
"RCP_002222","SHP_002309","PO_005624","BP_0004","BP","2023-02-17",50,0,"COMPLETE",-1,true
"RCP_002223","SHP_002317","PO_009115","BP_0019","BP","2023-02-17",194,0,"COMPLETE",-1,true
"RCP_002224","SHP_002205","PO_007276","UO_0013","UO","2023-02-17",142,0,"COMPLETE",3,true
"RCP_002225","SHP_002280","PO_006141","FL_0004","FL","2023-02-17",83,0,"PARTIAL",0,true
"RCP_002226","SHP_002256","PO_001716","BP_0016","BP","2023-02-17",103,0,"COMPLETE",2,true
"RCP_002227","SHP_002099","PO_000930","BP_0003","BP","2023-02-17",44,0,"COMPLETE",3,true
"RCP_002228","SHP_002290","PO_004876","UO_0013","UO","2023-02-18",186,0,"COMPLETE",2,true
"RCP_002229","SHP_002245","PO_004181","UO_0002","UO","2023-02-18",71,0,"COMPLETE",5,true
"RCP_002230","SHP_002283","PO_008790","UO_0015","UO","2023-02-18",179,0,"PARTIAL",3,true
"RCP_002231","SHP_002278","PO_004309","BP_0013","BP","2023-02-18",182,0,"COMPLETE",1,true
"RCP_002232","SHP_002264","PO_006477","FL_0009","FL","2023-02-18",93,0,"COMPLETE",2,true
"RCP_002233","SHP_002371","PO_006412","BP_0019","BP","2023-02-18",77,0,"COMPLETE",-1,true
"RCP_002234","SHP_002291","PO_006828","UO_0005","UO","2023-02-18",124,0,"PARTIAL",2,true
"RCP_002235","SHP_002224","PO_007233","FL_0019","FL","2023-02-18",145,0,"PARTIAL",0,true
"RCP_002236","SHP_002163","PO_007427","FL_0014","FL","2023-02-18",36,0,"PARTIAL",5,true
"RCP_002237","SHP_002366","PO_001108","UO_0003","UO","2023-02-18",60,0,"COMPLETE",1,true
"RCP_002238","SHP_002358","PO_006924","BP_0001","BP","2023-02-18",56,3,"COMPLETE",0,true
"RCP_002239","SHP_002265","PO_007540","FL_0010","FL","2023-02-18",71,0,"COMPLETE",2,true
"RCP_002240","SHP_002195","PO_001724","FL_0006","FL","2023-02-18",93,0,"COMPLETE",1,true
"RCP_002241","SHP_002125","PO_009536","UO_0005","UO","2023-02-18",165,0,"COMPLETE",8,true
"RCP_002242","SHP_002242","PO_003213","UO_0001","UO","2023-02-18",117,0,"PARTIAL",5,true
"RCP_002243","SHP_002221","PO_005859","BP_0017","BP","2023-02-18",160,0,"COMPLETE",5,true
"RCP_002244","SHP_002176","PO_008775","BP_0017","BP","2023-02-19",128,0,"COMPLETE",4,true
"RCP_002245","SHP_002341","PO_001176","BP_0004","BP","2023-02-19",32,0,"COMPLETE",2,true
"RCP_002246","SHP_002100","PO_001484","FL_0002","FL","2023-02-19",172,0,"COMPLETE",10,true
"RCP_002247","SHP_002347","PO_008318","UO_0004","UO","2023-02-19",53,0,"COMPLETE",0,true
"RCP_002248","SHP_002104","PO_003699","BP_0014","BP","2023-02-19",161,0,"COMPLETE",9,true
"RCP_002249","SHP_002319","PO_009952","FL_0016","FL","2023-02-19",149,0,"COMPLETE",0,true
"RCP_002250","SHP_002325","PO_003639","BP_0020","BP","2023-02-19",70,0,"COMPLETE",-1,true
"RCP_002251","SHP_002378","PO_008267","UO_0014","UO","2023-02-19",86,0,"COMPLETE",2,true
"RCP_002252","SHP_002156","PO_002571","FL_0013","FL","2023-02-19",12,0,"COMPLETE",6,true
"RCP_002253","SHP_002396","PO_004604","BP_0005","BP","2023-02-20",98,0,"PARTIAL",-1,true
"RCP_002254","SHP_002308","PO_004687","FL_0004","FL","2023-02-20",142,0,"COMPLETE",1,true
"RCP_002255","SHP_002116","PO_004708","FL_0011","FL","2023-02-20",95,6,"PARTIAL",10,true
"RCP_002256","SHP_002337","PO_008657","FL_0018","FL","2023-02-20",199,0,"COMPLETE",0,true
"RCP_002257","SHP_002282","PO_008254","BP_0017","BP","2023-02-20",92,0,"COMPLETE",3,true
"RCP_002258","SHP_002279","PO_006010","BP_0006","BP","2023-02-20",101,3,"COMPLETE",3,true
"RCP_002259","SHP_002214","PO_000938","UO_0020","UO","2023-02-20",48,0,"COMPLETE",5,true
"RCP_002260","SHP_002271","PO_000842","BP_0006","BP","2023-02-20",26,0,"COMPLETE",3,true
"RCP_002261","SHP_002331","PO_006340","FL_0008","FL","2023-02-20",133,0,"COMPLETE",0,true
"RCP_002262","SHP_002303","PO_002683","FL_0005","FL","2023-02-20",148,0,"COMPLETE",1,true
"RCP_002263","SHP_002339","PO_009000","BP_0019","BP","2023-02-20",177,0,"COMPLETE",0,true
"RCP_002264","SHP_002218","PO_004025","FL_0020","FL","2023-02-20",79,0,"COMPLETE",3,true
"RCP_002265","SHP_002312","PO_006245","FL_0010","FL","2023-02-20",191,0,"COMPLETE",1,true
"RCP_002266","SHP_002314","PO_006810","FL_0019","FL","2023-02-20",41,0,"COMPLETE",1,true
"RCP_002267","SHP_002405","PO_003999","BP_0015","BP","2023-02-21",141,0,"COMPLETE",-1,true
"RCP_002268","SHP_002246","PO_005538","FL_0016","FL","2023-02-21",88,0,"COMPLETE",2,true
"RCP_002269","SHP_002310","PO_005655","BP_0002","BP","2023-02-21",107,0,"PARTIAL",3,true
"RCP_002270","SHP_002335","PO_008295","UO_0005","UO","2023-02-21",123,0,"PARTIAL",-1,true
"RCP_002271","SHP_002296","PO_010096","BP_0010","BP","2023-02-21",14,0,"COMPLETE",3,true
"RCP_002272","SHP_002297","PO_010098","BP_0013","BP","2023-02-21",118,0,"PARTIAL",3,true
"RCP_002273","SHP_002342","PO_002140","BP_0017","BP","2023-02-21",167,0,"COMPLETE",0,true
"RCP_002274","SHP_002374","PO_007216","BP_0019","BP","2023-02-21",34,0,"COMPLETE",2,true
"RCP_002275","SHP_002351","PO_001631","UO_0014","UO","2023-02-21",134,0,"COMPLETE",1,true
"RCP_002276","SHP_002350","PO_009452","FL_0007","FL","2023-02-21",91,0,"PARTIAL",0,true
"RCP_002277","SHP_002208","PO_009570","UO_0005","UO","2023-02-21",42,0,"PARTIAL",5,true
"RCP_002278","SHP_002329","PO_005208","BP_0001","BP","2023-02-21",79,0,"COMPLETE",2,true
"RCP_002279","SHP_002274","PO_001318","FL_0018","FL","2023-02-21",47,0,"PARTIAL",-1,true
"RCP_002280","SHP_002289","PO_004589","FL_0014","FL","2023-02-22",151,0,"COMPLETE",0,true
"RCP_002281","SHP_002160","PO_005266","BP_0010","BP","2023-02-22",143,0,"PARTIAL",8,true
"RCP_002282","SHP_002267","PO_008375","UO_0020","UO","2023-02-22",141,0,"COMPLETE",2,true
"RCP_002283","SHP_002146","PO_004375","FL_0019","FL","2023-02-22",133,0,"COMPLETE",10,true
"RCP_002284","SHP_002372","PO_006464","BP_0018","BP","2023-02-22",34,0,"COMPLETE",0,true
"RCP_002285","SHP_002449","PO_009868","UO_0012","UO","2023-02-22",97,0,"COMPLETE",-1,true
"RCP_002286","SHP_002318","PO_009911","UO_0009","UO","2023-02-22",73,0,"PARTIAL",1,true
"RCP_002287","SHP_002352","PO_002952","BP_0013","BP","2023-02-22",189,0,"COMPLETE",1,true
"RCP_002288","SHP_002184","PO_003017","BP_0003","BP","2023-02-22",105,0,"COMPLETE",2,true
"RCP_002289","SHP_002398","PO_005773","BP_0007","BP","2023-02-22",176,0,"COMPLETE",1,true
"RCP_002290","SHP_002140","PO_000900","BP_0010","BP","2023-02-22",56,0,"COMPLETE",9,true
"RCP_002291","SHP_002293","PO_007105","BP_0017","BP","2023-02-22",47,0,"COMPLETE",5,true
"RCP_002292","SHP_002143","PO_001893","FL_0006","FL","2023-02-22",44,0,"COMPLETE",10,true
"RCP_002293","SHP_002327","PO_004480","FL_0014","FL","2023-02-22",24,0,"COMPLETE",2,true
"RCP_002294","SHP_002418","PO_001494","BP_0018","BP","2023-02-22",186,0,"COMPLETE",-1,true
"RCP_002295","SHP_002200","PO_003464","FL_0007","FL","2023-02-22",144,0,"COMPLETE",6,true
"RCP_002296","SHP_002355","PO_004166","FL_0007","FL","2023-02-22",121,0,"COMPLETE",0,true
"RCP_002297","SHP_002330","PO_005878","FL_0002","FL","2023-02-22",95,0,"COMPLETE",2,true
"RCP_002298","SHP_002144","PO_002197","BP_0017","BP","2023-02-22",80,0,"PARTIAL",9,true
"RCP_002299","SHP_002390","PO_000203","BP_0005","BP","2023-02-23",189,0,"COMPLETE",2,true
"RCP_002300","SHP_002254","PO_000275","FL_0011","FL","2023-02-23",30,0,"COMPLETE",2,true
"RCP_002301","SHP_002158","PO_004734","FL_0017","FL","2023-02-23",80,0,"PARTIAL",10,true
"RCP_002302","SHP_002201","PO_003969","FL_0005","FL","2023-02-23",76,0,"COMPLETE",7,true
"RCP_002303","SHP_002295","PO_008656","BP_0019","BP","2023-02-23",135,0,"COMPLETE",5,true
"RCP_002304","SHP_002235","PO_004440","BP_0002","BP","2023-02-23",146,0,"COMPLETE",0,true
"RCP_002305","SHP_002348","PO_009198","BP_0019","BP","2023-02-23",125,0,"COMPLETE",3,true
"RCP_002306","SHP_002154","PO_009419","FL_0013","FL","2023-02-23",194,0,"COMPLETE",11,true
"RCP_002307","SHP_002377","PO_008245","BP_0020","BP","2023-02-23",120,0,"PARTIAL",1,true
"RCP_002308","SHP_002252","PO_010078","FL_0009","FL","2023-02-23",127,0,"COMPLETE",4,true
"RCP_002309","SHP_002370","PO_005987","FL_0010","FL","2023-02-23",94,0,"COMPLETE",0,true
"RCP_002310","SHP_002262","PO_006003","FL_0013","FL","2023-02-23",152,0,"COMPLETE",3,true
"RCP_002311","SHP_002263","PO_006361","FL_0001","FL","2023-02-23",26,0,"PARTIAL",3,true
"RCP_002312","SHP_002354","PO_003313","BP_0005","BP","2023-02-23",177,0,"COMPLETE",1,true
"RCP_002313","SHP_002288","PO_003682","BP_0002","BP","2023-02-23",98,0,"PARTIAL",0,true
"RCP_002314","SHP_002344","PO_003719","BP_0018","BP","2023-02-23",101,0,"PARTIAL",3,true
"RCP_002315","SHP_002428","PO_000975","UO_0009","UO","2023-02-23",182,0,"COMPLETE",1,true
"RCP_002316","SHP_002333","PO_007527","BP_0013","BP","2023-02-23",86,0,"COMPLETE",4,true
"RCP_002317","SHP_002424","PO_010023","UO_0014","UO","2023-02-23",26,0,"COMPLETE",2,true
"RCP_002318","SHP_002255","PO_001670","FL_0020","FL","2023-02-23",62,0,"COMPLETE",3,true
"RCP_002319","SHP_002346","PO_007409","BP_0015","BP","2023-02-23",72,0,"COMPLETE",3,true
"RCP_002320","SHP_002431","PO_002634","UO_0020","UO","2023-02-23",99,0,"COMPLETE",1,true
"RCP_002321","SHP_002406","PO_004698","BP_0008","BP","2023-02-24",41,0,"COMPLETE",-1,true
"RCP_002322","SHP_002286","PO_002439","FL_0004","FL","2023-02-24",198,0,"COMPLETE",1,true
"RCP_002323","SHP_002211","PO_010066","UO_0013","UO","2023-02-24",65,0,"COMPLETE",8,true
"RCP_002324","SHP_002136","PO_005721","BP_0018","BP","2023-02-24",133,0,"COMPLETE",12,true
"RCP_002325","SHP_002268","PO_008931","BP_0020","BP","2023-02-24",184,5,"COMPLETE",-1,true
"RCP_002326","SHP_002248","PO_007523","BP_0019","BP","2023-02-24",184,0,"COMPLETE",0,true
"RCP_002327","SHP_002273","PO_001009","UO_0016","UO","2023-02-24",66,0,"COMPLETE",3,true
"RCP_002328","SHP_002411","PO_007443","BP_0012","BP","2023-02-24",12,0,"PARTIAL",2,true
"RCP_002329","SHP_002361","PO_008086","BP_0016","BP","2023-02-24",47,0,"PARTIAL",2,true
"RCP_002330","SHP_002425","PO_000176","UO_0014","UO","2023-02-25",22,0,"PARTIAL",-1,true
"RCP_002331","SHP_002391","PO_000261","FL_0003","FL","2023-02-25",129,0,"COMPLETE",0,true
"RCP_002332","SHP_002202","PO_004993","BP_0002","BP","2023-02-25",38,0,"COMPLETE",8,true
"RCP_002333","SHP_002387","PO_005080","BP_0001","BP","2023-02-25",54,0,"COMPLETE",2,true
"RCP_002334","SHP_002388","PO_005414","UO_0012","UO","2023-02-25",73,0,"COMPLETE",3,true
"RCP_002335","SHP_002275","PO_002281","BP_0007","BP","2023-02-25",29,0,"COMPLETE",-1,true
"RCP_002336","SHP_002302","PO_002432","BP_0014","BP","2023-02-25",130,0,"COMPLETE",1,true
"RCP_002337","SHP_002219","PO_005216","BP_0006","BP","2023-02-25",41,0,"COMPLETE",7,true
"RCP_002338","SHP_002233","PO_002956","BP_0013","BP","2023-02-25",47,0,"PARTIAL",6,true
"RCP_002339","SHP_002384","PO_003144","FL_0011","FL","2023-02-25",17,0,"COMPLETE",1,true
"RCP_002340","SHP_002258","PO_003812","FL_0011","FL","2023-02-25",182,0,"COMPLETE",5,true
"RCP_002341","SHP_002281","PO_006957","FL_0012","FL","2023-02-25",63,0,"COMPLETE",3,true
"RCP_002342","SHP_002294","PO_008016","FL_0002","FL","2023-02-25",23,0,"PARTIAL",3,true
"RCP_002343","SHP_002345","PO_006406","UO_0013","UO","2023-02-25",13,0,"COMPLETE",2,true
"RCP_002344","SHP_002253","PO_000218","FL_0018","FL","2023-02-26",106,0,"PARTIAL",5,true
"RCP_002345","SHP_002420","PO_004793","FL_0008","FL","2023-02-26",92,0,"COMPLETE",-1,true
"RCP_002346","SHP_002250","PO_009317","FL_0013","FL","2023-02-26",91,0,"PARTIAL",7,true
"RCP_002347","SHP_002380","PO_009598","BP_0016","BP","2023-02-26",82,0,"COMPLETE",4,true
"RCP_002348","SHP_002375","PO_007587","BP_0008","BP","2023-02-26",23,0,"PARTIAL",3,true
"RCP_002349","SHP_002415","PO_010170","BP_0014","BP","2023-02-26",83,0,"COMPLETE",1,true
"RCP_002350","SHP_002304","PO_002793","BP_0001","BP","2023-02-26",144,0,"COMPLETE",2,true
"RCP_002351","SHP_002399","PO_007361","UO_0018","UO","2023-02-26",63,0,"COMPLETE",3,true
"RCP_002352","SHP_002204","PO_006080","BP_0014","BP","2023-02-26",164,0,"COMPLETE",5,true
"RCP_002353","SHP_002292","PO_006862","FL_0010","FL","2023-02-26",100,0,"PARTIAL",3,true
"RCP_002354","SHP_002393","PO_001284","UO_0010","UO","2023-02-26",62,0,"COMPLETE",3,true
"RCP_002355","SHP_002316","PO_008008","UO_0007","UO","2023-02-26",136,0,"COMPLETE",5,true
"RCP_002356","SHP_002386","PO_003428","UO_0017","UO","2023-02-26",63,0,"COMPLETE",4,true
"RCP_002357","SHP_002407","PO_004859","FL_0008","FL","2023-02-27",145,0,"PARTIAL",1,true
"RCP_002358","SHP_002408","PO_004932","FL_0011","FL","2023-02-27",119,0,"COMPLETE",1,true
"RCP_002359","SHP_002400","PO_008699","FL_0004","FL","2023-02-27",193,0,"COMPLETE",2,true
"RCP_002360","SHP_002180","PO_001026","FL_0007","FL","2023-02-27",66,0,"COMPLETE",12,true
"RCP_002361","SHP_002457","PO_007978","UO_0010","UO","2023-02-27",16,0,"PARTIAL",-1,true
"RCP_002362","SHP_002175","PO_008285","BP_0017","BP","2023-02-27",166,0,"COMPLETE",12,true
"RCP_002363","SHP_002409","PO_005697","UO_0003","UO","2023-02-27",119,0,"COMPLETE",3,true
"RCP_002364","SHP_002427","PO_000856","UO_0015","UO","2023-02-27",119,0,"COMPLETE",1,true
"RCP_002365","SHP_002301","PO_000841","BP_0002","BP","2023-02-27",150,0,"COMPLETE",3,true
"RCP_002366","SHP_002210","PO_009708","UO_0003","UO","2023-02-27",10,0,"PARTIAL",11,true
"RCP_002367","SHP_002188","PO_005903","FL_0004","FL","2023-02-27",107,0,"COMPLETE",12,true
"RCP_002368","SHP_002434","PO_007623","BP_0007","BP","2023-02-27",114,0,"COMPLETE",-1,true
"RCP_002369","SHP_002394","PO_002008","BP_0015","BP","2023-02-27",132,0,"COMPLETE",2,true
"RCP_002370","SHP_002473","PO_009808","BP_0008","BP","2023-02-27",101,0,"COMPLETE",0,true
"RCP_002371","SHP_002321","PO_000054","BP_0017","BP","2023-02-28",113,0,"PARTIAL",3,true
"RCP_002372","SHP_002416","PO_000224","FL_0016","FL","2023-02-28",191,0,"COMPLETE",1,true
"RCP_002373","SHP_002422","PO_005023","FL_0010","FL","2023-02-28",181,0,"COMPLETE",1,true
"RCP_002374","SHP_002506","PO_008578","BP_0007","BP","2023-02-28",71,0,"PARTIAL",-1,true
"RCP_002375","SHP_002466","PO_004277","BP_0015","BP","2023-02-28",64,0,"PARTIAL",1,true
"RCP_002376","SHP_002287","PO_003358","FL_0020","FL","2023-02-28",160,0,"COMPLETE",5,true
"RCP_002377","SHP_002326","PO_003674","UO_0009","UO","2023-02-28",37,0,"COMPLETE",4,true
"RCP_002378","SHP_002306","PO_003712","BP_0007","BP","2023-02-28",137,0,"COMPLETE",0,true
"RCP_002379","SHP_002419","PO_003768","BP_0020","BP","2023-02-28",76,4,"PARTIAL",1,true
"RCP_002380","SHP_002284","PO_000724","FL_0001","FL","2023-02-28",160,0,"PARTIAL",6,true
"RCP_002381","SHP_002324","PO_003532","UO_0001","UO","2023-02-28",118,0,"PARTIAL",4,true
"RCP_002382","SHP_002447","PO_006928","FL_0003","FL","2023-02-28",176,0,"COMPLETE",-1,true
"RCP_002383","SHP_002536","PO_005018","UO_0002","UO","2023-03-01",91,0,"PARTIAL",-1,true
"RCP_002384","SHP_002277","PO_004046","FL_0019","FL","2023-03-01",33,0,"COMPLETE",8,true
"RCP_002385","SHP_002478","PO_004441","BP_0015","BP","2023-03-01",29,0,"COMPLETE",1,true
"RCP_002386","SHP_002439","PO_000982","BP_0012","BP","2023-03-01",65,0,"COMPLETE",0,true
"RCP_002387","SHP_002389","PO_009245","FL_0003","FL","2023-03-01",60,0,"COMPLETE",1,true
"RCP_002388","SHP_002363","PO_009641","FL_0012","FL","2023-03-01",36,0,"COMPLETE",3,true
"RCP_002389","SHP_002285","PO_001462","BP_0020","BP","2023-03-01",139,0,"COMPLETE",2,true
"RCP_002390","SHP_002426","PO_000616","BP_0004","BP","2023-03-01",37,0,"COMPLETE",2,true
"RCP_002391","SHP_002300","PO_000538","BP_0014","BP","2023-03-02",64,0,"PARTIAL",2,true
"RCP_002392","SHP_002511","PO_002195","UO_0013","UO","2023-03-02",136,0,"COMPLETE",2,true
"RCP_002393","SHP_002442","PO_003133","FL_0009","FL","2023-03-02",182,0,"COMPLETE",1,true
"RCP_002394","SHP_002433","PO_006320","BP_0012","BP","2023-03-02",194,0,"COMPLETE",2,true
"RCP_002395","SHP_002430","PO_002135","FL_0003","FL","2023-03-02",128,0,"COMPLETE",2,true
"RCP_002396","SHP_002392","PO_000715","FL_0020","FL","2023-03-02",126,0,"COMPLETE",0,true
"RCP_002397","SHP_002481","PO_006559","BP_0007","BP","2023-03-02",146,0,"COMPLETE",-1,true
"RCP_002398","SHP_002357","PO_005104","UO_0016","UO","2023-03-02",158,0,"PARTIAL",4,true
"RCP_002399","SHP_002249","PO_007852","FL_0005","FL","2023-03-02",93,0,"COMPLETE",11,true
"RCP_002400","SHP_002298","PO_000229","BP_0009","BP","2023-03-03",119,0,"COMPLETE",3,true
"RCP_002401","SHP_002364","PO_000338","FL_0018","FL","2023-03-03",78,0,"COMPLETE",3,true
"RCP_002402","SHP_002397","PO_004718","BP_0009","BP","2023-03-03",38,0,"COMPLETE",1,true
"RCP_002403","SHP_002464","PO_003941","FL_0006","FL","2023-03-03",144,0,"COMPLETE",0,true
"RCP_002404","SHP_002500","PO_006447","BP_0004","BP","2023-03-03",57,0,"COMPLETE",2,true
"RCP_002405","SHP_002367","PO_002170","FL_0013","FL","2023-03-03",176,0,"PARTIAL",4,true
"RCP_002406","SHP_002489","PO_001206","BP_0020","BP","2023-03-03",37,0,"COMPLETE",2,true
"RCP_002407","SHP_002476","PO_003348","BP_0014","BP","2023-03-03",50,0,"COMPLETE",-1,true
"RCP_002408","SHP_002323","PO_001331","FL_0009","FL","2023-03-03",33,0,"COMPLETE",7,true
"RCP_002409","SHP_002479","PO_005342","FL_0001","FL","2023-03-03",118,0,"COMPLETE",-1,true
"RCP_002410","SHP_002244","PO_004023","FL_0014","FL","2023-03-03",13,0,"COMPLETE",12,true
"RCP_002411","SHP_002410","PO_006725","UO_0010","UO","2023-03-03",197,0,"COMPLETE",3,true
"RCP_002412","SHP_002403","PO_001649","FL_0001","FL","2023-03-03",41,0,"COMPLETE",0,true
"RCP_002413","SHP_002454","PO_006052","BP_0008","BP","2023-03-03",158,0,"COMPLETE",1,true
"RCP_002414","SHP_002322","PO_000850","BP_0005","BP","2023-03-03",81,0,"PARTIAL",2,true
"RCP_002415","SHP_002458","PO_001382","BP_0017","BP","2023-03-03",49,0,"PARTIAL",1,true
"RCP_002416","SHP_002480","PO_005487","FL_0016","FL","2023-03-03",33,0,"COMPLETE",-1,true
"RCP_002417","SHP_002320","PO_010174","BP_0001","BP","2023-03-03",42,0,"COMPLETE",3,true
"RCP_002418","SHP_002381","PO_000348","BP_0016","BP","2023-03-04",141,0,"COMPLETE",-1,true
"RCP_002419","SHP_002471","PO_008462","UO_0004","UO","2023-03-04",102,0,"COMPLETE",3,true
"RCP_002420","SHP_002501","PO_006474","FL_0002","FL","2023-03-04",52,4,"PARTIAL",-1,true
"RCP_002421","SHP_002328","PO_004497","UO_0004","UO","2023-03-04",111,0,"COMPLETE",8,true
"RCP_002422","SHP_002567","PO_007995","UO_0020","UO","2023-03-04",79,0,"COMPLETE",0,true
"RCP_002423","SHP_002365","PO_000656","UO_0014","UO","2023-03-04",110,0,"COMPLETE",5,true
"RCP_002424","SHP_002468","PO_006599","FL_0002","FL","2023-03-04",91,0,"COMPLETE",1,true
"RCP_002425","SHP_002402","PO_001613","FL_0013","FL","2023-03-04",155,0,"COMPLETE",2,true
"RCP_002426","SHP_002404","PO_002724","FL_0006","FL","2023-03-04",164,0,"COMPLETE",2,true
"RCP_002427","SHP_002475","PO_003292","FL_0011","FL","2023-03-04",154,0,"COMPLETE",0,true
"RCP_002428","SHP_002359","PO_007051","BP_0007","BP","2023-03-04",191,0,"COMPLETE",5,true
"RCP_002429","SHP_002353","PO_003291","BP_0012","BP","2023-03-04",60,0,"PARTIAL",5,true
"RCP_002430","SHP_002368","PO_003698","FL_0010","FL","2023-03-04",143,0,"COMPLETE",4,true
"RCP_002431","SHP_002548","PO_003125","BP_0016","BP","2023-03-04",148,0,"COMPLETE",-1,true
"RCP_002432","SHP_002307","PO_004537","BP_0018","BP","2023-03-04",95,0,"COMPLETE",4,true
"RCP_002433","SHP_002311","PO_005668","FL_0009","FL","2023-03-04",22,0,"COMPLETE",9,true
"RCP_002434","SHP_002551","PO_006128","UO_0001","UO","2023-03-04",155,0,"COMPLETE",1,true
"RCP_002435","SHP_002514","PO_004964","FL_0016","FL","2023-03-05",87,0,"COMPLETE",-1,true
"RCP_002436","SHP_002379","PO_008418","FL_0011","FL","2023-03-05",48,0,"COMPLETE",6,true
"RCP_002437","SHP_002495","PO_004985","FL_0012","FL","2023-03-05",98,0,"COMPLETE",0,true
"RCP_002438","SHP_002336","PO_008655","UO_0007","UO","2023-03-05",103,0,"COMPLETE",9,true
"RCP_002439","SHP_002483","PO_008065","UO_0018","UO","2023-03-05",105,0,"PARTIAL",-1,true
"RCP_002440","SHP_002349","PO_009277","FL_0013","FL","2023-03-05",100,0,"COMPLETE",8,true
"RCP_002441","SHP_002558","PO_009282","UO_0004","UO","2023-03-05",56,0,"COMPLETE",2,true
"RCP_002442","SHP_002338","PO_008932","BP_0002","BP","2023-03-05",104,5,"PARTIAL",4,true
"RCP_002443","SHP_002315","PO_006830","FL_0007","FL","2023-03-05",58,0,"PARTIAL",10,true
"RCP_002444","SHP_002502","PO_007618","FL_0019","FL","2023-03-05",181,0,"COMPLETE",0,true
"RCP_002445","SHP_002356","PO_004340","FL_0002","FL","2023-03-05",92,0,"PARTIAL",7,true
"RCP_002446","SHP_002539","PO_006818","BP_0005","BP","2023-03-05",61,0,"COMPLETE",1,true
"RCP_002447","SHP_002313","PO_006795","BP_0016","BP","2023-03-05",113,0,"COMPLETE",5,true
"RCP_002448","SHP_002546","PO_001665","UO_0018","UO","2023-03-05",97,0,"COMPLETE",2,true
"RCP_002449","SHP_002460","PO_001781","FL_0020","FL","2023-03-05",23,0,"COMPLETE",2,true
"RCP_002450","SHP_002590","PO_000602","UO_0014","UO","2023-03-05",42,0,"COMPLETE",-1,true
"RCP_002451","SHP_002572","PO_000118","BP_0007","BP","2023-03-06",80,0,"COMPLETE",-1,true
"RCP_002452","SHP_002467","PO_004730","UO_0002","UO","2023-03-06",137,0,"COMPLETE",5,true
"RCP_002453","SHP_002498","PO_005416","FL_0012","FL","2023-03-06",40,0,"COMPLETE",1,true
"RCP_002454","SHP_002518","PO_007709","FL_0003","FL","2023-03-06",181,0,"COMPLETE",0,true
"RCP_002455","SHP_002504","PO_007982","BP_0003","BP","2023-03-06",80,0,"PARTIAL",1,true
"RCP_002456","SHP_002521","PO_009915","UO_0009","UO","2023-03-06",74,0,"COMPLETE",2,true
"RCP_002457","SHP_002531","PO_000655","BP_0016","BP","2023-03-06",70,0,"COMPLETE",2,true
"RCP_002458","SHP_002440","PO_002026","UO_0014","UO","2023-03-06",98,0,"COMPLETE",3,true
"RCP_002459","SHP_002474","PO_000862","FL_0006","FL","2023-03-06",121,0,"COMPLETE",2,true
"RCP_002460","SHP_002401","PO_009627","FL_0003","FL","2023-03-06",144,0,"PARTIAL",5,true
"RCP_002461","SHP_002334","PO_007944","BP_0015","BP","2023-03-06",56,0,"PARTIAL",9,true
"RCP_002462","SHP_002436","PO_008524","FL_0012","FL","2023-03-07",123,0,"PARTIAL",2,true
"RCP_002463","SHP_002413","PO_008592","FL_0018","FL","2023-03-07",37,0,"COMPLETE",5,true
"RCP_002464","SHP_002496","PO_005125","FL_0018","FL","2023-03-07",89,0,"COMPLETE",2,true
"RCP_002465","SHP_002494","PO_004136","FL_0013","FL","2023-03-07",57,0,"COMPLETE",2,true
"RCP_002466","SHP_002524","PO_004289","BP_0014","BP","2023-03-07",114,0,"COMPLETE",0,true
"RCP_002467","SHP_002362","PO_009036","BP_0004","BP","2023-03-07",128,0,"PARTIAL",8,true
"RCP_002468","SHP_002385","PO_003392","FL_0017","FL","2023-03-07",166,0,"PARTIAL",7,true
"RCP_002469","SHP_002360","PO_007894","BP_0016","BP","2023-03-07",94,0,"COMPLETE",4,true
"RCP_002470","SHP_002450","PO_001519","BP_0015","BP","2023-03-07",52,0,"COMPLETE",5,true
"RCP_002471","SHP_002523","PO_002729","FL_0004","FL","2023-03-07",127,0,"COMPLETE",0,true
"RCP_002472","SHP_002505","PO_008445","UO_0020","UO","2023-03-08",118,0,"COMPLETE",5,true
"RCP_002473","SHP_002606","PO_003962","BP_0010","BP","2023-03-08",124,0,"COMPLETE",-1,true
"RCP_002474","SHP_002437","PO_008739","FL_0005","FL","2023-03-08",193,0,"COMPLETE",3,true
"RCP_002475","SHP_002513","PO_004163","UO_0008","UO","2023-03-08",77,0,"COMPLETE",4,true
"RCP_002476","SHP_002544","PO_001141","UO_0007","UO","2023-03-08",128,0,"COMPLETE",1,true
"RCP_002477","SHP_002525","PO_005840","FL_0002","FL","2023-03-08",104,0,"PARTIAL",1,true
"RCP_002478","SHP_002455","PO_007469","FL_0002","FL","2023-03-08",118,0,"COMPLETE",2,true
"RCP_002479","SHP_002462","PO_003039","FL_0002","FL","2023-03-08",185,0,"COMPLETE",0,true
"RCP_002480","SHP_002432","PO_005946","FL_0003","FL","2023-03-08",31,0,"PARTIAL",3,true
"RCP_002481","SHP_002519","PO_008922","BP_0016","BP","2023-03-08",178,0,"COMPLETE",3,true
"RCP_002482","SHP_002549","PO_003442","UO_0005","UO","2023-03-08",68,0,"COMPLETE",1,true
"RCP_002483","SHP_002515","PO_006272","FL_0006","FL","2023-03-08",184,0,"COMPLETE",2,true
"RCP_002484","SHP_002484","PO_008380","FL_0008","FL","2023-03-09",64,0,"COMPLETE",1,true
"RCP_002485","SHP_002497","PO_005130","BP_0019","BP","2023-03-09",135,0,"PARTIAL",4,true
"RCP_002486","SHP_002534","PO_004035","UO_0007","UO","2023-03-09",104,0,"COMPLETE",-1,true
"RCP_002487","SHP_002607","PO_004498","BP_0010","BP","2023-03-09",36,0,"COMPLETE",0,true
"RCP_002488","SHP_002456","PO_007792","FL_0017","FL","2023-03-09",43,0,"COMPLETE",3,true
"RCP_002489","SHP_002591","PO_001064","UO_0013","UO","2023-03-09",60,0,"COMPLETE",-1,true
"RCP_002490","SHP_002376","PO_008178","FL_0004","FL","2023-03-09",142,0,"COMPLETE",10,true
"RCP_002491","SHP_002438","PO_009029","FL_0002","FL","2023-03-09",37,0,"COMPLETE",4,true
"RCP_002492","SHP_002490","PO_001233","BP_0003","BP","2023-03-09",133,0,"PARTIAL",4,true
"RCP_002493","SHP_002581","PO_006286","BP_0020","BP","2023-03-09",15,0,"COMPLETE",2,true
"RCP_002494","SHP_002559","PO_000896","FL_0014","FL","2023-03-09",55,0,"COMPLETE",-1,true
"RCP_002495","SHP_002461","PO_002996","UO_0005","UO","2023-03-09",190,0,"COMPLETE",4,true
"RCP_002496","SHP_002560","PO_002641","BP_0003","BP","2023-03-09",101,0,"PARTIAL",0,true
"RCP_002497","SHP_002343","PO_003129","FL_0018","FL","2023-03-09",10,0,"PARTIAL",12,true
"RCP_002498","SHP_002373","PO_007160","BP_0003","BP","2023-03-09",21,0,"COMPLETE",5,true
"RCP_002499","SHP_002579","PO_005313","FL_0014","FL","2023-03-10",169,0,"COMPLETE",-1,true
"RCP_002500","SHP_002412","PO_008499","FL_0001","FL","2023-03-10",137,0,"COMPLETE",8,true
"RCP_002501","SHP_002557","PO_008854","FL_0002","FL","2023-03-10",47,0,"COMPLETE",1,true
"RCP_002502","SHP_002503","PO_007909","FL_0011","FL","2023-03-10",146,0,"PARTIAL",1,true
"RCP_002503","SHP_002553","PO_006398","FL_0008","FL","2023-03-10",114,0,"COMPLETE",1,true
"RCP_002504","SHP_002445","PO_006394","BP_0017","BP","2023-03-10",29,0,"COMPLETE",4,true
"RCP_002505","SHP_002571","PO_000022","FL_0013","FL","2023-03-11",71,0,"COMPLETE",0,true
"RCP_002506","SHP_002542","PO_000174","BP_0001","BP","2023-03-11",135,0,"COMPLETE",3,true
"RCP_002507","SHP_002589","PO_000192","UO_0018","UO","2023-03-11",53,0,"PARTIAL",1,true
"RCP_002508","SHP_002562","PO_004666","FL_0016","FL","2023-03-11",159,0,"COMPLETE",1,true
"RCP_002509","SHP_002414","PO_008967","FL_0011","FL","2023-03-11",50,2,"COMPLETE",9,true
"RCP_002510","SHP_002448","PO_009276","BP_0013","BP","2023-03-11",106,0,"COMPLETE",1,true
"RCP_002511","SHP_002599","PO_006816","UO_0014","UO","2023-03-11",152,0,"COMPLETE",1,true
"RCP_002512","SHP_002565","PO_007323","BP_0007","BP","2023-03-11",192,0,"COMPLETE",2,true
"RCP_002513","SHP_002537","PO_006269","UO_0015","UO","2023-03-11",191,0,"COMPLETE",5,true
"RCP_002514","SHP_002383","PO_001821","FL_0016","FL","2023-03-11",19,1,"COMPLETE",11,true
"RCP_002515","SHP_002382","PO_001766","FL_0016","FL","2023-03-11",79,0,"COMPLETE",11,true
"RCP_002516","SHP_002642","PO_002842","BP_0017","BP","2023-03-11",14,0,"COMPLETE",-1,true
"RCP_002517","SHP_002451","PO_002327","FL_0002","FL","2023-03-11",52,0,"COMPLETE",5,true
"RCP_002518","SHP_002369","PO_003882","BP_0020","BP","2023-03-12",96,0,"PARTIAL",12,true
"RCP_002519","SHP_002697","PO_008195","UO_0019","UO","2023-03-12",194,0,"COMPLETE",-1,true
"RCP_002520","SHP_002530","PO_009903","FL_0011","FL","2023-03-12",132,0,"COMPLETE",0,true
"RCP_002521","SHP_002595","PO_003286","BP_0001","BP","2023-03-12",183,0,"COMPLETE",1,true
"RCP_002522","SHP_002493","PO_003324","FL_0013","FL","2023-03-12",176,0,"COMPLETE",2,true
"RCP_002523","SHP_002512","PO_003734","UO_0004","UO","2023-03-12",20,0,"COMPLETE",2,true
"RCP_002524","SHP_002509","PO_010148","UO_0001","UO","2023-03-12",187,4,"COMPLETE",5,true
"RCP_002525","SHP_002669","PO_007263","BP_0006","BP","2023-03-12",98,0,"COMPLETE",-1,true
"RCP_002526","SHP_002671","PO_010005","BP_0003","BP","2023-03-12",182,0,"COMPLETE",-1,true
"RCP_002527","SHP_002526","PO_007165","FL_0019","FL","2023-03-12",158,0,"COMPLETE",1,true
"RCP_002528","SHP_002516","PO_006554","FL_0001","FL","2023-03-12",109,0,"COMPLETE",2,true
"RCP_002529","SHP_002667","PO_007044","UO_0012","UO","2023-03-12",158,0,"COMPLETE",1,true
"RCP_002530","SHP_002584","PO_007101","FL_0017","FL","2023-03-12",37,0,"PARTIAL",1,true
"RCP_002531","SHP_002469","PO_007117","FL_0002","FL","2023-03-12",189,6,"COMPLETE",4,true
"RCP_002532","SHP_002633","PO_008437","UO_0007","UO","2023-03-13",80,0,"COMPLETE",0,true
"RCP_002533","SHP_002666","PO_006456","BP_0019","BP","2023-03-13",183,0,"COMPLETE",0,true
"RCP_002534","SHP_002423","PO_007819","FL_0020","FL","2023-03-13",72,0,"PARTIAL",10,true
"RCP_002535","SHP_002603","PO_002188","FL_0019","FL","2023-03-13",108,0,"COMPLETE",0,true
"RCP_002536","SHP_002657","PO_009444","BP_0004","BP","2023-03-13",184,0,"COMPLETE",1,true
"RCP_002537","SHP_002441","PO_002916","FL_0017","FL","2023-03-13",92,0,"COMPLETE",8,true
"RCP_002538","SHP_002444","PO_003540","FL_0004","FL","2023-03-13",142,0,"COMPLETE",8,true
"RCP_002539","SHP_002596","PO_003575","BP_0002","BP","2023-03-13",200,9,"COMPLETE",2,true
"RCP_002540","SHP_002453","PO_003731","FL_0013","FL","2023-03-13",48,0,"COMPLETE",7,true
"RCP_002541","SHP_002429","PO_002031","FL_0018","FL","2023-03-13",186,0,"COMPLETE",9,true
"RCP_002542","SHP_002608","PO_005923","FL_0001","FL","2023-03-13",159,0,"COMPLETE",0,true
"RCP_002543","SHP_002615","PO_009525","FL_0012","FL","2023-03-13",126,0,"COMPLETE",0,true
"RCP_002544","SHP_002594","PO_002930","UO_0019","UO","2023-03-13",112,0,"COMPLETE",3,true
"RCP_002545","SHP_002645","PO_003430","BP_0003","BP","2023-03-13",111,0,"COMPLETE",1,true
"RCP_002546","SHP_002583","PO_006960","FL_0010","FL","2023-03-13",15,0,"COMPLETE",2,true
"RCP_002547","SHP_002625","PO_007899","FL_0010","FL","2023-03-13",183,0,"COMPLETE",-1,true
"RCP_002548","SHP_002649","PO_004700","BP_0008","BP","2023-03-14",20,0,"PARTIAL",-1,true
"RCP_002549","SHP_002421","PO_004899","BP_0017","BP","2023-03-14",158,0,"COMPLETE",10,true
"RCP_002550","SHP_002470","PO_008378","FL_0008","FL","2023-03-14",54,0,"COMPLETE",7,true
"RCP_002551","SHP_002621","PO_004305","BP_0003","BP","2023-03-14",40,2,"COMPLETE",0,true
"RCP_002552","SHP_002622","PO_004460","UO_0017","UO","2023-03-14",135,3,"COMPLETE",2,true
"RCP_002553","SHP_002543","PO_001085","FL_0011","FL","2023-03-14",174,0,"COMPLETE",1,true
"RCP_002554","SHP_002486","PO_010087","FL_0002","FL","2023-03-14",17,0,"COMPLETE",5,true
"RCP_002555","SHP_002639","PO_001237","BP_0014","BP","2023-03-14",134,0,"COMPLETE",2,true
"RCP_002556","SHP_002598","PO_005983","FL_0009","FL","2023-03-14",126,0,"COMPLETE",2,true
"RCP_002557","SHP_002620","PO_003559","UO_0010","UO","2023-03-14",153,0,"COMPLETE",2,true
"RCP_002558","SHP_002491","PO_001351","FL_0017","FL","2023-03-14",90,0,"COMPLETE",5,true
"RCP_002559","SHP_002564","PO_007178","FL_0011","FL","2023-03-14",129,0,"COMPLETE",0,true
"RCP_002560","SHP_002482","PO_006706","FL_0017","FL","2023-03-14",114,0,"PARTIAL",6,true
"RCP_002561","SHP_002700","PO_009208","BP_0006","BP","2023-03-14",130,0,"COMPLETE",-1,true
"RCP_002562","SHP_002463","PO_003190","BP_0014","BP","2023-03-14",18,0,"PARTIAL",2,true
"RCP_002563","SHP_002672","PO_000606","BP_0001","BP","2023-03-14",84,0,"COMPLETE",0,true
"RCP_002564","SHP_002609","PO_006295","FL_0017","FL","2023-03-14",160,0,"COMPLETE",1,true
"RCP_002565","SHP_002395","PO_002595","BP_0010","BP","2023-03-14",14,0,"COMPLETE",12,true
"RCP_002566","SHP_002617","PO_001594","UO_0006","UO","2023-03-14",140,0,"COMPLETE",2,true
"RCP_002567","SHP_002435","PO_007639","BP_0001","BP","2023-03-14",116,0,"COMPLETE",5,true
"RCP_002568","SHP_002601","PO_009807","UO_0015","UO","2023-03-14",163,0,"COMPLETE",0,true
"RCP_002569","SHP_002446","PO_006889","FL_0017","FL","2023-03-14",25,0,"COMPLETE",9,true
"RCP_002570","SHP_002417","PO_000249","FL_0009","FL","2023-03-15",31,0,"PARTIAL",12,true
"RCP_002571","SHP_002630","PO_004647","FL_0020","FL","2023-03-15",108,0,"COMPLETE",0,true
"RCP_002572","SHP_002535","PO_004720","BP_0009","BP","2023-03-15",142,0,"PARTIAL",2,true
"RCP_002573","SHP_002485","PO_008405","FL_0006","FL","2023-03-15",148,0,"PARTIAL",7,true
"RCP_002574","SHP_002612","PO_008587","FL_0006","FL","2023-03-15",146,0,"COMPLETE",2,true
"RCP_002575","SHP_002465","PO_004037","BP_0016","BP","2023-03-15",164,0,"COMPLETE",3,true
"RCP_002576","SHP_002488","PO_000682","FL_0017","FL","2023-03-15",25,0,"COMPLETE",5,true
"RCP_002577","SHP_002737","PO_008117","UO_0006","UO","2023-03-15",170,0,"COMPLETE",-1,true
"RCP_002578","SHP_002696","PO_008179","UO_0020","UO","2023-03-15",150,0,"COMPLETE",2,true
"RCP_002579","SHP_002585","PO_008214","BP_0007","BP","2023-03-15",14,0,"COMPLETE",4,true
"RCP_002580","SHP_002637","PO_000575","FL_0005","FL","2023-03-15",118,0,"COMPLETE",-1,true
"RCP_002581","SHP_002643","PO_003245","FL_0014","FL","2023-03-15",181,0,"COMPLETE",-1,true
"RCP_002582","SHP_002452","PO_002507","FL_0001","FL","2023-03-15",191,0,"COMPLETE",9,true
"RCP_002583","SHP_002550","PO_005127","FL_0009","FL","2023-03-16",50,0,"PARTIAL",3,true
"RCP_002584","SHP_002517","PO_006625","FL_0005","FL","2023-03-16",149,0,"COMPLETE",5,true
"RCP_002585","SHP_002522","PO_002478","BP_0009","BP","2023-03-16",12,0,"PARTIAL",4,true
"RCP_002586","SHP_002556","PO_008807","UO_0020","UO","2023-03-16",200,0,"COMPLETE",5,true
"RCP_002587","SHP_002528","PO_009132","FL_0020","FL","2023-03-16",175,0,"COMPLETE",5,true
"RCP_002588","SHP_002718","PO_009959","BP_0005","BP","2023-03-16",99,0,"COMPLETE",0,true
"RCP_002589","SHP_002611","PO_007625","UO_0006","UO","2023-03-16",186,7,"COMPLETE",5,true
"RCP_002590","SHP_002648","PO_004447","FL_0020","FL","2023-03-16",46,0,"COMPLETE",0,true
"RCP_002591","SHP_002619","PO_003408","FL_0004","FL","2023-03-16",149,0,"COMPLETE",2,true
"RCP_002592","SHP_002573","PO_000831","BP_0006","BP","2023-03-16",80,0,"COMPLETE",5,true
"RCP_002593","SHP_002443","PO_003466","FL_0014","FL","2023-03-16",27,0,"PARTIAL",11,true
"RCP_002594","SHP_002628","PO_000377","BP_0016","BP","2023-03-17",119,2,"COMPLETE",2,true
"RCP_002595","SHP_002660","PO_000516","BP_0006","BP","2023-03-17",73,0,"COMPLETE",0,true
"RCP_002596","SHP_002679","PO_008312","BP_0014","BP","2023-03-17",129,0,"COMPLETE",0,true
"RCP_002597","SHP_002477","PO_004147","FL_0010","FL","2023-03-17",168,0,"COMPLETE",9,true
"RCP_002598","SHP_002652","PO_006505","BP_0006","BP","2023-03-17",164,0,"COMPLETE",1,true
"RCP_002599","SHP_002472","PO_009239","BP_0007","BP","2023-03-17",126,0,"PARTIAL",5,true
"RCP_002600","SHP_002529","PO_009402","FL_0019","FL","2023-03-17",151,0,"PARTIAL",6,true
"RCP_002601","SHP_002635","PO_009914","FL_0002","FL","2023-03-17",118,0,"COMPLETE",2,true
"RCP_002602","SHP_002487","PO_000654","BP_0006","BP","2023-03-17",52,0,"COMPLETE",3,true
"RCP_002603","SHP_002540","PO_008924","BP_0007","BP","2023-03-17",127,4,"COMPLETE",0,true
"RCP_002604","SHP_002629","PO_001298","FL_0011","FL","2023-03-17",133,0,"COMPLETE",2,true
"RCP_002605","SHP_002701","PO_009258","BP_0005","BP","2023-03-17",109,0,"COMPLETE",2,true
"RCP_002606","SHP_002664","PO_006144","FL_0011","FL","2023-03-17",184,8,"COMPLETE",0,true
"RCP_002607","SHP_002492","PO_001808","BP_0010","BP","2023-03-17",64,0,"COMPLETE",3,true
"RCP_002608","SHP_002586","PO_008266","UO_0018","UO","2023-03-17",63,0,"COMPLETE",4,true
"RCP_002609","SHP_002538","PO_006546","FL_0016","FL","2023-03-17",47,0,"COMPLETE",4,true
"RCP_002610","SHP_002665","PO_006255","FL_0006","FL","2023-03-17",67,0,"COMPLETE",0,true
"RCP_002611","SHP_002604","PO_002232","FL_0019","FL","2023-03-17",111,0,"COMPLETE",0,true
"RCP_002612","SHP_002459","PO_001599","FL_0011","FL","2023-03-17",43,3,"PARTIAL",10,true
"RCP_002613","SHP_002705","PO_000511","BP_0013","BP","2023-03-18",162,0,"PARTIAL",-1,true
"RCP_002614","SHP_002677","PO_007692","BP_0016","BP","2023-03-18",52,0,"PARTIAL",1,true
"RCP_002615","SHP_002694","PO_007746","FL_0018","FL","2023-03-18",197,0,"COMPLETE",-1,true
"RCP_002616","SHP_002688","PO_001055","FL_0009","FL","2023-03-18",20,0,"COMPLETE",-1,true
"RCP_002617","SHP_002754","PO_008992","BP_0008","BP","2023-03-18",51,0,"COMPLETE",-1,true
"RCP_002618","SHP_002658","PO_009449","FL_0016","FL","2023-03-18",71,0,"COMPLETE",2,true
"RCP_002619","SHP_002520","PO_009889","BP_0005","BP","2023-03-18",130,0,"COMPLETE",3,true
"RCP_002620","SHP_002638","PO_000619","FL_0010","FL","2023-03-18",169,0,"COMPLETE",2,true
"RCP_002621","SHP_002561","PO_003799","FL_0018","FL","2023-03-18",71,0,"COMPLETE",4,true
"RCP_002622","SHP_002668","PO_007236","FL_0002","FL","2023-03-18",59,0,"COMPLETE",1,true
"RCP_002623","SHP_002527","PO_008277","UO_0020","UO","2023-03-18",171,0,"COMPLETE",7,true
"RCP_002624","SHP_002693","PO_006844","FL_0016","FL","2023-03-18",95,0,"PARTIAL",-1,true
"RCP_002625","SHP_002592","PO_001353","FL_0012","FL","2023-03-18",35,0,"COMPLETE",2,true
"RCP_002626","SHP_002641","PO_002803","FL_0020","FL","2023-03-18",76,0,"COMPLETE",2,true
"RCP_002627","SHP_002626","PO_009217","UO_0019","UO","2023-03-18",42,0,"PARTIAL",2,true
"RCP_002628","SHP_002650","PO_004716","UO_0004","UO","2023-03-19",118,0,"COMPLETE",5,true
"RCP_002629","SHP_002654","PO_008458","UO_0006","UO","2023-03-19",191,8,"COMPLETE",5,true
"RCP_002630","SHP_002662","PO_003950","BP_0018","BP","2023-03-19",93,0,"PARTIAL",3,true
"RCP_002631","SHP_002651","PO_005171","BP_0016","BP","2023-03-19",105,0,"COMPLETE",4,true
"RCP_002632","SHP_002623","PO_005601","FL_0012","FL","2023-03-19",157,0,"PARTIAL",1,true
"RCP_002633","SHP_002541","PO_009153","FL_0016","FL","2023-03-19",82,0,"COMPLETE",7,true
"RCP_002634","SHP_002508","PO_009496","BP_0017","BP","2023-03-19",166,0,"PARTIAL",9,true
"RCP_002635","SHP_002703","PO_010029","BP_0013","BP","2023-03-19",169,8,"COMPLETE",0,true
"RCP_002636","SHP_002756","PO_000568","UO_0007","UO","2023-03-19",191,0,"COMPLETE",1,true
"RCP_002637","SHP_002499","PO_005694","BP_0020","BP","2023-03-19",90,0,"COMPLETE",5,true
"RCP_002638","SHP_002675","PO_001479","FL_0018","FL","2023-03-19",37,0,"COMPLETE",1,true
"RCP_002639","SHP_002593","PO_002531","FL_0009","FL","2023-03-19",52,0,"COMPLETE",2,true
"RCP_002640","SHP_002555","PO_007149","BP_0007","BP","2023-03-19",54,0,"COMPLETE",5,true
"RCP_002641","SHP_002674","PO_000871","FL_0017","FL","2023-03-19",30,0,"COMPLETE",1,true
"RCP_002642","SHP_002736","PO_007738","BP_0006","BP","2023-03-19",134,3,"COMPLETE",1,true
"RCP_002643","SHP_002624","PO_007155","UO_0004","UO","2023-03-19",117,0,"COMPLETE",3,true
"RCP_002644","SHP_002578","PO_004452","FL_0019","FL","2023-03-19",21,0,"COMPLETE",3,true
"RCP_002645","SHP_002552","PO_006305","BP_0001","BP","2023-03-19",108,0,"COMPLETE",1,true
"RCP_002646","SHP_002510","PO_000177","BP_0009","BP","2023-03-20",58,0,"COMPLETE",5,true
"RCP_002647","SHP_002699","PO_008443","FL_0005","FL","2023-03-20",28,0,"COMPLETE",1,true
"RCP_002648","SHP_002569","PO_008576","FL_0005","FL","2023-03-20",83,2,"COMPLETE",6,true
"RCP_002649","SHP_002680","PO_008605","FL_0020","FL","2023-03-20",169,0,"COMPLETE",2,true
"RCP_002650","SHP_002723","PO_004192","FL_0017","FL","2023-03-20",57,0,"COMPLETE",-1,true
"RCP_002651","SHP_002685","PO_009690","FL_0010","FL","2023-03-20",87,0,"COMPLETE",2,true
"RCP_002652","SHP_002545","PO_001228","FL_0004","FL","2023-03-20",140,0,"PARTIAL",7,true
"RCP_002653","SHP_002566","PO_007859","FL_0007","FL","2023-03-20",121,0,"PARTIAL",6,true
"RCP_002654","SHP_002689","PO_001557","FL_0019","FL","2023-03-20",27,0,"COMPLETE",1,true
"RCP_002655","SHP_002655","PO_009126","FL_0018","FL","2023-03-20",45,0,"COMPLETE",0,true
"RCP_002656","SHP_002600","PO_007128","BP_0008","BP","2023-03-20",44,0,"COMPLETE",-1,true
"RCP_002657","SHP_002646","PO_003897","FL_0004","FL","2023-03-21",115,0,"COMPLETE",0,true
"RCP_002658","SHP_002507","PO_008700","UO_0003","UO","2023-03-21",181,0,"COMPLETE",12,true
"RCP_002659","SHP_002577","PO_004312","FL_0006","FL","2023-03-21",163,4,"COMPLETE",5,true
"RCP_002660","SHP_002741","PO_002280","BP_0007","BP","2023-03-21",137,0,"PARTIAL",2,true
"RCP_002661","SHP_002575","PO_003585","BP_0006","BP","2023-03-21",152,0,"COMPLETE",5,true
"RCP_002662","SHP_002708","PO_003841","BP_0016","BP","2023-03-21",80,0,"COMPLETE",1,true
"RCP_002663","SHP_002748","PO_005804","BP_0019","BP","2023-03-21",46,0,"COMPLETE",2,true
"RCP_002664","SHP_002738","PO_010147","FL_0003","FL","2023-03-21",139,0,"COMPLETE",-1,true
"RCP_002665","SHP_002618","PO_002602","FL_0006","FL","2023-03-21",137,0,"PARTIAL",3,true
"RCP_002666","SHP_002684","PO_009214","BP_0004","BP","2023-03-21",46,0,"COMPLETE",3,true
"RCP_002667","SHP_002728","PO_007801","FL_0020","FL","2023-03-21",115,0,"COMPLETE",0,true
"RCP_002668","SHP_002721","PO_003361","FL_0016","FL","2023-03-21",52,0,"COMPLETE",0,true
"RCP_002669","SHP_002692","PO_005786","UO_0013","UO","2023-03-21",152,0,"PARTIAL",4,true
"RCP_002670","SHP_002681","PO_008881","BP_0020","BP","2023-03-21",108,0,"COMPLETE",3,true
"RCP_002671","SHP_002727","PO_006974","UO_0017","UO","2023-03-21",55,0,"COMPLETE",2,true
"RCP_002672","SHP_002653","PO_007090","FL_0017","FL","2023-03-21",89,0,"COMPLETE",1,true
"RCP_002673","SHP_002716","PO_008407","UO_0008","UO","2023-03-22",162,0,"COMPLETE",0,true
"RCP_002674","SHP_002678","PO_008282","BP_0020","BP","2023-03-22",180,0,"COMPLETE",4,true
"RCP_002675","SHP_002686","PO_009899","BP_0013","BP","2023-03-22",62,0,"COMPLETE",4,true
"RCP_002676","SHP_002722","PO_003781","FL_0018","FL","2023-03-22",102,0,"COMPLETE",1,true
"RCP_002677","SHP_002743","PO_002650","FL_0007","FL","2023-03-22",27,0,"COMPLETE",-1,true
"RCP_002678","SHP_002533","PO_001900","BP_0002","BP","2023-03-22",146,0,"COMPLETE",5,true
"RCP_002679","SHP_002547","PO_001734","FL_0014","FL","2023-03-22",21,0,"PARTIAL",9,true
"RCP_002680","SHP_002739","PO_000673","FL_0012","FL","2023-03-22",136,0,"COMPLETE",-1,true
"RCP_002681","SHP_002568","PO_008145","FL_0016","FL","2023-03-22",196,0,"COMPLETE",8,true
"RCP_002682","SHP_002605","PO_003710","BP_0009","BP","2023-03-22",36,0,"COMPLETE",0,true
"RCP_002683","SHP_002576","PO_003610","BP_0008","BP","2023-03-22",191,0,"COMPLETE",2,true
"RCP_002684","SHP_002656","PO_009166","FL_0011","FL","2023-03-22",133,0,"COMPLETE",1,true
"RCP_002685","SHP_002744","PO_002662","BP_0009","BP","2023-03-22",121,4,"COMPLETE",-1,true
"RCP_002686","SHP_002597","PO_004639","BP_0005","BP","2023-03-23",107,0,"COMPLETE",2,true
"RCP_002687","SHP_002709","PO_004961","BP_0001","BP","2023-03-23",87,0,"PARTIAL",4,true
"RCP_002688","SHP_002587","PO_008331","FL_0016","FL","2023-03-23",139,0,"COMPLETE",8,true
"RCP_002689","SHP_002632","PO_005490","FL_0008","FL","2023-03-23",52,0,"COMPLETE",3,true
"RCP_002690","SHP_002613","PO_009266","FL_0004","FL","2023-03-23",185,0,"COMPLETE",5,true
"RCP_002691","SHP_002720","PO_002352","FL_0005","FL","2023-03-23",129,3,"COMPLETE",2,true
"RCP_002692","SHP_002574","PO_002357","BP_0015","BP","2023-03-23",166,0,"COMPLETE",3,true
"RCP_002693","SHP_002755","PO_009595","FL_0008","FL","2023-03-23",115,0,"COMPLETE",0,true
"RCP_002694","SHP_002580","PO_006107","FL_0020","FL","2023-03-23",17,0,"COMPLETE",8,true
"RCP_002695","SHP_002710","PO_005919","UO_0003","UO","2023-03-23",117,0,"COMPLETE",5,true
"RCP_002696","SHP_002757","PO_000976","UO_0014","UO","2023-03-23",192,0,"COMPLETE",1,true
"RCP_002697","SHP_002691","PO_003414","FL_0016","FL","2023-03-23",65,0,"COMPLETE",0,true
"RCP_002698","SHP_002554","PO_006856","BP_0012","BP","2023-03-23",113,0,"PARTIAL",5,true
"RCP_002699","SHP_002602","PO_000830","FL_0008","FL","2023-03-23",155,0,"COMPLETE",5,true
"RCP_002700","SHP_002640","PO_002610","FL_0008","FL","2023-03-23",16,0,"COMPLETE",3,true
"RCP_002701","SHP_002676","PO_005221","BP_0003","BP","2023-03-24",162,0,"COMPLETE",1,true
"RCP_002702","SHP_002776","PO_004779","FL_0011","FL","2023-03-24",104,0,"COMPLETE",-1,true
"RCP_002703","SHP_002777","PO_004920","FL_0012","FL","2023-03-24",37,0,"COMPLETE",-1,true
"RCP_002704","SHP_002570","PO_008634","BP_0001","BP","2023-03-24",155,0,"COMPLETE",5,true
"RCP_002705","SHP_002760","PO_006024","FL_0012","FL","2023-03-24",151,0,"COMPLETE",0,true
"RCP_002706","SHP_002806","PO_006191","UO_0001","UO","2023-03-24",170,0,"COMPLETE",-1,true
"RCP_002707","SHP_002644","PO_003407","FL_0008","FL","2023-03-24",21,0,"COMPLETE",4,true
"RCP_002708","SHP_002563","PO_005799","FL_0003","FL","2023-03-24",47,0,"PARTIAL",10,true
"RCP_002709","SHP_002772","PO_002099","FL_0006","FL","2023-03-24",100,0,"COMPLETE",-1,true
"RCP_002710","SHP_002838","PO_006692","BP_0012","BP","2023-03-24",59,0,"COMPLETE",-1,true
"RCP_002711","SHP_002702","PO_010021","FL_0017","FL","2023-03-24",47,0,"COMPLETE",0,true
"RCP_002712","SHP_002784","PO_000907","BP_0012","BP","2023-03-24",129,0,"PARTIAL",-1,true
"RCP_002713","SHP_002747","PO_004544","BP_0020","BP","2023-03-24",48,0,"COMPLETE",1,true
"RCP_002714","SHP_002724","PO_004764","BP_0014","BP","2023-03-25",147,0,"PARTIAL",5,true
"RCP_002715","SHP_002740","PO_000951","FL_0003","FL","2023-03-25",177,0,"COMPLETE",2,true
"RCP_002716","SHP_002683","PO_009191","FL_0013","FL","2023-03-25",199,0,"COMPLETE",2,true
"RCP_002717","SHP_002588","PO_009992","FL_0003","FL","2023-03-25",183,0,"COMPLETE",10,true
"RCP_002718","SHP_002707","PO_003480","UO_0003","UO","2023-03-25",128,0,"COMPLETE",3,true
"RCP_002719","SHP_002786","PO_002100","FL_0007","FL","2023-03-25",114,0,"COMPLETE",-1,true
"RCP_002720","SHP_002532","PO_001408","BP_0001","BP","2023-03-25",195,0,"COMPLETE",12,true
"RCP_002721","SHP_002753","PO_008870","FL_0004","FL","2023-03-25",114,0,"COMPLETE",2,true
"RCP_002722","SHP_002846","PO_002075","UO_0008","UO","2023-03-25",98,0,"COMPLETE",1,true
"RCP_002723","SHP_002661","PO_000865","FL_0002","FL","2023-03-25",56,0,"COMPLETE",3,true
"RCP_002724","SHP_002762","PO_006903","FL_0006","FL","2023-03-25",188,0,"COMPLETE",1,true
"RCP_002725","SHP_002610","PO_006637","FL_0014","FL","2023-03-25",192,0,"COMPLETE",8,true
"RCP_002726","SHP_002706","PO_001555","BP_0005","BP","2023-03-25",76,0,"COMPLETE",5,true
"RCP_002727","SHP_002729","PO_001245","BP_0001","BP","2023-03-25",174,0,"COMPLETE",3,true
"RCP_002728","SHP_002698","PO_008431","UO_0015","UO","2023-03-26",108,0,"COMPLETE",5,true
"RCP_002729","SHP_002647","PO_004428","BP_0015","BP","2023-03-26",119,0,"COMPLETE",5,true
"RCP_002730","SHP_002670","PO_009146","FL_0010","FL","2023-03-26",66,0,"PARTIAL",5,true
"RCP_002731","SHP_002828","PO_001152","UO_0004","UO","2023-03-26",12,0,"PARTIAL",-1,true
"RCP_002732","SHP_002767","PO_009666","FL_0019","FL","2023-03-26",44,0,"COMPLETE",2,true
"RCP_002733","SHP_002831","PO_003434","BP_0018","BP","2023-03-26",46,0,"COMPLETE",1,true
"RCP_002734","SHP_002797","PO_007599","UO_0004","UO","2023-03-26",198,0,"COMPLETE",2,true
"RCP_002735","SHP_002712","PO_006553","FL_0001","FL","2023-03-26",12,0,"COMPLETE",1,true
"RCP_002736","SHP_002785","PO_001305","FL_0002","FL","2023-03-26",64,0,"COMPLETE",0,true
"RCP_002737","SHP_002717","PO_009653","UO_0010","UO","2023-03-26",178,3,"COMPLETE",2,true
"RCP_002738","SHP_002766","PO_009121","FL_0012","FL","2023-03-26",30,0,"COMPLETE",2,true
"RCP_002739","SHP_002770","PO_001707","FL_0010","FL","2023-03-26",57,1,"PARTIAL",1,true
"RCP_002740","SHP_002888","PO_003513","UO_0012","UO","2023-03-26",89,0,"COMPLETE",-1,true
"RCP_002741","SHP_002800","PO_002068","BP_0002","BP","2023-03-26",108,0,"COMPLETE",-1,true
"RCP_002742","SHP_002616","PO_000544","BP_0015","BP","2023-03-27",131,0,"COMPLETE",4,true
"RCP_002743","SHP_002682","PO_009088","BP_0013","BP","2023-03-27",83,0,"PARTIAL",4,true
"RCP_002744","SHP_002749","PO_006333","BP_0001","BP","2023-03-27",175,0,"COMPLETE",5,true
"RCP_002745","SHP_002774","PO_003317","UO_0002","UO","2023-03-27",144,0,"PARTIAL",0,true
"RCP_002746","SHP_002822","PO_007126","FL_0011","FL","2023-03-27",98,0,"COMPLETE",-1,true
"RCP_002747","SHP_002773","PO_002496","FL_0017","FL","2023-03-27",190,0,"COMPLETE",2,true
"RCP_002748","SHP_002731","PO_002572","FL_0012","FL","2023-03-27",186,0,"COMPLETE",1,true
"RCP_002749","SHP_002614","PO_009459","FL_0011","FL","2023-03-27",100,0,"COMPLETE",10,true
"RCP_002750","SHP_002758","PO_003439","BP_0002","BP","2023-03-27",71,0,"COMPLETE",3,true
"RCP_002751","SHP_002817","PO_003115","BP_0017","BP","2023-03-27",181,0,"COMPLETE",-1,true
"RCP_002752","SHP_002582","PO_006882","BP_0020","BP","2023-03-27",121,0,"COMPLETE",11,true
"RCP_002753","SHP_002811","PO_001196","FL_0016","FL","2023-03-27",19,0,"COMPLETE",-1,true
"RCP_002754","SHP_002627","PO_009534","BP_0006","BP","2023-03-27",22,0,"COMPLETE",4,true
"RCP_002755","SHP_002730","PO_002494","UO_0008","UO","2023-03-27",169,0,"COMPLETE",3,true
"RCP_002756","SHP_002778","PO_006078","FL_0020","FL","2023-03-27",80,0,"COMPLETE",2,true
"RCP_002757","SHP_002875","PO_004258","UO_0010","UO","2023-03-28",107,0,"COMPLETE",2,true
"RCP_002758","SHP_002711","PO_006459","FL_0016","FL","2023-03-28",84,0,"COMPLETE",4,true
"RCP_002759","SHP_002808","PO_006610","BP_0006","BP","2023-03-28",65,0,"COMPLETE",2,true
"RCP_002760","SHP_002788","PO_002600","BP_0018","BP","2023-03-28",102,0,"COMPLETE",2,true
"RCP_002761","SHP_002835","PO_005778","FL_0020","FL","2023-03-28",118,0,"COMPLETE",-1,true
"RCP_002762","SHP_002725","PO_005667","FL_0016","FL","2023-03-28",127,0,"PARTIAL",3,true
"RCP_002763","SHP_002913","PO_008410","UO_0016","UO","2023-03-28",24,0,"COMPLETE",0,true
"RCP_002764","SHP_002764","PO_008017","FL_0006","FL","2023-03-28",119,0,"COMPLETE",0,true
"RCP_002765","SHP_002704","PO_000214","FL_0009","FL","2023-03-29",95,0,"COMPLETE",5,true
"RCP_002766","SHP_002636","PO_000276","FL_0003","FL","2023-03-29",122,0,"PARTIAL",9,true
"RCP_002767","SHP_002631","PO_005262","FL_0016","FL","2023-03-29",160,0,"COMPLETE",10,true
"RCP_002768","SHP_002695","PO_007750","FL_0001","FL","2023-03-29",132,0,"COMPLETE",6,true
"RCP_002769","SHP_002781","PO_009022","FL_0010","FL","2023-03-29",103,0,"PARTIAL",0,true
"RCP_002770","SHP_002870","PO_009508","BP_0010","BP","2023-03-29",195,3,"COMPLETE",2,true
"RCP_002771","SHP_002915","PO_009640","UO_0016","UO","2023-03-29",68,0,"COMPLETE",1,true
"RCP_002772","SHP_002816","PO_002980","FL_0005","FL","2023-03-29",147,0,"COMPLETE",1,true
"RCP_002773","SHP_002847","PO_003230","UO_0013","UO","2023-03-29",21,0,"COMPLETE",1,true
"RCP_002774","SHP_002779","PO_006147","FL_0007","FL","2023-03-29",29,0,"COMPLETE",-1,true
"RCP_002775","SHP_002761","PO_006237","BP_0018","BP","2023-03-29",69,0,"COMPLETE",5,true
"RCP_002776","SHP_002815","PO_002872","FL_0012","FL","2023-03-29",124,0,"COMPLETE",1,true
"RCP_002777","SHP_002673","PO_000825","UO_0015","UO","2023-03-29",112,0,"COMPLETE",7,true
"RCP_002778","SHP_002825","PO_009562","UO_0009","UO","2023-03-29",144,0,"COMPLETE",-1,true
"RCP_002779","SHP_002771","PO_001775","BP_0010","BP","2023-03-29",30,0,"COMPLETE",5,true
"RCP_002780","SHP_002733","PO_003908","UO_0015","UO","2023-03-29",156,0,"COMPLETE",5,true
"RCP_002781","SHP_002819","PO_003687","FL_0018","FL","2023-03-29",46,0,"PARTIAL",1,true
"RCP_002782","SHP_002930","PO_000255","UO_0017","UO","2023-03-30",160,0,"COMPLETE",0,true
"RCP_002783","SHP_002794","PO_005116","FL_0007","FL","2023-03-30",74,0,"COMPLETE",-1,true
"RCP_002784","SHP_002850","PO_004459","FL_0012","FL","2023-03-30",115,0,"COMPLETE",0,true
"RCP_002785","SHP_002903","PO_009673","BP_0012","BP","2023-03-30",58,0,"COMPLETE",1,true
"RCP_002786","SHP_002783","PO_009866","UO_0016","UO","2023-03-30",176,0,"COMPLETE",3,true
"RCP_002787","SHP_002832","PO_003565","FL_0007","FL","2023-03-30",137,0,"COMPLETE",1,true
"RCP_002788","SHP_002775","PO_003718","FL_0002","FL","2023-03-30",76,2,"PARTIAL",1,true
"RCP_002789","SHP_002714","PO_006989","UO_0010","UO","2023-03-30",73,0,"COMPLETE",6,true
"RCP_002790","SHP_002867","PO_006867","BP_0010","BP","2023-03-30",175,0,"COMPLETE",-1,true
"RCP_002791","SHP_002865","PO_005795","UO_0020","UO","2023-03-30",25,0,"COMPLETE",1,true
"RCP_002792","SHP_002799","PO_000821","BP_0007","BP","2023-03-30",174,0,"COMPLETE",4,true
"RCP_002793","SHP_002916","PO_001646","UO_0015","UO","2023-03-30",65,0,"COMPLETE",1,true
"RCP_002794","SHP_002837","PO_006296","BP_0005","BP","2023-03-30",56,3,"COMPLETE",2,true
"RCP_002795","SHP_002827","PO_000779","UO_0017","UO","2023-03-30",127,0,"PARTIAL",3,true
"RCP_002796","SHP_002663","PO_004791","FL_0009","FL","2023-03-31",122,0,"PARTIAL",10,true
"RCP_002797","SHP_002862","PO_004919","FL_0008","FL","2023-03-31",19,0,"COMPLETE",0,true
"RCP_002798","SHP_002891","PO_004514","BP_0019","BP","2023-03-31",157,0,"PARTIAL",2,true
"RCP_002799","SHP_002881","PO_007867","FL_0006","FL","2023-03-31",75,0,"COMPLETE",-1,true
"RCP_002800","SHP_002962","PO_002894","UO_0003","UO","2023-03-31",155,0,"COMPLETE",-1,true
"RCP_002801","SHP_002801","PO_002767","FL_0014","FL","2023-03-31",44,0,"PARTIAL",0,true
"RCP_002802","SHP_002798","PO_009544","FL_0011","FL","2023-03-31",131,0,"PARTIAL",1,true
"RCP_002803","SHP_002849","PO_003516","BP_0016","BP","2023-03-31",113,0,"COMPLETE",2,true
"RCP_002804","SHP_002634","PO_008952","FL_0001","FL","2023-03-31",123,0,"COMPLETE",12,true
"RCP_002805","SHP_002845","PO_001912","UO_0016","UO","2023-03-31",33,0,"COMPLETE",3,true
"RCP_002806","SHP_002924","PO_006527","UO_0007","UO","2023-03-31",23,0,"COMPLETE",2,true
"RCP_002807","SHP_002768","PO_000799","FL_0019","FL","2023-03-31",159,0,"COMPLETE",2,true
"RCP_002808","SHP_002659","PO_000034","FL_0011","FL","2023-04-01",64,0,"COMPLETE",11,true
"RCP_002809","SHP_002833","PO_005094","UO_0013","UO","2023-04-01",71,0,"PARTIAL",5,true
"RCP_002810","SHP_002780","PO_008736","UO_0001","UO","2023-04-01",47,0,"COMPLETE",5,true
"RCP_002811","SHP_002820","PO_004327","FL_0011","FL","2023-04-01",45,0,"COMPLETE",0,true
"RCP_002812","SHP_002927","PO_007691","BP_0013","BP","2023-04-01",44,0,"COMPLETE",1,true
"RCP_002813","SHP_002884","PO_009265","BP_0004","BP","2023-04-01",57,0,"COMPLETE",1,true
"RCP_002814","SHP_002787","PO_002378","BP_0015","BP","2023-04-01",159,0,"COMPLETE",1,true
"RCP_002815","SHP_002812","PO_001227","BP_0018","BP","2023-04-01",68,0,"COMPLETE",4,true
"RCP_002816","SHP_002906","PO_001270","BP_0017","BP","2023-04-01",139,0,"COMPLETE",2,true
"RCP_002817","SHP_002769","PO_001515","UO_0013","UO","2023-04-01",80,0,"COMPLETE",5,true
"RCP_002818","SHP_002802","PO_002804","BP_0005","BP","2023-04-01",181,0,"COMPLETE",5,true
"RCP_002819","SHP_002859","PO_002875","FL_0002","FL","2023-04-01",92,0,"COMPLETE",1,true
"RCP_002820","SHP_002826","PO_009879","BP_0009","BP","2023-04-01",55,2,"COMPLETE",4,true
"RCP_002821","SHP_002852","PO_007033","FL_0009","FL","2023-04-01",55,0,"COMPLETE",2,true
"RCP_002822","SHP_002690","PO_001570","FL_0013","FL","2023-04-01",118,0,"PARTIAL",9,true
"RCP_002823","SHP_002949","PO_003867","BP_0004","BP","2023-04-01",70,0,"COMPLETE",-1,true
"RCP_002824","SHP_002789","PO_002615","BP_0009","BP","2023-04-01",147,9,"PARTIAL",1,true
"RCP_002825","SHP_002810","PO_000186","UO_0014","UO","2023-04-02",12,0,"COMPLETE",3,true
"RCP_002826","SHP_002873","PO_000501","FL_0016","FL","2023-04-02",78,0,"COMPLETE",1,true
"RCP_002827","SHP_002792","PO_004056","FL_0018","FL","2023-04-02",178,0,"COMPLETE",3,true
"RCP_002828","SHP_002752","PO_008794","FL_0004","FL","2023-04-02",186,0,"COMPLETE",6,true
"RCP_002829","SHP_002858","PO_001088","UO_0009","UO","2023-04-02",95,0,"PARTIAL",4,true
"RCP_002830","SHP_002905","PO_001197","FL_0007","FL","2023-04-02",17,0,"COMPLETE",-1,true
"RCP_002831","SHP_002836","PO_006275","BP_0001","BP","2023-04-02",73,0,"PARTIAL",4,true
"RCP_002832","SHP_002893","PO_005939","UO_0001","UO","2023-04-02",105,0,"PARTIAL",2,true
"RCP_002833","SHP_002876","PO_004280","FL_0001","FL","2023-04-02",188,0,"COMPLETE",1,true
"RCP_002834","SHP_002759","PO_005948","FL_0017","FL","2023-04-02",162,0,"COMPLETE",4,true
"RCP_002835","SHP_002866","PO_006256","BP_0004","BP","2023-04-02",108,0,"COMPLETE",2,true
"RCP_002836","SHP_002890","PO_003755","BP_0019","BP","2023-04-02",14,0,"COMPLETE",0,true
"RCP_002837","SHP_002974","PO_000044","UO_0002","UO","2023-04-03",195,0,"COMPLETE",1,true
"RCP_002838","SHP_002842","PO_000087","UO_0017","UO","2023-04-03",84,0,"COMPLETE",2,true
"RCP_002839","SHP_002892","PO_004667","UO_0012","UO","2023-04-03",30,0,"COMPLETE",3,true
"RCP_002840","SHP_002746","PO_004187","FL_0013","FL","2023-04-03",87,0,"PARTIAL",7,true
"RCP_002841","SHP_002910","PO_003137","FL_0012","FL","2023-04-03",100,0,"COMPLETE",0,true
"RCP_002842","SHP_002923","PO_005752","FL_0017","FL","2023-04-03",18,0,"COMPLETE",-1,true
"RCP_002843","SHP_002796","PO_006967","FL_0020","FL","2023-04-03",34,0,"PARTIAL",4,true
"RCP_002844","SHP_002782","PO_009516","FL_0001","FL","2023-04-03",131,0,"PARTIAL",4,true
"RCP_002845","SHP_002883","PO_009105","FL_0009","FL","2023-04-03",148,0,"COMPLETE",2,true
"RCP_002846","SHP_002839","PO_007019","FL_0020","FL","2023-04-03",142,0,"PARTIAL",1,true
"RCP_002847","SHP_002715","PO_007931","FL_0009","FL","2023-04-03",144,0,"COMPLETE",10,true
"RCP_002848","SHP_002941","PO_001398","UO_0001","UO","2023-04-03",60,0,"PARTIAL",-1,true
"RCP_002849","SHP_002931","PO_000331","UO_0016","UO","2023-04-04",109,0,"PARTIAL",1,true
"RCP_002850","SHP_002834","PO_005242","FL_0001","FL","2023-04-04",151,0,"COMPLETE",2,true
"RCP_002851","SHP_002804","PO_004836","BP_0012","BP","2023-04-04",111,0,"COMPLETE",-1,true
"RCP_002852","SHP_002851","PO_005496","BP_0016","BP","2023-04-04",150,0,"COMPLETE",0,true
"RCP_002853","SHP_002687","PO_000680","FL_0019","FL","2023-04-04",41,0,"COMPLETE",12,true
"RCP_002854","SHP_002896","PO_007086","UO_0002","UO","2023-04-04",152,0,"COMPLETE",0,true
"RCP_002855","SHP_002885","PO_002246","FL_0004","FL","2023-04-04",108,0,"COMPLETE",2,true
"RCP_002856","SHP_002972","PO_009636","BP_0010","BP","2023-04-04",109,0,"COMPLETE",1,true
"RCP_002857","SHP_002983","PO_009778","BP_0002","BP","2023-04-04",43,0,"COMPLETE",0,true
"RCP_002858","SHP_002879","PO_006250","UO_0016","UO","2023-04-04",199,0,"COMPLETE",5,true
"RCP_002859","SHP_002726","PO_006346","FL_0019","FL","2023-04-04",86,0,"PARTIAL",10,true
"RCP_002860","SHP_002719","PO_001395","UO_0019","UO","2023-04-04",54,0,"PARTIAL",10,true
"RCP_002861","SHP_002925","PO_006970","FL_0011","FL","2023-04-04",138,0,"COMPLETE",0,true
"RCP_002862","SHP_002882","PO_009002","BP_0008","BP","2023-04-04",34,0,"COMPLETE",4,true
"RCP_002863","SHP_002960","PO_001846","BP_0006","BP","2023-04-04",128,0,"COMPLETE",1,true
"RCP_002864","SHP_002861","PO_003615","BP_0012","BP","2023-04-04",36,0,"COMPLETE",5,true
"RCP_002865","SHP_002734","PO_004553","FL_0008","FL","2023-04-05",108,0,"PARTIAL",10,true
"RCP_002866","SHP_002795","PO_005586","FL_0007","FL","2023-04-05",95,0,"COMPLETE",5,true
"RCP_002867","SHP_002814","PO_002770","UO_0017","UO","2023-04-05",94,0,"COMPLETE",4,true
"RCP_002868","SHP_002944","PO_002620","UO_0006","UO","2023-04-05",156,0,"COMPLETE",1,true
"RCP_002869","SHP_002908","PO_001941","FL_0011","FL","2023-04-05",195,0,"COMPLETE",2,true
"RCP_002870","SHP_002902","PO_009390","BP_0008","BP","2023-04-05",64,0,"COMPLETE",4,true
"RCP_002871","SHP_002911","PO_003336","BP_0017","BP","2023-04-05",150,0,"COMPLETE",3,true
"RCP_002872","SHP_002979","PO_005876","BP_0004","BP","2023-04-05",81,0,"PARTIAL",1,true
"RCP_002873","SHP_002713","PO_006723","FL_0004","FL","2023-04-05",47,0,"PARTIAL",12,true
"RCP_002874","SHP_002732","PO_003130","FL_0017","FL","2023-04-05",83,0,"COMPLETE",10,true
"RCP_002875","SHP_002735","PO_007121","BP_0005","BP","2023-04-05",156,0,"COMPLETE",5,true
"RCP_002876","SHP_002956","PO_000055","FL_0011","FL","2023-04-06",198,0,"COMPLETE",-1,true
"RCP_002877","SHP_002950","PO_005240","FL_0020","FL","2023-04-06",68,0,"COMPLETE",0,true
"RCP_002878","SHP_002750","PO_008509","FL_0010","FL","2023-04-06",36,0,"PARTIAL",10,true
"RCP_002879","SHP_002955","PO_008579","FL_0014","FL","2023-04-06",160,0,"COMPLETE",0,true
"RCP_002880","SHP_002954","PO_007987","FL_0009","FL","2023-04-06",31,0,"COMPLETE",0,true
"RCP_002881","SHP_002843","PO_001102","FL_0019","FL","2023-04-06",56,0,"PARTIAL",3,true
"RCP_002882","SHP_002848","PO_003402","FL_0017","FL","2023-04-06",34,0,"COMPLETE",2,true
"RCP_002883","SHP_002919","PO_003539","FL_0003","FL","2023-04-06",116,0,"COMPLETE",2,true
"RCP_002884","SHP_002961","PO_002034","BP_0005","BP","2023-04-06",110,0,"PARTIAL",0,true
"RCP_002885","SHP_002953","PO_007450","FL_0019","FL","2023-04-06",83,0,"COMPLETE",0,true
"RCP_002886","SHP_002943","PO_002341","UO_0019","UO","2023-04-06",60,0,"COMPLETE",2,true
"RCP_002887","SHP_002898","PO_007240","BP_0012","BP","2023-04-06",138,0,"PARTIAL",5,true
"RCP_002888","SHP_002751","PO_008716","BP_0017","BP","2023-04-07",89,0,"PARTIAL",10,true
"RCP_002889","SHP_002765","PO_008728","BP_0003","BP","2023-04-07",126,0,"COMPLETE",5,true
"RCP_002890","SHP_002805","PO_005367","FL_0019","FL","2023-04-07",105,0,"COMPLETE",7,true
"RCP_002891","SHP_002981","PO_006503","UO_0012","UO","2023-04-07",177,0,"COMPLETE",1,true
"RCP_002892","SHP_002900","PO_008151","BP_0001","BP","2023-04-07",44,1,"COMPLETE",5,true
"RCP_002893","SHP_002942","PO_002269","FL_0016","FL","2023-04-07",167,0,"COMPLETE",1,true
"RCP_002894","SHP_003009","PO_005751","BP_0013","BP","2023-04-07",145,0,"COMPLETE",0,true
"RCP_002895","SHP_002985","PO_001423","UO_0012","UO","2023-04-07",186,6,"COMPLETE",0,true
"RCP_002896","SHP_002813","PO_002755","FL_0013","FL","2023-04-07",91,0,"PARTIAL",6,true
"RCP_002897","SHP_002933","PO_002576","FL_0010","FL","2023-04-07",14,0,"COMPLETE",2,true
"RCP_002898","SHP_002742","PO_002511","FL_0016","FL","2023-04-07",64,0,"PARTIAL",11,true
"RCP_002899","SHP_002897","PO_007102","FL_0010","FL","2023-04-07",36,0,"PARTIAL",1,true
"RCP_002900","SHP_002895","PO_007068","BP_0006","BP","2023-04-07",197,0,"COMPLETE",0,true
"RCP_002901","SHP_002854","PO_007429","FL_0007","FL","2023-04-07",165,0,"PARTIAL",4,true
"RCP_002902","SHP_002945","PO_002764","FL_0002","FL","2023-04-07",172,0,"COMPLETE",1,true
"RCP_002903","SHP_002878","PO_005931","UO_0006","UO","2023-04-07",164,0,"COMPLETE",4,true
"RCP_002904","SHP_002829","PO_001754","FL_0013","FL","2023-04-07",47,0,"PARTIAL",5,true
"RCP_002905","SHP_002793","PO_004726","FL_0002","FL","2023-04-08",168,0,"COMPLETE",9,true
"RCP_002906","SHP_002901","PO_008729","FL_0003","FL","2023-04-08",85,0,"PARTIAL",1,true
"RCP_002907","SHP_003060","PO_008121","UO_0014","UO","2023-04-08",71,0,"COMPLETE",-1,true
"RCP_002908","SHP_002855","PO_008126","BP_0003","BP","2023-04-08",178,0,"COMPLETE",0,true
"RCP_002909","SHP_002791","PO_003476","BP_0016","BP","2023-04-08",136,0,"COMPLETE",4,true
"RCP_002910","SHP_002844","PO_001367","UO_0014","UO","2023-04-08",138,0,"PARTIAL",5,true
"RCP_002911","SHP_002947","PO_003047","FL_0005","FL","2023-04-08",89,0,"COMPLETE",2,true
"RCP_002912","SHP_002904","PO_000125","FL_0009","FL","2023-04-08",186,0,"COMPLETE",0,true
"RCP_002913","SHP_002952","PO_006796","UO_0001","UO","2023-04-08",112,0,"COMPLETE",4,true
"RCP_002914","SHP_002997","PO_001973","BP_0003","BP","2023-04-08",91,0,"PARTIAL",-1,true
"RCP_002915","SHP_002745","PO_003335","FL_0009","FL","2023-04-08",84,0,"COMPLETE",12,true
"RCP_002916","SHP_002968","PO_006539","UO_0007","UO","2023-04-08",44,0,"COMPLETE",3,true
"RCP_002917","SHP_003015","PO_000521","UO_0013","UO","2023-04-09",39,0,"COMPLETE",-1,true
"RCP_002918","SHP_002821","PO_004908","BP_0008","BP","2023-04-09",152,0,"COMPLETE",3,true
"RCP_002919","SHP_002912","PO_006432","UO_0002","UO","2023-04-09",94,0,"PARTIAL",2,true
"RCP_002920","SHP_002840","PO_007780","UO_0002","UO","2023-04-09",196,0,"COMPLETE",7,true
"RCP_002921","SHP_002987","PO_002176","BP_0017","BP","2023-04-09",152,0,"COMPLETE",0,true
"RCP_002922","SHP_002860","PO_003406","BP_0010","BP","2023-04-09",94,0,"COMPLETE",0,true
"RCP_002923","SHP_002880","PO_006290","BP_0003","BP","2023-04-09",170,0,"COMPLETE",3,true
"RCP_002924","SHP_003020","PO_006879","UO_0008","UO","2023-04-09",113,0,"PARTIAL",-1,true
"RCP_002925","SHP_002871","PO_010135","BP_0016","BP","2023-04-09",13,0,"COMPLETE",0,true
"RCP_002926","SHP_002803","PO_003853","FL_0011","FL","2023-04-09",156,0,"PARTIAL",9,true
"RCP_002927","SHP_002990","PO_003061","FL_0018","FL","2023-04-09",90,3,"PARTIAL",0,true
"RCP_002928","SHP_002763","PO_007170","UO_0007","UO","2023-04-09",67,0,"COMPLETE",12,true
"RCP_002929","SHP_002857","PO_010171","FL_0018","FL","2023-04-09",40,0,"PARTIAL",6,true
"RCP_002930","SHP_002977","PO_004917","BP_0005","BP","2023-04-10",196,0,"COMPLETE",2,true
"RCP_002931","SHP_002982","PO_008434","FL_0019","FL","2023-04-10",19,0,"COMPLETE",2,true
"RCP_002932","SHP_002823","PO_008469","UO_0002","UO","2023-04-10",58,0,"COMPLETE",9,true
"RCP_002933","SHP_002999","PO_003932","FL_0006","FL","2023-04-10",31,0,"COMPLETE",0,true
"RCP_002934","SHP_002863","PO_005060","FL_0018","FL","2023-04-10",121,0,"PARTIAL",6,true
"RCP_002935","SHP_003023","PO_008569","UO_0012","UO","2023-04-10",83,0,"COMPLETE",0,true
"RCP_002936","SHP_003089","PO_005170","UO_0019","UO","2023-04-10",65,0,"COMPLETE",-1,true
"RCP_002937","SHP_002868","PO_007932","FL_0005","FL","2023-04-10",61,0,"COMPLETE",5,true
"RCP_002938","SHP_002929","PO_009774","FL_0002","FL","2023-04-10",104,0,"COMPLETE",1,true
"RCP_002939","SHP_003027","PO_003462","BP_0019","BP","2023-04-10",113,4,"COMPLETE",1,true
"RCP_002940","SHP_002889","PO_003709","FL_0017","FL","2023-04-10",103,0,"PARTIAL",4,true
"RCP_002941","SHP_002986","PO_001610","UO_0017","UO","2023-04-10",70,0,"PARTIAL",3,true
"RCP_002942","SHP_002872","PO_000398","BP_0014","BP","2023-04-11",193,0,"COMPLETE",1,true
"RCP_002943","SHP_002886","PO_002937","FL_0011","FL","2023-04-11",138,0,"COMPLETE",4,true
"RCP_002944","SHP_003017","PO_003110","FL_0003","FL","2023-04-11",184,0,"COMPLETE",-1,true
"RCP_002945","SHP_002887","PO_003222","FL_0005","FL","2023-04-11",65,0,"PARTIAL",5,true
"RCP_002946","SHP_002993","PO_006221","UO_0015","UO","2023-04-11",44,0,"PARTIAL",4,true
"RCP_002947","SHP_002963","PO_003553","FL_0017","FL","2023-04-11",103,0,"PARTIAL",0,true
"RCP_002948","SHP_002824","PO_008923","UO_0001","UO","2023-04-11",82,0,"COMPLETE",10,true
"RCP_002949","SHP_002809","PO_006638","FL_0007","FL","2023-04-11",126,0,"PARTIAL",11,true
"RCP_002950","SHP_002932","PO_002236","FL_0010","FL","2023-04-11",138,0,"PARTIAL",2,true
"RCP_002951","SHP_003006","PO_001201","FL_0013","FL","2023-04-11",66,0,"COMPLETE",0,true
"RCP_002952","SHP_003010","PO_005974","FL_0004","FL","2023-04-11",108,0,"COMPLETE",0,true
"RCP_002953","SHP_002830","PO_001770","UO_0012","UO","2023-04-11",69,0,"PARTIAL",9,true
"RCP_002954","SHP_003069","PO_004031","UO_0019","UO","2023-04-11",28,0,"COMPLETE",1,true
"RCP_002955","SHP_002869","PO_008635","FL_0018","FL","2023-04-12",187,0,"COMPLETE",8,true
"RCP_002956","SHP_002998","PO_002392","FL_0017","FL","2023-04-12",81,4,"COMPLETE",2,true
"RCP_002957","SHP_002818","PO_003163","FL_0011","FL","2023-04-12",158,0,"COMPLETE",11,true
"RCP_002958","SHP_002937","PO_006138","FL_0013","FL","2023-04-12",52,0,"COMPLETE",3,true
"RCP_002959","SHP_002807","PO_006387","FL_0012","FL","2023-04-12",97,0,"COMPLETE",12,true
"RCP_002960","SHP_002790","PO_002619","BP_0016","BP","2023-04-12",118,0,"PARTIAL",12,true
"RCP_002961","SHP_002939","PO_007132","FL_0003","FL","2023-04-12",143,0,"COMPLETE",2,true
"RCP_002962","SHP_002841","PO_009284","BP_0018","BP","2023-04-12",18,0,"PARTIAL",5,true
"RCP_002963","SHP_002996","PO_000752","FL_0001","FL","2023-04-12",147,0,"COMPLETE",2,true
"RCP_002964","SHP_002958","PO_001148","BP_0005","BP","2023-04-12",55,0,"COMPLETE",0,true
"RCP_002965","SHP_003038","PO_004570","FL_0014","FL","2023-04-13",183,0,"COMPLETE",-1,true
"RCP_002966","SHP_003014","PO_008345","FL_0010","FL","2023-04-13",149,0,"COMPLETE",2,true
"RCP_002967","SHP_002940","PO_008456","FL_0018","FL","2023-04-13",79,0,"COMPLETE",4,true
"RCP_002968","SHP_002975","PO_000663","FL_0019","FL","2023-04-13",14,0,"COMPLETE",1,true
"RCP_002969","SHP_002914","PO_009552","BP_0002","BP","2023-04-13",88,0,"COMPLETE",5,true
"RCP_002970","SHP_003078","PO_009771","BP_0018","BP","2023-04-13",116,0,"COMPLETE",1,true
"RCP_002971","SHP_003079","PO_009886","UO_0013","UO","2023-04-13",51,0,"PARTIAL",-1,true
"RCP_002972","SHP_002980","PO_006194","UO_0001","UO","2023-04-13",20,0,"COMPLETE",3,true
"RCP_002973","SHP_002899","PO_007277","BP_0003","BP","2023-04-13",196,0,"COMPLETE",6,true
"RCP_002974","SHP_002853","PO_007334","FL_0002","FL","2023-04-13",52,0,"PARTIAL",10,true
"RCP_002975","SHP_003071","PO_007415","UO_0020","UO","2023-04-13",173,0,"PARTIAL",-1,true
"RCP_002976","SHP_002994","PO_007610","UO_0019","UO","2023-04-13",59,0,"COMPLETE",0,true
"RCP_002977","SHP_002907","PO_001866","FL_0004","FL","2023-04-13",127,0,"COMPLETE",6,true
"RCP_002978","SHP_002971","PO_007684","FL_0008","FL","2023-04-13",45,0,"PARTIAL",2,true
"RCP_002979","SHP_003061","PO_009241","BP_0016","BP","2023-04-13",131,4,"COMPLETE",2,true
"RCP_002980","SHP_003000","PO_006777","BP_0014","BP","2023-04-13",121,0,"COMPLETE",3,true
"RCP_002981","SHP_002926","PO_007273","BP_0005","BP","2023-04-13",186,0,"COMPLETE",0,true
"RCP_002982","SHP_003013","PO_008041","FL_0016","FL","2023-04-13",23,1,"COMPLETE",2,true
"RCP_002983","SHP_002995","PO_008429","UO_0001","UO","2023-04-14",88,0,"COMPLETE",1,true
"RCP_002984","SHP_003022","PO_008228","FL_0013","FL","2023-04-14",145,0,"COMPLETE",2,true
"RCP_002985","SHP_003048","PO_000581","FL_0016","FL","2023-04-14",146,0,"COMPLETE",-1,true
"RCP_002986","SHP_003140","PO_002906","UO_0001","UO","2023-04-14",200,0,"COMPLETE",-1,true
"RCP_002987","SHP_003090","PO_006314","BP_0017","BP","2023-04-14",139,0,"COMPLETE",1,true
"RCP_002988","SHP_002864","PO_005764","BP_0012","BP","2023-04-14",148,0,"COMPLETE",5,true
"RCP_002989","SHP_003058","PO_007403","BP_0016","BP","2023-04-14",36,0,"COMPLETE",-1,true
"RCP_002990","SHP_003054","PO_005863","FL_0004","FL","2023-04-14",140,0,"COMPLETE",-1,true
"RCP_002991","SHP_003002","PO_007426","FL_0012","FL","2023-04-14",154,0,"COMPLETE",-1,true
"RCP_002992","SHP_002920","PO_004191","BP_0012","BP","2023-04-14",198,0,"COMPLETE",5,true
"RCP_002993","SHP_002946","PO_002797","FL_0012","FL","2023-04-14",131,0,"PARTIAL",3,true
"RCP_002994","SHP_003041","PO_006034","FL_0014","FL","2023-04-14",99,0,"PARTIAL",0,true
"RCP_002995","SHP_003021","PO_007164","FL_0003","FL","2023-04-14",78,0,"COMPLETE",2,true
"RCP_002996","SHP_002978","PO_005700","BP_0004","BP","2023-04-14",169,0,"PARTIAL",1,true
"RCP_002997","SHP_003062","PO_000320","FL_0011","FL","2023-04-15",171,0,"COMPLETE",-1,true
"RCP_002998","SHP_003018","PO_004389","BP_0014","BP","2023-04-15",172,0,"COMPLETE",3,true
"RCP_002999","SHP_002917","PO_002179","BP_0003","BP","2023-04-15",22,0,"COMPLETE",2,true
"RCP_003000","SHP_003077","PO_009102","UO_0008","UO","2023-04-15",88,0,"PARTIAL",1,true
"RCP_003001","SHP_003036","PO_002922","FL_0006","FL","2023-04-15",33,1,"COMPLETE",1,true
"RCP_003002","SHP_002969","PO_006821","BP_0019","BP","2023-04-15",34,0,"PARTIAL",3,true
"RCP_003003","SHP_003082","PO_001678","BP_0005","BP","2023-04-15",195,0,"COMPLETE",2,true
"RCP_003004","SHP_003066","PO_002587","FL_0018","FL","2023-04-15",96,0,"COMPLETE",-1,true
"RCP_003005","SHP_002894","PO_006745","FL_0019","FL","2023-04-15",66,0,"COMPLETE",9,true
"RCP_003006","SHP_003129","PO_007157","UO_0001","UO","2023-04-15",46,0,"COMPLETE",1,true
"RCP_003007","SHP_003026","PO_002137","FL_0013","FL","2023-04-15",37,0,"COMPLETE",2,true
"RCP_003008","SHP_002988","PO_002237","FL_0003","FL","2023-04-15",164,4,"COMPLETE",1,true
"RCP_003009","SHP_003030","PO_006560","FL_0011","FL","2023-04-15",159,0,"COMPLETE",2,true
"RCP_003010","SHP_002970","PO_007307","BP_0010","BP","2023-04-15",114,0,"COMPLETE",3,true
"RCP_003011","SHP_002918","PO_003092","FL_0013","FL","2023-04-15",146,0,"COMPLETE",7,true
"RCP_003012","SHP_003016","PO_002355","BP_0006","BP","2023-04-15",126,0,"COMPLETE",4,true
"RCP_003013","SHP_002856","PO_009189","UO_0015","UO","2023-04-15",15,0,"COMPLETE",12,true
"RCP_003014","SHP_003053","PO_005738","FL_0010","FL","2023-04-15",93,0,"COMPLETE",0,true
"RCP_003015","SHP_003024","PO_000101","UO_0006","UO","2023-04-16",72,0,"COMPLETE",1,true
"RCP_003016","SHP_003039","PO_004880","BP_0001","BP","2023-04-16",44,0,"COMPLETE",2,true
"RCP_003017","SHP_003007","PO_005376","BP_0019","BP","2023-04-16",141,0,"COMPLETE",5,true
"RCP_003018","SHP_002877","PO_005448","FL_0019","FL","2023-04-16",118,0,"COMPLETE",11,true
"RCP_003019","SHP_003059","PO_007762","FL_0004","FL","2023-04-16",25,0,"PARTIAL",1,true
"RCP_003020","SHP_003073","PO_007954","FL_0005","FL","2023-04-16",66,0,"PARTIAL",0,true
"RCP_003021","SHP_002957","PO_000552","FL_0007","FL","2023-04-16",89,0,"PARTIAL",5,true
"RCP_003022","SHP_002951","PO_005964","UO_0008","UO","2023-04-16",19,0,"COMPLETE",6,true
"RCP_003023","SHP_003107","PO_002946","BP_0005","BP","2023-04-16",56,0,"COMPLETE",1,true
"RCP_003024","SHP_003128","PO_006603","BP_0004","BP","2023-04-16",135,0,"COMPLETE",0,true
"RCP_003025","SHP_002966","PO_005879","BP_0004","BP","2023-04-16",57,0,"PARTIAL",0,true
"RCP_003026","SHP_002909","PO_002678","FL_0018","FL","2023-04-16",53,0,"COMPLETE",9,true
"RCP_003027","SHP_002948","PO_003611","BP_0006","BP","2023-04-16",20,1,"COMPLETE",1,true
"RCP_003028","SHP_002973","PO_010158","FL_0010","FL","2023-04-16",13,0,"COMPLETE",5,true
"RCP_003029","SHP_003001","PO_006883","FL_0001","FL","2023-04-16",66,0,"COMPLETE",1,true
"RCP_003030","SHP_002938","PO_007098","BP_0001","BP","2023-04-16",110,0,"COMPLETE",2,true
"RCP_003031","SHP_003112","PO_004840","UO_0007","UO","2023-04-17",109,0,"COMPLETE",0,true
"RCP_003032","SHP_002936","PO_005037","BP_0008","BP","2023-04-17",171,0,"COMPLETE",3,true
"RCP_003033","SHP_003045","PO_008755","UO_0010","UO","2023-04-17",128,0,"COMPLETE",1,true
"RCP_003034","SHP_003102","PO_008816","UO_0006","UO","2023-04-17",80,0,"COMPLETE",1,true
"RCP_003035","SHP_002928","PO_008852","FL_0016","FL","2023-04-17",89,0,"PARTIAL",9,true
"RCP_003036","SHP_003029","PO_006129","FL_0008","FL","2023-04-17",139,0,"COMPLETE",-1,true
"RCP_003037","SHP_002934","PO_003705","FL_0002","FL","2023-04-17",98,0,"COMPLETE",8,true
"RCP_003038","SHP_003057","PO_006978","BP_0012","BP","2023-04-17",51,0,"COMPLETE",3,true
"RCP_003039","SHP_002874","PO_002036","BP_0003","BP","2023-04-17",122,0,"COMPLETE",11,true
"RCP_003040","SHP_002959","PO_001428","FL_0012","FL","2023-04-17",27,0,"COMPLETE",6,true
"RCP_003041","SHP_002965","PO_005028","FL_0017","FL","2023-04-17",60,0,"COMPLETE",6,true
"RCP_003042","SHP_003040","PO_005291","UO_0010","UO","2023-04-18",67,0,"PARTIAL",2,true
"RCP_003043","SHP_003087","PO_004977","UO_0020","UO","2023-04-18",173,0,"PARTIAL",3,true
"RCP_003044","SHP_003101","PO_008399","FL_0020","FL","2023-04-18",177,0,"COMPLETE",0,true
"RCP_003045","SHP_003008","PO_005438","FL_0016","FL","2023-04-18",24,0,"PARTIAL",2,true
"RCP_003046","SHP_003163","PO_008094","BP_0004","BP","2023-04-18",195,0,"COMPLETE",0,true
"RCP_003047","SHP_003080","PO_000583","UO_0013","UO","2023-04-18",96,0,"COMPLETE",-1,true
"RCP_003048","SHP_003097","PO_003113","FL_0019","FL","2023-04-18",26,1,"COMPLETE",0,true
"RCP_003049","SHP_003037","PO_003372","FL_0003","FL","2023-04-18",197,0,"COMPLETE",0,true
"RCP_003050","SHP_002991","PO_003631","BP_0012","BP","2023-04-18",104,0,"COMPLETE",0,true
"RCP_003051","SHP_003042","PO_006437","FL_0011","FL","2023-04-18",129,0,"COMPLETE",0,true
"RCP_003052","SHP_002935","PO_004603","FL_0005","FL","2023-04-19",24,0,"COMPLETE",10,true
"RCP_003053","SHP_003111","PO_004778","FL_0002","FL","2023-04-19",59,0,"COMPLETE",0,true
"RCP_003054","SHP_002967","PO_006478","BP_0019","BP","2023-04-19",165,0,"COMPLETE",3,true
"RCP_003055","SHP_003064","PO_000674","UO_0007","UO","2023-04-19",185,0,"COMPLETE",5,true
"RCP_003056","SHP_003108","PO_003234","UO_0006","UO","2023-04-19",33,0,"COMPLETE",2,true
"RCP_003057","SHP_003127","PO_006321","FL_0007","FL","2023-04-19",153,0,"COMPLETE",-1,true
"RCP_003058","SHP_002922","PO_005672","FL_0001","FL","2023-04-19",125,0,"PARTIAL",11,true
"RCP_003059","SHP_002976","PO_001919","BP_0004","BP","2023-04-19",147,0,"COMPLETE",2,true
"RCP_003060","SHP_003085","PO_003447","FL_0004","FL","2023-04-19",21,0,"PARTIAL",2,true
"RCP_003061","SHP_003204","PO_000993","UO_0005","UO","2023-04-19",79,0,"PARTIAL",-1,true
"RCP_003062","SHP_002964","PO_004556","BP_0020","BP","2023-04-20",103,0,"COMPLETE",8,true
"RCP_003063","SHP_003046","PO_000390","FL_0003","FL","2023-04-20",115,0,"COMPLETE",0,true
"RCP_003064","SHP_002921","PO_005249","FL_0002","FL","2023-04-20",72,0,"COMPLETE",12,true
"RCP_003065","SHP_003144","PO_008481","FL_0017","FL","2023-04-20",39,0,"COMPLETE",-1,true
"RCP_003066","SHP_003031","PO_008722","FL_0006","FL","2023-04-20",128,0,"COMPLETE",2,true
"RCP_003067","SHP_003125","PO_005549","BP_0006","BP","2023-04-20",32,0,"COMPLETE",1,true
"RCP_003068","SHP_003198","PO_008175","UO_0010","UO","2023-04-20",100,0,"COMPLETE",1,true
"RCP_003069","SHP_003148","PO_002321","BP_0020","BP","2023-04-20",30,0,"COMPLETE",-1,true
"RCP_003070","SHP_003146","PO_010025","FL_0017","FL","2023-04-20",153,0,"COMPLETE",-1,true
"RCP_003071","SHP_003178","PO_006185","BP_0017","BP","2023-04-20",135,0,"COMPLETE",1,true
"RCP_003072","SHP_003123","PO_003520","BP_0019","BP","2023-04-20",192,0,"COMPLETE",0,true
"RCP_003073","SHP_003152","PO_003573","BP_0012","BP","2023-04-20",119,0,"COMPLETE",2,true
"RCP_003074","SHP_002989","PO_002766","BP_0010","BP","2023-04-20",93,0,"PARTIAL",6,true
"RCP_003075","SHP_003012","PO_007841","FL_0018","FL","2023-04-20",107,0,"COMPLETE",5,true
"RCP_003076","SHP_003166","PO_008261","BP_0016","BP","2023-04-20",181,0,"COMPLETE",2,true
"RCP_003077","SHP_003162","PO_007689","BP_0007","BP","2023-04-20",96,0,"COMPLETE",-1,true
"RCP_003078","SHP_003138","PO_001733","FL_0018","FL","2023-04-20",45,0,"COMPLETE",-1,true
"RCP_003079","SHP_002984","PO_000020","BP_0007","BP","2023-04-21",63,0,"COMPLETE",3,true
"RCP_003080","SHP_003136","PO_000401","FL_0004","FL","2023-04-21",148,0,"COMPLETE",0,true
"RCP_003081","SHP_003063","PO_000402","UO_0020","UO","2023-04-21",99,0,"COMPLETE",3,true
"RCP_003082","SHP_003173","PO_004042","UO_0008","UO","2023-04-21",34,0,"COMPLETE",0,true
"RCP_003083","SHP_003130","PO_007957","FL_0007","FL","2023-04-21",163,0,"COMPLETE",1,true
"RCP_003084","SHP_003133","PO_009428","FL_0016","FL","2023-04-21",168,0,"COMPLETE",1,true
"RCP_003085","SHP_003113","PO_005670","FL_0009","FL","2023-04-21",67,0,"COMPLETE",2,true
"RCP_003086","SHP_003121","PO_002697","UO_0002","UO","2023-04-21",70,0,"PARTIAL",-1,true
"RCP_003087","SHP_003050","PO_000760","BP_0015","BP","2023-04-21",141,0,"COMPLETE",1,true
"RCP_003088","SHP_002992","PO_004463","BP_0007","BP","2023-04-21",147,0,"COMPLETE",3,true
"RCP_003089","SHP_003072","PO_007486","UO_0002","UO","2023-04-21",65,0,"COMPLETE",3,true
"RCP_003090","SHP_003117","PO_007949","BP_0007","BP","2023-04-22",179,0,"COMPLETE",3,true
"RCP_003091","SHP_003035","PO_002336","BP_0016","BP","2023-04-22",80,0,"COMPLETE",-1,true
"RCP_003092","SHP_003049","PO_000582","BP_0014","BP","2023-04-22",133,0,"COMPLETE",2,true
"RCP_003093","SHP_003221","PO_002684","UO_0019","UO","2023-04-22",52,0,"COMPLETE",1,true
"RCP_003094","SHP_003032","PO_010037","FL_0008","FL","2023-04-22",31,0,"PARTIAL",5,true
"RCP_003095","SHP_003164","PO_008207","BP_0009","BP","2023-04-22",174,0,"COMPLETE",0,true
"RCP_003096","SHP_003170","PO_001677","FL_0011","FL","2023-04-22",112,0,"COMPLETE",-1,true
"RCP_003097","SHP_003019","PO_006204","FL_0012","FL","2023-04-22",15,0,"COMPLETE",6,true
"RCP_003098","SHP_003131","PO_008916","UO_0004","UO","2023-04-22",88,0,"COMPLETE",4,true
"RCP_003099","SHP_003191","PO_000727","BP_0005","BP","2023-04-22",140,0,"COMPLETE",1,true
"RCP_003100","SHP_003099","PO_006758","BP_0007","BP","2023-04-22",181,0,"COMPLETE",5,true
"RCP_003101","SHP_003116","PO_007472","UO_0005","UO","2023-04-22",14,0,"COMPLETE",5,true
"RCP_003102","SHP_003142","PO_005805","UO_0017","UO","2023-04-22",155,0,"COMPLETE",3,true
"RCP_003103","SHP_003194","PO_005082","BP_0010","BP","2023-04-23",51,0,"COMPLETE",-1,true
"RCP_003104","SHP_003145","PO_008747","FL_0011","FL","2023-04-23",174,0,"COMPLETE",2,true
"RCP_003105","SHP_003074","PO_008028","UO_0016","UO","2023-04-23",56,0,"COMPLETE",5,true
"RCP_003106","SHP_003165","PO_008237","FL_0016","FL","2023-04-23",28,0,"COMPLETE",1,true
"RCP_003107","SHP_003143","PO_006091","FL_0019","FL","2023-04-23",158,0,"COMPLETE",2,true
"RCP_003108","SHP_003137","PO_001402","FL_0006","FL","2023-04-23",185,0,"COMPLETE",2,true
"RCP_003109","SHP_003139","PO_002816","FL_0020","FL","2023-04-23",188,0,"COMPLETE",2,true
"RCP_003110","SHP_003083","PO_001871","UO_0005","UO","2023-04-23",38,1,"COMPLETE",4,true
"RCP_003111","SHP_003055","PO_006759","FL_0018","FL","2023-04-23",53,0,"COMPLETE",4,true
"RCP_003112","SHP_003181","PO_008223","UO_0016","UO","2023-04-23",187,0,"COMPLETE",2,true
"RCP_003113","SHP_003076","PO_008859","UO_0003","UO","2023-04-23",157,0,"COMPLETE",3,true
"RCP_003114","SHP_003003","PO_008222","FL_0017","FL","2023-04-23",64,0,"PARTIAL",9,true
"RCP_003115","SHP_003119","PO_009101","UO_0003","UO","2023-04-23",58,0,"COMPLETE",2,true
"RCP_003116","SHP_003190","PO_010145","FL_0018","FL","2023-04-23",71,0,"COMPLETE",-1,true
"RCP_003117","SHP_003070","PO_005413","FL_0017","FL","2023-04-24",160,0,"COMPLETE",4,true
"RCP_003118","SHP_003065","PO_002373","FL_0019","FL","2023-04-24",28,0,"COMPLETE",3,true
"RCP_003119","SHP_003197","PO_006249","FL_0019","FL","2023-04-24",124,2,"COMPLETE",-1,true
"RCP_003120","SHP_003212","PO_005739","BP_0014","BP","2023-04-24",161,5,"COMPLETE",2,true
"RCP_003121","SHP_003056","PO_006976","FL_0001","FL","2023-04-24",89,0,"COMPLETE",4,true
"RCP_003122","SHP_003172","PO_003453","FL_0007","FL","2023-04-24",42,1,"COMPLETE",1,true
"RCP_003123","SHP_003161","PO_007567","FL_0016","FL","2023-04-24",180,0,"COMPLETE",2,true
"RCP_003124","SHP_003202","PO_010169","UO_0016","UO","2023-04-24",139,0,"PARTIAL",1,true
"RCP_003125","SHP_003067","PO_003051","BP_0006","BP","2023-04-24",73,0,"COMPLETE",-1,true
"RCP_003126","SHP_003105","PO_000230","BP_0013","BP","2023-04-25",109,0,"COMPLETE",1,true
"RCP_003127","SHP_003257","PO_004131","BP_0014","BP","2023-04-25",137,0,"COMPLETE",0,true
"RCP_003128","SHP_003226","PO_005587","BP_0005","BP","2023-04-25",155,0,"COMPLETE",2,true
"RCP_003129","SHP_003175","PO_004377","FL_0018","FL","2023-04-25",153,0,"COMPLETE",2,true
"RCP_003130","SHP_003217","PO_009119","FL_0006","FL","2023-04-25",142,0,"COMPLETE",-1,true
"RCP_003131","SHP_003005","PO_009878","FL_0016","FL","2023-04-25",31,0,"COMPLETE",11,true
"RCP_003132","SHP_003011","PO_007070","FL_0011","FL","2023-04-25",19,0,"PARTIAL",10,true
"RCP_003133","SHP_003249","PO_000909","BP_0015","BP","2023-04-25",164,0,"COMPLETE",0,true
"RCP_003134","SHP_003110","PO_004066","FL_0018","FL","2023-04-25",175,0,"COMPLETE",1,true
"RCP_003135","SHP_003184","PO_001010","FL_0006","FL","2023-04-25",63,0,"COMPLETE",1,true
"RCP_003136","SHP_003241","PO_007481","BP_0015","BP","2023-04-25",13,0,"COMPLETE",1,true
"RCP_003137","SHP_003274","PO_007503","BP_0007","BP","2023-04-25",183,0,"COMPLETE",-1,true
"RCP_003138","SHP_003095","PO_001202","FL_0019","FL","2023-04-25",132,7,"PARTIAL",3,true
"RCP_003139","SHP_003150","PO_002533","BP_0010","BP","2023-04-25",105,0,"COMPLETE",4,true
"RCP_003140","SHP_003168","PO_009071","BP_0001","BP","2023-04-26",19,0,"PARTIAL",4,true
"RCP_003141","SHP_003004","PO_009199","BP_0008","BP","2023-04-26",20,0,"PARTIAL",11,true
"RCP_003142","SHP_003093","PO_009481","FL_0008","FL","2023-04-26",136,0,"PARTIAL",5,true
"RCP_003143","SHP_003151","PO_003522","UO_0010","UO","2023-04-26",98,0,"COMPLETE",2,true
"RCP_003144","SHP_003179","PO_007206","BP_0017","BP","2023-04-26",145,0,"COMPLETE",3,true
"RCP_003145","SHP_003192","PO_002345","FL_0004","FL","2023-04-26",138,0,"COMPLETE",1,true
"RCP_003146","SHP_003254","PO_002760","BP_0006","BP","2023-04-26",63,0,"COMPLETE",1,true
"RCP_003147","SHP_003223","PO_003671","BP_0013","BP","2023-04-26",30,0,"COMPLETE",0,true
"RCP_003148","SHP_003271","PO_003302","BP_0002","BP","2023-04-26",83,0,"COMPLETE",0,true
"RCP_003149","SHP_003155","PO_004250","BP_0006","BP","2023-04-26",137,0,"COMPLETE",4,true
"RCP_003150","SHP_003068","PO_003499","FL_0016","FL","2023-04-26",119,0,"COMPLETE",5,true
"RCP_003151","SHP_003208","PO_003598","FL_0001","FL","2023-04-26",48,0,"COMPLETE",0,true
"RCP_003152","SHP_003203","PO_000223","BP_0018","BP","2023-04-27",15,0,"COMPLETE",2,true
"RCP_003153","SHP_003051","PO_004552","FL_0002","FL","2023-04-27",63,0,"COMPLETE",8,true
"RCP_003154","SHP_003052","PO_004638","FL_0008","FL","2023-04-27",94,0,"PARTIAL",8,true
"RCP_003155","SHP_003075","PO_008512","FL_0013","FL","2023-04-27",161,0,"COMPLETE",7,true
"RCP_003156","SHP_003086","PO_003967","UO_0020","UO","2023-04-27",157,0,"COMPLETE",6,true
"RCP_003157","SHP_003088","PO_004998","BP_0015","BP","2023-04-27",158,0,"COMPLETE",1,true
"RCP_003158","SHP_003157","PO_005153","BP_0018","BP","2023-04-27",77,0,"COMPLETE",0,true
"RCP_003159","SHP_003174","PO_004366","FL_0012","FL","2023-04-27",160,0,"COMPLETE",0,true
"RCP_003160","SHP_003224","PO_004384","FL_0011","FL","2023-04-27",82,0,"COMPLETE",0,true
"RCP_003161","SHP_003180","PO_007951","FL_0018","FL","2023-04-27",158,0,"COMPLETE",0,true
"RCP_003162","SHP_003043","PO_007963","FL_0013","FL","2023-04-27",94,0,"COMPLETE",9,true
"RCP_003163","SHP_003134","PO_009500","UO_0017","UO","2023-04-27",184,0,"COMPLETE",5,true
"RCP_003164","SHP_003104","PO_009654","BP_0020","BP","2023-04-27",181,0,"COMPLETE",0,true
"RCP_003165","SHP_003171","PO_001930","BP_0014","BP","2023-04-27",199,0,"COMPLETE",4,true
"RCP_003166","SHP_003292","PO_001411","BP_0015","BP","2023-04-27",49,0,"COMPLETE",-1,true
"RCP_003167","SHP_003182","PO_010182","BP_0018","BP","2023-04-27",92,0,"COMPLETE",4,true
"RCP_003168","SHP_003084","PO_003105","UO_0008","UO","2023-04-27",33,0,"PARTIAL",6,true
"RCP_003169","SHP_003193","PO_003782","BP_0007","BP","2023-04-27",104,0,"COMPLETE",2,true
"RCP_003170","SHP_003185","PO_001146","BP_0010","BP","2023-04-27",170,0,"COMPLETE",3,true
"RCP_003171","SHP_003283","PO_007089","BP_0019","BP","2023-04-27",157,2,"COMPLETE",0,true
"RCP_003172","SHP_003094","PO_000476","FL_0010","FL","2023-04-28",65,0,"PARTIAL",5,true
"RCP_003173","SHP_003296","PO_004834","BP_0008","BP","2023-04-28",178,0,"COMPLETE",0,true
"RCP_003174","SHP_003225","PO_005467","UO_0015","UO","2023-04-28",147,0,"COMPLETE",3,true
"RCP_003175","SHP_003205","PO_002230","FL_0005","FL","2023-04-28",165,0,"COMPLETE",2,true
"RCP_003176","SHP_003245","PO_009704","FL_0006","FL","2023-04-28",154,0,"COMPLETE",0,true
"RCP_003177","SHP_003028","PO_006026","FL_0017","FL","2023-04-28",187,0,"COMPLETE",11,true
"RCP_003178","SHP_003122","PO_002997","BP_0002","BP","2023-04-28",107,0,"PARTIAL",-1,true
"RCP_003179","SHP_003081","PO_000731","BP_0008","BP","2023-04-28",184,0,"COMPLETE",2,true
"RCP_003180","SHP_003188","PO_006595","BP_0001","BP","2023-04-28",137,0,"COMPLETE",4,true
"RCP_003181","SHP_003230","PO_009495","BP_0014","BP","2023-04-28",151,0,"COMPLETE",1,true
"RCP_003182","SHP_003227","PO_006615","UO_0006","UO","2023-04-28",55,0,"COMPLETE",-1,true
"RCP_003183","SHP_003206","PO_003086","FL_0020","FL","2023-04-28",18,0,"PARTIAL",2,true
"RCP_003184","SHP_003044","PO_008056","FL_0014","FL","2023-04-28",140,0,"COMPLETE",10,true
"RCP_003185","SHP_003160","PO_006443","FL_0008","FL","2023-04-28",54,0,"COMPLETE",2,true
"RCP_003186","SHP_003141","PO_004482","UO_0020","UO","2023-04-28",151,0,"COMPLETE",3,true
"RCP_003187","SHP_003169","PO_001150","FL_0016","FL","2023-04-28",148,0,"PARTIAL",1,true
"RCP_003188","SHP_003135","PO_000259","BP_0017","BP","2023-04-29",143,0,"PARTIAL",3,true
"RCP_003189","SHP_003047","PO_000437","UO_0003","UO","2023-04-29",127,0,"COMPLETE",10,true
"RCP_003190","SHP_003220","PO_002192","UO_0006","UO","2023-04-29",129,0,"COMPLETE",4,true
"RCP_003191","SHP_003033","PO_000996","BP_0012","BP","2023-04-29",137,0,"COMPLETE",10,true
"RCP_003192","SHP_003100","PO_008076","BP_0003","BP","2023-04-29",69,0,"COMPLETE",2,true
"RCP_003193","SHP_003244","PO_009254","BP_0004","BP","2023-04-29",110,0,"PARTIAL",2,true
"RCP_003194","SHP_003103","PO_009300","FL_0017","FL","2023-04-29",42,2,"PARTIAL",7,true
"RCP_003195","SHP_003092","PO_007586","BP_0004","BP","2023-04-29",89,0,"COMPLETE",3,true
"RCP_003196","SHP_003234","PO_002594","BP_0010","BP","2023-04-29",44,0,"COMPLETE",1,true
"RCP_003197","SHP_003091","PO_007021","FL_0019","FL","2023-04-29",93,0,"PARTIAL",8,true
"RCP_003198","SHP_003248","PO_000854","BP_0010","BP","2023-04-29",160,0,"COMPLETE",1,true
"RCP_003199","SHP_003025","PO_001681","FL_0012","FL","2023-04-29",87,0,"COMPLETE",12,true
"RCP_003200","SHP_003109","PO_003307","FL_0008","FL","2023-04-29",107,0,"PARTIAL",6,true
"RCP_003201","SHP_003259","PO_006184","BP_0013","BP","2023-04-29",100,0,"COMPLETE",0,true
"RCP_003202","SHP_003261","PO_006671","FL_0003","FL","2023-04-29",174,0,"COMPLETE",0,true
"RCP_003203","SHP_003218","PO_009623","BP_0002","BP","2023-04-29",184,0,"COMPLETE",4,true
"RCP_003204","SHP_003240","PO_007480","UO_0016","UO","2023-04-29",108,6,"PARTIAL",3,true
"RCP_003205","SHP_003219","PO_000433","UO_0009","UO","2023-04-30",69,0,"COMPLETE",1,true
"RCP_003206","SHP_003195","PO_005236","BP_0016","BP","2023-04-30",152,0,"COMPLETE",5,true
"RCP_003207","SHP_003176","PO_004934","UO_0016","UO","2023-04-30",197,0,"COMPLETE",5,true
"RCP_003208","SHP_003279","PO_002414","BP_0010","BP","2023-04-30",167,0,"COMPLETE",0,true
"RCP_003209","SHP_003098","PO_003180","BP_0020","BP","2023-04-30",156,0,"COMPLETE",3,true
"RCP_003210","SHP_003115","PO_006316","BP_0014","BP","2023-04-30",159,0,"COMPLETE",2,true
"RCP_003211","SHP_003232","PO_000764","FL_0009","FL","2023-04-30",134,0,"COMPLETE",2,true
"RCP_003212","SHP_003034","PO_001835","BP_0007","BP","2023-04-30",58,0,"PARTIAL",11,true
"RCP_003213","SHP_003210","PO_004266","FL_0012","FL","2023-04-30",160,0,"COMPLETE",-1,true
"RCP_003214","SHP_003263","PO_008163","BP_0013","BP","2023-04-30",82,0,"COMPLETE",1,true
"RCP_003215","SHP_003251","PO_001361","BP_0010","BP","2023-04-30",127,0,"COMPLETE",1,true
"RCP_003216","SHP_003120","PO_009321","BP_0014","BP","2023-04-30",46,0,"PARTIAL",2,true
"RCP_003217","SHP_003290","PO_000548","FL_0003","FL","2023-05-01",168,0,"COMPLETE",-1,true
"RCP_003218","SHP_003211","PO_005078","BP_0007","BP","2023-05-01",183,0,"COMPLETE",0,true
"RCP_003219","SHP_003183","PO_000693","BP_0016","BP","2023-05-01",92,0,"PARTIAL",2,true
"RCP_003220","SHP_003297","PO_008172","UO_0006","UO","2023-05-01",33,0,"PARTIAL",1,true
"RCP_003221","SHP_003118","PO_009027","BP_0002","BP","2023-05-01",80,0,"COMPLETE",7,true
"RCP_003222","SHP_003132","PO_009331","FL_0012","FL","2023-05-01",16,0,"COMPLETE",7,true
"RCP_003223","SHP_003288","PO_010027","FL_0018","FL","2023-05-01",39,0,"COMPLETE",0,true
"RCP_003224","SHP_003282","PO_006602","FL_0002","FL","2023-05-01",46,0,"COMPLETE",0,true
"RCP_003225","SHP_003126","PO_005979","BP_0004","BP","2023-05-01",186,6,"COMPLETE",2,true
"RCP_003226","SHP_003153","PO_003791","BP_0017","BP","2023-05-01",185,0,"COMPLETE",0,true
"RCP_003227","SHP_003262","PO_007356","UO_0018","UO","2023-05-01",87,0,"PARTIAL",0,true
"RCP_003228","SHP_003277","PO_001762","FL_0011","FL","2023-05-01",163,0,"COMPLETE",0,true
"RCP_003229","SHP_003196","PO_005295","UO_0004","UO","2023-05-02",84,2,"PARTIAL",3,true
"RCP_003230","SHP_003167","PO_008430","BP_0004","BP","2023-05-02",117,0,"PARTIAL",5,true
"RCP_003231","SHP_003154","PO_003896","FL_0004","FL","2023-05-02",41,0,"COMPLETE",6,true
"RCP_003232","SHP_003370","PO_007724","BP_0003","BP","2023-05-02",134,0,"PARTIAL",-1,true
"RCP_003233","SHP_003228","PO_007875","BP_0016","BP","2023-05-02",138,0,"COMPLETE",5,true
"RCP_003234","SHP_003201","PO_010126","UO_0015","UO","2023-05-02",115,0,"PARTIAL",5,true
"RCP_003235","SHP_003187","PO_006549","BP_0020","BP","2023-05-02",87,0,"COMPLETE",3,true
"RCP_003236","SHP_003214","PO_006767","FL_0007","FL","2023-05-02",55,0,"COMPLETE",1,true
"RCP_003237","SHP_003287","PO_009645","BP_0016","BP","2023-05-02",118,0,"COMPLETE",1,true
"RCP_003238","SHP_003270","PO_001585","FL_0016","FL","2023-05-02",21,0,"COMPLETE",2,true
"RCP_003239","SHP_003293","PO_001942","BP_0012","BP","2023-05-02",165,0,"COMPLETE",0,true
"RCP_003240","SHP_003301","PO_003488","BP_0004","BP","2023-05-02",122,0,"COMPLETE",-1,true
"RCP_003241","SHP_003302","PO_003996","FL_0019","FL","2023-05-03",136,0,"COMPLETE",0,true
"RCP_003242","SHP_003177","PO_005373","FL_0004","FL","2023-05-03",25,0,"COMPLETE",5,true
"RCP_003243","SHP_003364","PO_004271","UO_0018","UO","2023-05-03",106,0,"COMPLETE",2,true
"RCP_003244","SHP_003159","PO_005576","BP_0012","BP","2023-05-03",136,0,"COMPLETE",2,true
"RCP_003245","SHP_003300","PO_002178","FL_0008","FL","2023-05-03",179,0,"COMPLETE",0,true
"RCP_003246","SHP_003229","PO_008071","FL_0014","FL","2023-05-03",60,0,"PARTIAL",2,true
"RCP_003247","SHP_003377","PO_008100","BP_0009","BP","2023-05-03",135,0,"COMPLETE",-1,true
"RCP_003248","SHP_003255","PO_002810","BP_0019","BP","2023-05-03",193,0,"COMPLETE",5,true
"RCP_003249","SHP_003149","PO_002515","FL_0010","FL","2023-05-03",33,0,"COMPLETE",7,true
"RCP_003250","SHP_003294","PO_002133","UO_0005","UO","2023-05-03",89,0,"COMPLETE",3,true
"RCP_003251","SHP_003215","PO_007406","UO_0013","UO","2023-05-03",174,0,"COMPLETE",5,true
"RCP_003252","SHP_003114","PO_006239","FL_0003","FL","2023-05-03",47,0,"COMPLETE",10,true
"RCP_003253","SHP_003298","PO_009855","FL_0011","FL","2023-05-03",50,0,"COMPLETE",1,true
"RCP_003254","SHP_003326","PO_006590","FL_0010","FL","2023-05-03",114,0,"COMPLETE",-1,true
"RCP_003255","SHP_003253","PO_002425","BP_0017","BP","2023-05-03",15,0,"COMPLETE",4,true
"RCP_003256","SHP_003247","PO_000794","BP_0017","BP","2023-05-03",121,0,"COMPLETE",4,true
"RCP_003257","SHP_003207","PO_003386","FL_0004","FL","2023-05-03",71,0,"PARTIAL",3,true
"RCP_003258","SHP_003156","PO_004622","UO_0010","UO","2023-05-04",135,0,"PARTIAL",8,true
"RCP_003259","SHP_003199","PO_008843","FL_0013","FL","2023-05-04",121,0,"PARTIAL",5,true
"RCP_003260","SHP_003124","PO_005345","FL_0012","FL","2023-05-04",197,0,"COMPLETE",10,true
"RCP_003261","SHP_003158","PO_005477","FL_0010","FL","2023-05-04",47,0,"COMPLETE",8,true
"RCP_003262","SHP_003250","PO_001034","UO_0008","UO","2023-05-04",79,0,"PARTIAL",3,true
"RCP_003263","SHP_003200","PO_009136","BP_0009","BP","2023-05-04",171,0,"PARTIAL",4,true
"RCP_003264","SHP_003321","PO_003342","FL_0004","FL","2023-05-04",163,0,"COMPLETE",0,true
"RCP_003265","SHP_003289","PO_010136","BP_0007","BP","2023-05-04",121,0,"COMPLETE",4,true
"RCP_003266","SHP_003106","PO_001294","BP_0013","BP","2023-05-04",64,0,"COMPLETE",10,true
"RCP_003267","SHP_003374","PO_005598","UO_0008","UO","2023-05-04",151,0,"COMPLETE",2,true
"RCP_003268","SHP_003096","PO_001488","FL_0001","FL","2023-05-04",20,0,"PARTIAL",12,true
"RCP_003269","SHP_003340","PO_006875","FL_0004","FL","2023-05-04",52,0,"COMPLETE",-1,true
"RCP_003270","SHP_003392","PO_005853","UO_0006","UO","2023-05-04",157,0,"COMPLETE",1,true
"RCP_003271","SHP_003239","PO_007253","FL_0020","FL","2023-05-04",188,0,"COMPLETE",2,true
"RCP_003272","SHP_003304","PO_004599","FL_0005","FL","2023-05-05",78,0,"COMPLETE",2,true
"RCP_003273","SHP_003309","PO_000470","UO_0002","UO","2023-05-05",54,0,"COMPLETE",3,true
"RCP_003274","SHP_003350","PO_001048","FL_0001","FL","2023-05-05",134,0,"COMPLETE",-1,true
"RCP_003275","SHP_003331","PO_009717","FL_0006","FL","2023-05-05",90,0,"COMPLETE",1,true
"RCP_003276","SHP_003338","PO_006382","BP_0015","BP","2023-05-05",15,0,"COMPLETE",1,true
"RCP_003277","SHP_003387","PO_002141","UO_0014","UO","2023-05-05",103,0,"COMPLETE",2,true
"RCP_003278","SHP_003359","PO_001758","BP_0014","BP","2023-05-05",147,0,"COMPLETE",2,true
"RCP_003279","SHP_003332","PO_010184","UO_0018","UO","2023-05-05",150,0,"COMPLETE",-1,true
"RCP_003280","SHP_003268","PO_000991","UO_0015","UO","2023-05-05",93,0,"PARTIAL",3,true
"RCP_003281","SHP_003355","PO_009274","FL_0006","FL","2023-05-05",126,0,"COMPLETE",-1,true
"RCP_003282","SHP_003312","PO_001433","BP_0007","BP","2023-05-05",139,0,"COMPLETE",2,true
"RCP_003283","SHP_003147","PO_001062","BP_0004","BP","2023-05-05",76,0,"COMPLETE",8,true
"RCP_003284","SHP_003351","PO_004710","BP_0014","BP","2023-05-06",127,0,"PARTIAL",0,true
"RCP_003285","SHP_003414","PO_001053","BP_0005","BP","2023-05-06",96,0,"COMPLETE",-1,true
"RCP_003286","SHP_003316","PO_002386","FL_0019","FL","2023-05-06",59,0,"COMPLETE",2,true
"RCP_003287","SHP_003291","PO_000638","BP_0016","BP","2023-05-06",179,0,"COMPLETE",4,true
"RCP_003288","SHP_003284","PO_007167","UO_0013","UO","2023-05-06",186,0,"COMPLETE",3,true
"RCP_003289","SHP_003337","PO_005882","FL_0016","FL","2023-05-06",99,0,"COMPLETE",1,true
"RCP_003290","SHP_003343","PO_008217","BP_0019","BP","2023-05-06",82,0,"COMPLETE",2,true
"RCP_003291","SHP_003281","PO_006153","FL_0018","FL","2023-05-06",122,0,"COMPLETE",0,true
"RCP_003292","SHP_003360","PO_001982","FL_0008","FL","2023-05-06",82,0,"COMPLETE",-1,true
"RCP_003293","SHP_003308","PO_000025","UO_0009","UO","2023-05-07",151,0,"PARTIAL",1,true
"RCP_003294","SHP_003265","PO_000126","FL_0011","FL","2023-05-07",169,0,"PARTIAL",3,true
"RCP_003295","SHP_003372","PO_000434","BP_0014","BP","2023-05-07",64,0,"COMPLETE",0,true
"RCP_003296","SHP_003369","PO_007119","FL_0011","FL","2023-05-07",73,0,"COMPLETE",0,true
"RCP_003297","SHP_003299","PO_001765","BP_0009","BP","2023-05-07",93,0,"COMPLETE",5,true
"RCP_003298","SHP_003394","PO_006558","BP_0012","BP","2023-05-07",12,0,"COMPLETE",2,true
"RCP_003299","SHP_003353","PO_007360","FL_0016","FL","2023-05-07",67,0,"COMPLETE",1,true
"RCP_003300","SHP_003398","PO_000827","BP_0009","BP","2023-05-07",51,0,"COMPLETE",1,true
"RCP_003301","SHP_003231","PO_000061","FL_0018","FL","2023-05-08",44,0,"COMPLETE",5,true
"RCP_003302","SHP_003347","PO_000108","FL_0020","FL","2023-05-08",58,0,"COMPLETE",2,true
"RCP_003303","SHP_003348","PO_000292","BP_0014","BP","2023-05-08",104,0,"COMPLETE",2,true
"RCP_003304","SHP_003333","PO_000485","BP_0005","BP","2023-05-08",42,0,"COMPLETE",4,true
"RCP_003305","SHP_003209","PO_003974","UO_0005","UO","2023-05-08",89,0,"PARTIAL",8,true
"RCP_003306","SHP_003242","PO_008551","BP_0010","BP","2023-05-08",81,0,"PARTIAL",5,true
"RCP_003307","SHP_003237","PO_004224","FL_0012","FL","2023-05-08",166,0,"PARTIAL",5,true
"RCP_003308","SHP_003396","PO_008078","FL_0008","FL","2023-05-08",135,5,"COMPLETE",-1,true
"RCP_003309","SHP_003400","PO_001162","BP_0005","BP","2023-05-08",115,0,"COMPLETE",2,true
"RCP_003310","SHP_003278","PO_002383","FL_0014","FL","2023-05-08",20,0,"COMPLETE",2,true
"RCP_003311","SHP_003186","PO_002448","BP_0019","BP","2023-05-08",60,0,"COMPLETE",9,true
"RCP_003312","SHP_003320","PO_003164","FL_0019","FL","2023-05-08",91,0,"COMPLETE",-1,true
"RCP_003313","SHP_003393","PO_006383","FL_0010","FL","2023-05-08",181,0,"COMPLETE",-1,true
"RCP_003314","SHP_003273","PO_006613","BP_0010","BP","2023-05-08",13,0,"PARTIAL",3,true
"RCP_003315","SHP_003252","PO_001847","FL_0013","FL","2023-05-08",126,0,"PARTIAL",4,true
"RCP_003316","SHP_003222","PO_002871","FL_0011","FL","2023-05-08",58,0,"PARTIAL",7,true
"RCP_003317","SHP_003313","PO_001467","UO_0004","UO","2023-05-08",108,0,"COMPLETE",2,true
"RCP_003318","SHP_003324","PO_004871","UO_0020","UO","2023-05-09",117,0,"PARTIAL",1,true
"RCP_003319","SHP_003365","PO_004379","UO_0006","UO","2023-05-09",39,0,"COMPLETE",4,true
"RCP_003320","SHP_003388","PO_002249","FL_0010","FL","2023-05-09",70,0,"COMPLETE",0,true
"RCP_003321","SHP_003236","PO_003281","BP_0019","BP","2023-05-09",172,8,"COMPLETE",2,true
"RCP_003322","SHP_003384","PO_001624","UO_0015","UO","2023-05-09",126,0,"COMPLETE",2,true
"RCP_003323","SHP_003385","PO_001641","UO_0014","UO","2023-05-09",117,0,"COMPLETE",2,true
"RCP_003324","SHP_003346","PO_010199","BP_0003","BP","2023-05-09",43,0,"COMPLETE",5,true
"RCP_003325","SHP_003403","PO_001748","FL_0004","FL","2023-05-09",33,0,"COMPLETE",-1,true
"RCP_003326","SHP_003367","PO_005957","UO_0019","UO","2023-05-09",113,0,"COMPLETE",4,true
"RCP_003327","SHP_003390","PO_004722","UO_0002","UO","2023-05-10",79,0,"PARTIAL",-1,true
"RCP_003328","SHP_003366","PO_004731","BP_0005","BP","2023-05-10",138,0,"PARTIAL",4,true
"RCP_003329","SHP_003264","PO_008709","BP_0012","BP","2023-05-10",27,0,"COMPLETE",2,true
"RCP_003330","SHP_003258","PO_005347","FL_0008","FL","2023-05-10",123,0,"COMPLETE",7,true
"RCP_003331","SHP_003238","PO_004402","BP_0017","BP","2023-05-10",30,0,"COMPLETE",7,true
"RCP_003332","SHP_003322","PO_004442","UO_0016","UO","2023-05-10",78,0,"PARTIAL",2,true
"RCP_003333","SHP_003345","PO_009072","FL_0008","FL","2023-05-10",61,0,"PARTIAL",1,true
"RCP_003334","SHP_003328","PO_007521","FL_0012","FL","2023-05-10",22,0,"PARTIAL",2,true
"RCP_003335","SHP_003266","PO_000878","FL_0011","FL","2023-05-10",107,0,"COMPLETE",6,true
"RCP_003336","SHP_003317","PO_002470","BP_0018","BP","2023-05-10",118,0,"COMPLETE",1,true
"RCP_003337","SHP_003189","PO_006884","BP_0006","BP","2023-05-10",159,0,"COMPLETE",11,true
"RCP_003338","SHP_003315","PO_002306","FL_0012","FL","2023-05-10",42,0,"COMPLETE",2,true
"RCP_003339","SHP_003303","PO_004371","BP_0010","BP","2023-05-10",67,0,"PARTIAL",2,true
"RCP_003340","SHP_003417","PO_002876","FL_0020","FL","2023-05-10",100,0,"COMPLETE",-1,true
"RCP_003341","SHP_003401","PO_001372","BP_0017","BP","2023-05-10",143,0,"COMPLETE",0,true
"RCP_003342","SHP_003295","PO_003011","BP_0009","BP","2023-05-10",173,0,"COMPLETE",3,true
"RCP_003343","SHP_003272","PO_006142","BP_0004","BP","2023-05-10",39,0,"PARTIAL",1,true
"RCP_003344","SHP_003424","PO_009826","BP_0007","BP","2023-05-11",52,0,"COMPLETE",0,true
"RCP_003345","SHP_003376","PO_007226","UO_0014","UO","2023-05-11",16,0,"COMPLETE",5,true
"RCP_003346","SHP_003435","PO_007616","FL_0008","FL","2023-05-11",16,0,"COMPLETE",-1,true
"RCP_003347","SHP_003408","PO_005595","FL_0018","FL","2023-05-11",188,0,"COMPLETE",1,true
"RCP_003348","SHP_003477","PO_000860","UO_0009","UO","2023-05-11",134,0,"PARTIAL",1,true
"RCP_003349","SHP_003243","PO_009188","BP_0016","BP","2023-05-11",108,0,"COMPLETE",8,true
"RCP_003350","SHP_003383","PO_001181","FL_0004","FL","2023-05-11",152,0,"COMPLETE",2,true
"RCP_003351","SHP_003352","PO_007197","UO_0009","UO","2023-05-11",85,0,"PARTIAL",3,true
"RCP_003352","SHP_003305","PO_006641","FL_0018","FL","2023-05-11",34,0,"PARTIAL",4,true
"RCP_003353","SHP_003280","PO_003893","UO_0002","UO","2023-05-12",99,0,"PARTIAL",7,true
"RCP_003354","SHP_003406","PO_004105","UO_0009","UO","2023-05-12",35,0,"COMPLETE",4,true
"RCP_003355","SHP_003422","PO_005426","UO_0013","UO","2023-05-12",110,0,"COMPLETE",3,true
"RCP_003356","SHP_003407","PO_005492","UO_0005","UO","2023-05-12",40,0,"COMPLETE",0,true
"RCP_003357","SHP_003399","PO_000998","BP_0002","BP","2023-05-12",105,0,"COMPLETE",3,true
"RCP_003358","SHP_003307","PO_009268","FL_0016","FL","2023-05-12",99,5,"COMPLETE",4,true
"RCP_003359","SHP_003436","PO_009569","BP_0006","BP","2023-05-12",25,0,"PARTIAL",0,true
"RCP_003360","SHP_003454","PO_009921","FL_0004","FL","2023-05-12",24,0,"COMPLETE",-1,true
"RCP_003361","SHP_003306","PO_006722","UO_0018","UO","2023-05-12",82,0,"PARTIAL",5,true
"RCP_003362","SHP_003421","PO_005133","UO_0007","UO","2023-05-12",186,0,"COMPLETE",3,true
"RCP_003363","SHP_003363","PO_002933","FL_0012","FL","2023-05-12",72,0,"PARTIAL",0,true
"RCP_003364","SHP_003233","PO_001695","FL_0012","FL","2023-05-12",64,0,"COMPLETE",10,true
"RCP_003365","SHP_003429","PO_002606","BP_0018","BP","2023-05-12",164,0,"COMPLETE",0,true
"RCP_003366","SHP_003216","PO_007627","FL_0019","FL","2023-05-12",65,0,"COMPLETE",12,true
"RCP_003367","SHP_003423","PO_009683","UO_0003","UO","2023-05-12",147,0,"PARTIAL",-1,true
"RCP_003368","SHP_003323","PO_004824","FL_0005","FL","2023-05-13",40,0,"PARTIAL",5,true
"RCP_003369","SHP_003344","PO_008368","BP_0003","BP","2023-05-13",113,0,"COMPLETE",3,true
"RCP_003370","SHP_003256","PO_004124","UO_0013","UO","2023-05-13",84,0,"COMPLETE",10,true
"RCP_003371","SHP_003415","PO_001113","BP_0017","BP","2023-05-13",87,0,"COMPLETE",3,true
"RCP_003372","SHP_003368","PO_006009","FL_0020","FL","2023-05-13",23,0,"COMPLETE",2,true
"RCP_003373","SHP_003486","PO_005750","BP_0018","BP","2023-05-13",62,0,"COMPLETE",1,true
"RCP_003374","SHP_003318","PO_002748","FL_0016","FL","2023-05-13",133,0,"COMPLETE",5,true
"RCP_003375","SHP_003235","PO_002761","FL_0006","FL","2023-05-13",183,0,"COMPLETE",11,true
"RCP_003376","SHP_003449","PO_006031","FL_0019","FL","2023-05-13",81,0,"COMPLETE",0,true
"RCP_003377","SHP_003362","PO_002639","FL_0009","FL","2023-05-13",47,0,"PARTIAL",2,true
"RCP_003378","SHP_003418","PO_004546","FL_0014","FL","2023-05-13",193,0,"COMPLETE",2,true
"RCP_003379","SHP_003276","PO_009947","FL_0014","FL","2023-05-13",130,0,"COMPLETE",9,true
"RCP_003380","SHP_003349","PO_000777","BP_0012","BP","2023-05-13",131,0,"PARTIAL",2,true
"RCP_003381","SHP_003275","PO_008887","BP_0001","BP","2023-05-13",30,0,"PARTIAL",8,true
"RCP_003382","SHP_003397","PO_009789","FL_0001","FL","2023-05-13",43,0,"COMPLETE",-1,true
"RCP_003383","SHP_003381","PO_009896","BP_0009","BP","2023-05-13",91,0,"COMPLETE",5,true
"RCP_003384","SHP_003213","PO_005745","BP_0018","BP","2023-05-13",58,0,"PARTIAL",12,true
"RCP_003385","SHP_003466","PO_001792","BP_0001","BP","2023-05-13",91,0,"COMPLETE",2,true
"RCP_003386","SHP_003246","PO_000057","FL_0002","FL","2023-05-14",36,0,"COMPLETE",11,true
"RCP_003387","SHP_003334","PO_004041","BP_0017","BP","2023-05-14",120,0,"COMPLETE",4,true
"RCP_003388","SHP_003451","PO_008157","FL_0010","FL","2023-05-14",111,0,"COMPLETE",1,true
"RCP_003389","SHP_003465","PO_009074","FL_0009","FL","2023-05-14",153,0,"COMPLETE",0,true
"RCP_003390","SHP_003501","PO_009441","BP_0002","BP","2023-05-14",186,0,"COMPLETE",1,true
"RCP_003391","SHP_003356","PO_009546","FL_0005","FL","2023-05-14",71,0,"COMPLETE",3,true
"RCP_003392","SHP_003319","PO_002991","FL_0001","FL","2023-05-14",117,0,"COMPLETE",6,true
"RCP_003393","SHP_003432","PO_003808","UO_0016","UO","2023-05-14",165,0,"COMPLETE",4,true
"RCP_003394","SHP_003427","PO_001308","FL_0014","FL","2023-05-14",90,0,"COMPLETE",2,true
"RCP_003395","SHP_003443","PO_001954","UO_0016","UO","2023-05-14",145,0,"COMPLETE",3,true
"RCP_003396","SHP_003267","PO_000933","FL_0005","FL","2023-05-14",151,0,"COMPLETE",10,true
"RCP_003397","SHP_003341","PO_006878","FL_0014","FL","2023-05-14",102,0,"COMPLETE",4,true
"RCP_003398","SHP_003286","PO_009273","FL_0009","FL","2023-05-14",34,0,"COMPLETE",9,true
"RCP_003399","SHP_003285","PO_008427","BP_0013","BP","2023-05-15",176,0,"COMPLETE",5,true
"RCP_003400","SHP_003474","PO_007989","FL_0002","FL","2023-05-15",41,0,"COMPLETE",0,true
"RCP_003401","SHP_003456","PO_001251","FL_0018","FL","2023-05-15",90,0,"COMPLETE",1,true
"RCP_003402","SHP_003409","PO_005993","BP_0014","BP","2023-05-15",112,0,"COMPLETE",5,true
"RCP_003403","SHP_003445","PO_003320","FL_0003","FL","2023-05-15",21,0,"COMPLETE",2,true
"RCP_003404","SHP_003329","PO_007638","FL_0013","FL","2023-05-15",35,0,"COMPLETE",7,true
"RCP_003405","SHP_003382","PO_009933","UO_0016","UO","2023-05-15",32,0,"COMPLETE",5,true
"RCP_003406","SHP_003339","PO_006448","BP_0006","BP","2023-05-15",25,0,"COMPLETE",5,true
"RCP_003407","SHP_003416","PO_002714","UO_0014","UO","2023-05-15",82,0,"COMPLETE",2,true
"RCP_003408","SHP_003269","PO_001405","FL_0017","FL","2023-05-15",150,0,"PARTIAL",11,true
"RCP_003409","SHP_003260","PO_006370","FL_0011","FL","2023-05-15",58,0,"COMPLETE",12,true
"RCP_003410","SHP_003442","PO_001843","FL_0005","FL","2023-05-15",32,0,"COMPLETE",2,true
"RCP_003411","SHP_003453","PO_009900","UO_0009","UO","2023-05-15",173,0,"COMPLETE",4,true
"RCP_003412","SHP_003480","PO_002931","BP_0012","BP","2023-05-15",193,0,"COMPLETE",-1,true
"RCP_003413","SHP_003327","PO_007269","BP_0020","BP","2023-05-15",184,0,"COMPLETE",2,true
"RCP_003414","SHP_003476","PO_000084","FL_0016","FL","2023-05-16",103,0,"PARTIAL",0,true
"RCP_003415","SHP_003330","PO_008671","BP_0016","BP","2023-05-16",162,0,"PARTIAL",7,true
"RCP_003416","SHP_003411","PO_008979","FL_0005","FL","2023-05-16",134,0,"PARTIAL",2,true
"RCP_003417","SHP_003431","PO_003581","UO_0013","UO","2023-05-16",162,0,"COMPLETE",0,true
"RCP_003418","SHP_003471","PO_005821","FL_0012","FL","2023-05-16",93,2,"COMPLETE",1,true
"RCP_003419","SHP_003310","PO_000843","BP_0012","BP","2023-05-16",93,0,"PARTIAL",7,true
"RCP_003420","SHP_003489","PO_007434","FL_0019","FL","2023-05-16",95,0,"COMPLETE",0,true
"RCP_003421","SHP_003357","PO_009580","FL_0006","FL","2023-05-16",109,0,"PARTIAL",6,true
"RCP_003422","SHP_003413","PO_000795","BP_0004","BP","2023-05-16",67,0,"COMPLETE",5,true
"RCP_003423","SHP_003536","PO_002297","BP_0010","BP","2023-05-16",16,0,"COMPLETE",0,true
"RCP_003424","SHP_003386","PO_002091","FL_0004","FL","2023-05-16",149,0,"COMPLETE",3,true
"RCP_003425","SHP_003537","PO_002682","UO_0018","UO","2023-05-16",67,0,"COMPLETE",2,true
"RCP_003426","SHP_003561","PO_009134","UO_0015","UO","2023-05-16",27,0,"COMPLETE",1,true
"RCP_003427","SHP_003437","PO_000197","BP_0005","BP","2023-05-17",76,0,"COMPLETE",4,true
"RCP_003428","SHP_003452","PO_008474","FL_0012","FL","2023-05-17",49,0,"COMPLETE",-1,true
"RCP_003429","SHP_003513","PO_008477","FL_0017","FL","2023-05-17",112,0,"COMPLETE",-1,true
"RCP_003430","SHP_003568","PO_003917","BP_0008","BP","2023-05-17",150,0,"PARTIAL",-1,true
"RCP_003431","SHP_003378","PO_008633","FL_0012","FL","2023-05-17",167,0,"COMPLETE",5,true
"RCP_003432","SHP_003562","PO_009264","BP_0018","BP","2023-05-17",101,0,"COMPLETE",0,true
"RCP_003433","SHP_003515","PO_009967","FL_0017","FL","2023-05-17",158,0,"COMPLETE",-1,true
"RCP_003434","SHP_003405","PO_003561","FL_0020","FL","2023-05-17",135,0,"PARTIAL",3,true
"RCP_003435","SHP_003534","PO_010133","BP_0018","BP","2023-05-17",162,0,"COMPLETE",2,true
"RCP_003436","SHP_003478","PO_001540","BP_0006","BP","2023-05-17",40,0,"COMPLETE",2,true
"RCP_003437","SHP_003438","PO_000763","UO_0017","UO","2023-05-17",91,0,"COMPLETE",2,true
"RCP_003438","SHP_003556","PO_001177","BP_0007","BP","2023-05-17",114,0,"COMPLETE",0,true
"RCP_003439","SHP_003516","PO_000058","BP_0009","BP","2023-05-18",48,0,"COMPLETE",0,true
"RCP_003440","SHP_003461","PO_004758","BP_0016","BP","2023-05-18",64,0,"PARTIAL",4,true
"RCP_003441","SHP_003566","PO_000454","UO_0002","UO","2023-05-18",96,0,"COMPLETE",2,true
"RCP_003442","SHP_003484","PO_004891","FL_0016","FL","2023-05-18",26,0,"COMPLETE",2,true
"RCP_003443","SHP_003542","PO_004931","BP_0015","BP","2023-05-18",109,0,"COMPLETE",-1,true
"RCP_003444","SHP_003550","PO_008416","UO_0014","UO","2023-05-18",191,0,"COMPLETE",0,true
"RCP_003445","SHP_003336","PO_005427","BP_0002","BP","2023-05-18",50,0,"COMPLETE",8,true
"RCP_003446","SHP_003611","PO_002187","UO_0006","UO","2023-05-18",175,0,"COMPLETE",-1,true
"RCP_003447","SHP_003563","PO_009303","BP_0018","BP","2023-05-18",122,0,"COMPLETE",1,true
"RCP_003448","SHP_003380","PO_009586","FL_0018","FL","2023-05-18",137,0,"COMPLETE",5,true
"RCP_003449","SHP_003502","PO_009990","UO_0001","UO","2023-05-18",26,0,"PARTIAL",3,true
"RCP_003450","SHP_003469","PO_003391","BP_0009","BP","2023-05-18",135,0,"PARTIAL",4,true
"RCP_003451","SHP_003490","PO_007583","BP_0013","BP","2023-05-18",36,0,"COMPLETE",2,true
"RCP_003452","SHP_003499","PO_007349","UO_0002","UO","2023-05-18",170,0,"COMPLETE",3,true
"RCP_003453","SHP_003391","PO_005411","BP_0001","BP","2023-05-18",129,6,"COMPLETE",0,true
"RCP_003454","SHP_003455","PO_000696","UO_0010","UO","2023-05-18",137,0,"COMPLETE",2,true
"RCP_003455","SHP_003335","PO_004957","BP_0016","BP","2023-05-18",40,0,"COMPLETE",4,true
"RCP_003456","SHP_003311","PO_001295","FL_0005","FL","2023-05-18",130,0,"PARTIAL",10,true
"RCP_003457","SHP_003481","PO_003675","BP_0005","BP","2023-05-18",93,0,"COMPLETE",3,true
"RCP_003458","SHP_003500","PO_009158","FL_0011","FL","2023-05-18",82,0,"COMPLETE",1,true
"RCP_003459","SHP_003358","PO_010013","BP_0014","BP","2023-05-18",96,0,"PARTIAL",7,true
"RCP_003460","SHP_003487","PO_005904","BP_0014","BP","2023-05-18",115,0,"COMPLETE",3,true
"RCP_003461","SHP_003496","PO_005015","FL_0011","FL","2023-05-19",132,0,"COMPLETE",2,true
"RCP_003462","SHP_003325","PO_005062","UO_0017","UO","2023-05-19",195,0,"COMPLETE",11,true
"RCP_003463","SHP_003462","PO_005365","FL_0016","FL","2023-05-19",124,0,"PARTIAL",0,true
"RCP_003464","SHP_003342","PO_008096","BP_0003","BP","2023-05-19",53,0,"PARTIAL",9,true
"RCP_003465","SHP_003410","PO_008181","BP_0016","BP","2023-05-19",107,0,"PARTIAL",0,true
"RCP_003466","SHP_003553","PO_009172","BP_0003","BP","2023-05-19",71,0,"COMPLETE",-1,true
"RCP_003467","SHP_003434","PO_006373","FL_0006","FL","2023-05-19",68,0,"COMPLETE",2,true
"RCP_003468","SHP_003404","PO_003397","FL_0019","FL","2023-05-19",88,0,"COMPLETE",5,true
"RCP_003469","SHP_003528","PO_007210","FL_0016","FL","2023-05-19",23,0,"COMPLETE",0,true
"RCP_003470","SHP_003519","PO_001574","FL_0009","FL","2023-05-19",137,0,"COMPLETE",0,true
"RCP_003471","SHP_003488","PO_006933","UO_0007","UO","2023-05-19",191,0,"COMPLETE",5,true
"RCP_003472","SHP_003503","PO_001548","FL_0008","FL","2023-05-19",93,0,"PARTIAL",1,true
"RCP_003473","SHP_003498","PO_006938","FL_0001","FL","2023-05-19",101,0,"COMPLETE",2,true
"RCP_003474","SHP_003402","PO_001700","FL_0020","FL","2023-05-19",47,0,"PARTIAL",4,true
"RCP_003475","SHP_003314","PO_001486","FL_0010","FL","2023-05-19",34,0,"COMPLETE",11,true
"RCP_003476","SHP_003354","PO_008049","UO_0018","UO","2023-05-19",50,0,"PARTIAL",9,true
"RCP_003477","SHP_003507","PO_004162","UO_0019","UO","2023-05-20",99,0,"PARTIAL",0,true
"RCP_003478","SHP_003494","PO_002211","UO_0002","UO","2023-05-20",133,0,"COMPLETE",5,true
"RCP_003479","SHP_003475","PO_008009","FL_0017","FL","2023-05-20",87,0,"PARTIAL",1,true
"RCP_003480","SHP_003532","PO_009590","FL_0010","FL","2023-05-20",55,0,"COMPLETE",1,true
"RCP_003481","SHP_003539","PO_003271","UO_0003","UO","2023-05-20",82,0,"COMPLETE",2,true
"RCP_003482","SHP_003510","PO_006605","FL_0005","FL","2023-05-20",82,0,"COMPLETE",2,true
"RCP_003483","SHP_003450","PO_007535","FL_0018","FL","2023-05-20",162,0,"COMPLETE",2,true
"RCP_003484","SHP_003555","PO_000790","BP_0007","BP","2023-05-20",53,0,"COMPLETE",-1,true
"RCP_003485","SHP_003440","PO_001389","FL_0002","FL","2023-05-20",15,0,"COMPLETE",3,true
"RCP_003486","SHP_003375","PO_005834","BP_0007","BP","2023-05-20",58,0,"COMPLETE",3,true
"RCP_003487","SHP_003473","PO_006516","FL_0006","FL","2023-05-20",136,0,"COMPLETE",0,true
"RCP_003488","SHP_003482","PO_003753","UO_0005","UO","2023-05-20",93,0,"COMPLETE",2,true
"RCP_003489","SHP_003457","PO_001789","FL_0013","FL","2023-05-20",130,0,"PARTIAL",1,true
"RCP_003490","SHP_003493","PO_000048","UO_0017","UO","2023-05-21",135,0,"PARTIAL",0,true
"RCP_003491","SHP_003514","PO_008566","UO_0012","UO","2023-05-21",31,0,"PARTIAL",1,true
"RCP_003492","SHP_003523","PO_004064","UO_0008","UO","2023-05-21",60,0,"COMPLETE",4,true
"RCP_003493","SHP_003447","PO_005504","FL_0018","FL","2023-05-21",96,0,"COMPLETE",4,true
"RCP_003494","SHP_003524","PO_004508","FL_0013","FL","2023-05-21",149,0,"COMPLETE",2,true
"RCP_003495","SHP_003541","PO_004516","UO_0016","UO","2023-05-21",67,0,"COMPLETE",-1,true
"RCP_003496","SHP_003623","PO_002163","BP_0020","BP","2023-05-21",154,0,"COMPLETE",-1,true
"RCP_003497","SHP_003554","PO_009468","FL_0010","FL","2023-05-21",51,0,"COMPLETE",1,true
"RCP_003498","SHP_003412","PO_009639","BP_0010","BP","2023-05-21",142,0,"COMPLETE",2,true
"RCP_003499","SHP_003521","PO_002118","FL_0008","FL","2023-05-21",170,0,"COMPLETE",2,true
"RCP_003500","SHP_003520","PO_001593","BP_0010","BP","2023-05-21",191,0,"COMPLETE",3,true
"RCP_003501","SHP_003547","PO_007354","FL_0020","FL","2023-05-21",13,0,"COMPLETE",1,true
"RCP_003502","SHP_003504","PO_001897","BP_0006","BP","2023-05-21",72,0,"PARTIAL",3,true
"RCP_003503","SHP_003546","PO_006643","BP_0006","BP","2023-05-21",25,0,"PARTIAL",2,true
"RCP_003504","SHP_003433","PO_004005","BP_0013","BP","2023-05-21",105,0,"COMPLETE",0,true
"RCP_003505","SHP_003389","PO_002463","FL_0001","FL","2023-05-21",12,0,"COMPLETE",8,true
"RCP_003506","SHP_003371","PO_000032","BP_0003","BP","2023-05-22",152,0,"PARTIAL",5,true
"RCP_003507","SHP_003425","PO_000221","FL_0017","FL","2023-05-22",186,0,"COMPLETE",6,true
"RCP_003508","SHP_003580","PO_004576","FL_0001","FL","2023-05-22",78,0,"COMPLETE",-1,true
"RCP_003509","SHP_003573","PO_008314","UO_0015","UO","2023-05-22",76,0,"COMPLETE",2,true
"RCP_003510","SHP_003512","PO_008426","BP_0017","BP","2023-05-22",105,0,"COMPLETE",5,true
"RCP_003511","SHP_003551","PO_008507","FL_0004","FL","2023-05-22",16,0,"COMPLETE",2,true
"RCP_003512","SHP_003649","PO_008543","BP_0009","BP","2023-05-22",102,0,"COMPLETE",-1,true
"RCP_003513","SHP_003605","PO_008663","BP_0018","BP","2023-05-22",116,0,"COMPLETE",-1,true
"RCP_003514","SHP_003483","PO_004059","FL_0012","FL","2023-05-22",151,0,"PARTIAL",2,true
"RCP_003515","SHP_003526","PO_005383","UO_0018","UO","2023-05-22",166,0,"COMPLETE",1,true
"RCP_003516","SHP_003430","PO_003510","FL_0003","FL","2023-05-22",37,0,"PARTIAL",5,true
"RCP_003517","SHP_003517","PO_000908","BP_0017","BP","2023-05-22",153,0,"COMPLETE",4,true
"RCP_003518","SHP_003420","PO_005027","BP_0004","BP","2023-05-22",21,0,"COMPLETE",2,true
"RCP_003519","SHP_003621","PO_000978","UO_0018","UO","2023-05-22",177,3,"COMPLETE",2,true
"RCP_003520","SHP_003579","PO_002785","FL_0010","FL","2023-05-22",82,0,"COMPLETE",-1,true
"RCP_003521","SHP_003464","PO_007163","FL_0014","FL","2023-05-22",89,0,"COMPLETE",3,true
"RCP_003522","SHP_003419","PO_004996","FL_0010","FL","2023-05-22",33,0,"COMPLETE",7,true
"RCP_003523","SHP_003565","PO_010157","FL_0014","FL","2023-05-22",84,0,"COMPLETE",1,true
"RCP_003524","SHP_003441","PO_001567","BP_0002","BP","2023-05-22",82,0,"COMPLETE",0,true
"RCP_003525","SHP_003535","PO_000428","BP_0014","BP","2023-05-23",85,0,"PARTIAL",4,true
"RCP_003526","SHP_003522","PO_003965","BP_0012","BP","2023-05-23",56,0,"COMPLETE",5,true
"RCP_003527","SHP_003578","PO_002256","FL_0017","FL","2023-05-23",197,0,"COMPLETE",0,true
"RCP_003528","SHP_003379","PO_009230","FL_0013","FL","2023-05-23",127,0,"COMPLETE",11,true
"RCP_003529","SHP_003582","PO_006586","BP_0006","BP","2023-05-23",183,0,"COMPLETE",0,true
"RCP_003530","SHP_003446","PO_003537","FL_0014","FL","2023-05-23",98,0,"COMPLETE",5,true
"RCP_003531","SHP_003585","PO_007230","BP_0020","BP","2023-05-23",116,0,"COMPLETE",0,true
"RCP_003532","SHP_003439","PO_001285","FL_0011","FL","2023-05-23",39,0,"COMPLETE",5,true
"RCP_003533","SHP_003361","PO_002367","FL_0003","FL","2023-05-23",35,0,"COMPLETE",12,true
"RCP_003534","SHP_003604","PO_008468","FL_0019","FL","2023-05-24",20,0,"COMPLETE",0,true
"RCP_003535","SHP_003485","PO_005575","FL_0017","FL","2023-05-24",38,0,"COMPLETE",3,true
"RCP_003536","SHP_003508","PO_004388","FL_0018","FL","2023-05-24",107,0,"PARTIAL",2,true
"RCP_003537","SHP_003601","PO_006455","UO_0016","UO","2023-05-24",43,0,"COMPLETE",2,true
"RCP_003538","SHP_003373","PO_000676","FL_0008","FL","2023-05-24",49,0,"COMPLETE",12,true
"RCP_003539","SHP_003572","PO_007964","FL_0003","FL","2023-05-24",40,0,"COMPLETE",2,true
"RCP_003540","SHP_003588","PO_008070","FL_0003","FL","2023-05-24",76,0,"COMPLETE",1,true
"RCP_003541","SHP_003472","PO_006251","FL_0016","FL","2023-05-24",26,0,"PARTIAL",5,true
"RCP_003542","SHP_003655","PO_002035","BP_0019","BP","2023-05-24",19,1,"COMPLETE",0,true
"RCP_003543","SHP_003581","PO_005864","UO_0004","UO","2023-05-24",167,0,"COMPLETE",3,true
"RCP_003544","SHP_003492","PO_010108","BP_0013","BP","2023-05-24",71,0,"PARTIAL",-1,true
"RCP_003545","SHP_003558","PO_003259","BP_0007","BP","2023-05-24",66,0,"COMPLETE",4,true
"RCP_003546","SHP_003571","PO_006036","FL_0007","FL","2023-05-24",90,0,"COMPLETE",2,true
"RCP_003547","SHP_003617","PO_006874","FL_0006","FL","2023-05-24",73,0,"COMPLETE",-1,true
"RCP_003548","SHP_003583","PO_006621","FL_0018","FL","2023-05-24",180,0,"COMPLETE",1,true
"RCP_003549","SHP_003609","PO_000491","FL_0008","FL","2023-05-25",111,0,"COMPLETE",0,true
"RCP_003550","SHP_003589","PO_008401","FL_0018","FL","2023-05-25",153,0,"COMPLETE",2,true
"RCP_003551","SHP_003531","PO_008436","FL_0010","FL","2023-05-25",16,0,"PARTIAL",2,true
"RCP_003552","SHP_003587","PO_008000","FL_0018","FL","2023-05-25",150,0,"COMPLETE",2,true
"RCP_003553","SHP_003518","PO_001189","UO_0002","UO","2023-05-25",120,0,"COMPLETE",2,true
"RCP_003554","SHP_003468","PO_002389","FL_0011","FL","2023-05-25",90,0,"PARTIAL",5,true
"RCP_003555","SHP_003596","PO_002415","BP_0016","BP","2023-05-25",25,0,"COMPLETE",1,true
"RCP_003556","SHP_003645","PO_006008","BP_0005","BP","2023-05-25",145,0,"COMPLETE",2,true
"RCP_003557","SHP_003506","PO_003569","FL_0006","FL","2023-05-25",173,0,"COMPLETE",3,true
"RCP_003558","SHP_003505","PO_002671","BP_0008","BP","2023-05-25",15,0,"PARTIAL",2,true
"RCP_003559","SHP_003458","PO_002009","FL_0004","FL","2023-05-25",187,0,"COMPLETE",7,true
"RCP_003560","SHP_003575","PO_009688","UO_0014","UO","2023-05-25",33,0,"COMPLETE",5,true
"RCP_003561","SHP_003470","PO_005737","BP_0008","BP","2023-05-25",149,0,"PARTIAL",5,true
"RCP_003562","SHP_003548","PO_007906","UO_0017","UO","2023-05-25",85,0,"COMPLETE",1,true
"RCP_003563","SHP_003630","PO_005599","FL_0007","FL","2023-05-25",27,0,"COMPLETE",-1,true
"RCP_003564","SHP_003395","PO_007669","BP_0012","BP","2023-05-25",111,0,"COMPLETE",11,true
"RCP_003565","SHP_003444","PO_003126","BP_0013","BP","2023-05-25",74,0,"COMPLETE",3,true
"RCP_003566","SHP_003479","PO_002398","UO_0017","UO","2023-05-25",35,0,"COMPLETE",5,true
"RCP_003567","SHP_003602","PO_006562","BP_0014","BP","2023-05-25",164,0,"PARTIAL",2,true
"RCP_003568","SHP_003670","PO_009996","BP_0010","BP","2023-05-25",63,0,"COMPLETE",1,true
"RCP_003569","SHP_003697","PO_000533","BP_0003","BP","2023-05-26",184,0,"COMPLETE",-1,true
"RCP_003570","SHP_003590","PO_008540","UO_0005","UO","2023-05-26",52,0,"COMPLETE",5,true
"RCP_003571","SHP_003599","PO_004216","FL_0011","FL","2023-05-26",18,0,"COMPLETE",2,true
"RCP_003572","SHP_003569","PO_004269","BP_0004","BP","2023-05-26",114,0,"COMPLETE",4,true
"RCP_003573","SHP_003428","PO_002218","FL_0013","FL","2023-05-26",185,0,"COMPLETE",10,true
"RCP_003574","SHP_003426","PO_001047","FL_0011","FL","2023-05-26",115,0,"PARTIAL",10,true
"RCP_003575","SHP_003610","PO_001101","UO_0006","UO","2023-05-26",11,0,"PARTIAL",3,true
"RCP_003576","SHP_003595","PO_002380","UO_0003","UO","2023-05-26",102,0,"COMPLETE",4,true
"RCP_003577","SHP_003463","PO_006096","FL_0012","FL","2023-05-26",198,0,"COMPLETE",8,true
"RCP_003578","SHP_003616","PO_005765","FL_0005","FL","2023-05-26",147,0,"COMPLETE",1,true
"RCP_003579","SHP_003666","PO_007686","UO_0018","UO","2023-05-26",60,0,"COMPLETE",0,true
"RCP_003580","SHP_003584","PO_007040","BP_0008","BP","2023-05-26",13,0,"PARTIAL",3,true
"RCP_003581","SHP_003640","PO_002723","FL_0017","FL","2023-05-26",96,0,"COMPLETE",-1,true
"RCP_003582","SHP_003607","PO_010047","UO_0009","UO","2023-05-26",25,0,"COMPLETE",0,true
"RCP_003583","SHP_003618","PO_007457","FL_0008","FL","2023-05-26",155,0,"COMPLETE",1,true
"RCP_003584","SHP_003459","PO_004564","FL_0001","FL","2023-05-27",108,0,"PARTIAL",9,true
"RCP_003585","SHP_003629","PO_005227","FL_0004","FL","2023-05-27",70,0,"COMPLETE",1,true
"RCP_003586","SHP_003491","PO_008396","FL_0008","FL","2023-05-27",177,0,"COMPLETE",7,true
"RCP_003587","SHP_003650","PO_009139","BP_0019","BP","2023-05-27",91,0,"COMPLETE",0,true
"RCP_003588","SHP_003636","PO_001172","UO_0016","UO","2023-05-27",29,0,"COMPLETE",2,true
"RCP_003589","SHP_003669","PO_009874","BP_0010","BP","2023-05-27",55,0,"PARTIAL",-1,true
"RCP_003590","SHP_003625","PO_002964","FL_0011","FL","2023-05-27",70,0,"COMPLETE",1,true
"RCP_003591","SHP_003509","PO_006117","BP_0010","BP","2023-05-27",82,4,"COMPLETE",4,true
"RCP_003592","SHP_003460","PO_004747","FL_0010","FL","2023-05-28",50,0,"COMPLETE",10,true
"RCP_003593","SHP_003525","PO_004898","BP_0004","BP","2023-05-28",102,0,"COMPLETE",0,true
"RCP_003594","SHP_003661","PO_003900","BP_0008","BP","2023-05-28",160,0,"COMPLETE",1,true
"RCP_003595","SHP_003691","PO_004408","BP_0019","BP","2023-05-28",195,0,"COMPLETE",2,true
"RCP_003596","SHP_003549","PO_008258","UO_0008","UO","2023-05-28",41,0,"PARTIAL",4,true
"RCP_003597","SHP_003631","PO_005971","FL_0014","FL","2023-05-28",30,0,"COMPLETE",2,true
"RCP_003598","SHP_003545","PO_006264","BP_0017","BP","2023-05-28",45,0,"COMPLETE",-1,true
"RCP_003599","SHP_003598","PO_003813","FL_0003","FL","2023-05-28",199,0,"COMPLETE",-1,true
"RCP_003600","SHP_003593","PO_001783","BP_0007","BP","2023-05-28",21,0,"PARTIAL",5,true
"RCP_003601","SHP_003664","PO_007405","FL_0017","FL","2023-05-28",50,0,"COMPLETE",0,true
"RCP_003602","SHP_003533","PO_009618","FL_0005","FL","2023-05-28",184,0,"PARTIAL",5,true
"RCP_003603","SHP_003688","PO_002661","UO_0018","UO","2023-05-28",59,0,"COMPLETE",0,true
"RCP_003604","SHP_003671","PO_000008","FL_0005","FL","2023-05-29",41,0,"COMPLETE",0,true
"RCP_003605","SHP_003648","PO_008463","BP_0010","BP","2023-05-29",118,0,"COMPLETE",3,true
"RCP_003606","SHP_003497","PO_005181","FL_0018","FL","2023-05-29",16,0,"COMPLETE",8,true
"RCP_003607","SHP_003703","PO_004486","BP_0016","BP","2023-05-29",49,0,"COMPLETE",-1,true
"RCP_003608","SHP_003620","PO_008155","BP_0004","BP","2023-05-29",83,0,"COMPLETE",5,true
"RCP_003609","SHP_003557","PO_002384","BP_0003","BP","2023-05-29",165,0,"COMPLETE",-1,true
"RCP_003610","SHP_003737","PO_001385","UO_0014","UO","2023-05-29",100,0,"COMPLETE",1,true
"RCP_003611","SHP_003538","PO_002808","FL_0014","FL","2023-05-29",54,0,"COMPLETE",4,true
"RCP_003612","SHP_003495","PO_002834","FL_0010","FL","2023-05-29",143,0,"PARTIAL",8,true
"RCP_003613","SHP_003586","PO_007728","FL_0008","FL","2023-05-29",36,0,"COMPLETE",1,true
"RCP_003614","SHP_003544","PO_006143","FL_0018","FL","2023-05-29",118,0,"PARTIAL",5,true
"RCP_003615","SHP_003653","PO_009533","UO_0007","UO","2023-05-29",154,0,"COMPLETE",0,true
"RCP_003616","SHP_003619","PO_007485","BP_0016","BP","2023-05-29",169,0,"PARTIAL",4,true
"RCP_003617","SHP_003448","PO_005813","FL_0012","FL","2023-05-29",67,0,"COMPLETE",12,true
"RCP_003618","SHP_003672","PO_000573","BP_0010","BP","2023-05-29",148,0,"COMPLETE",0,true
"RCP_003619","SHP_003560","PO_007317","FL_0008","FL","2023-05-29",164,0,"PARTIAL",4,true
"RCP_003620","SHP_003680","PO_006279","BP_0009","BP","2023-05-29",141,0,"COMPLETE",1,true
"RCP_003621","SHP_003654","PO_000209","UO_0012","UO","2023-05-30",121,0,"COMPLETE",4,true
"RCP_003622","SHP_003628","PO_004555","FL_0020","FL","2023-05-30",90,0,"PARTIAL",0,true
"RCP_003623","SHP_003747","PO_004579","UO_0007","UO","2023-05-30",44,0,"COMPLETE",2,true
"RCP_003624","SHP_003613","PO_004435","BP_0001","BP","2023-05-30",86,0,"PARTIAL",5,true
"RCP_003625","SHP_003627","PO_003531","BP_0012","BP","2023-05-30",35,0,"PARTIAL",4,true
"RCP_003626","SHP_003639","PO_002648","UO_0015","UO","2023-05-30",21,0,"COMPLETE",5,true
"RCP_003627","SHP_003567","PO_000726","BP_0002","BP","2023-05-30",64,0,"COMPLETE",-1,true
"RCP_003628","SHP_003603","PO_006650","FL_0008","FL","2023-05-30",43,0,"PARTIAL",1,true
"RCP_003629","SHP_003682","PO_008861","FL_0010","FL","2023-05-30",191,0,"COMPLETE",1,true
"RCP_003630","SHP_003530","PO_008385","UO_0004","UO","2023-05-31",143,0,"COMPLETE",8,true
"RCP_003631","SHP_003745","PO_004119","UO_0002","UO","2023-05-31",160,0,"COMPLETE",-1,true
"RCP_003632","SHP_003721","PO_008084","FL_0007","FL","2023-05-31",42,0,"COMPLETE",-1,true
"RCP_003633","SHP_003634","PO_009252","UO_0012","UO","2023-05-31",156,0,"COMPLETE",3,true
"RCP_003634","SHP_003705","PO_006045","FL_0020","FL","2023-05-31",193,0,"COMPLETE",0,true
"RCP_003635","SHP_003527","PO_006966","BP_0014","BP","2023-05-31",12,0,"COMPLETE",3,true
"RCP_003636","SHP_003687","PO_002525","FL_0019","FL","2023-05-31",33,0,"COMPLETE",1,true
"RCP_003637","SHP_003597","PO_002551","FL_0019","FL","2023-05-31",92,0,"COMPLETE",3,true
"RCP_003638","SHP_003677","PO_004473","FL_0013","FL","2023-05-31",114,0,"PARTIAL",2,true
"RCP_003639","SHP_003511","PO_006746","BP_0001","BP","2023-05-31",70,2,"COMPLETE",8,true
"RCP_003640","SHP_003746","PO_004134","UO_0003","UO","2023-05-31",154,0,"COMPLETE",-1,true
"RCP_003641","SHP_003692","PO_004654","FL_0013","FL","2023-06-01",174,0,"COMPLETE",2,true
"RCP_003642","SHP_003690","PO_004407","BP_0018","BP","2023-06-01",63,0,"COMPLETE",3,true
"RCP_003643","SHP_003467","PO_002270","BP_0013","BP","2023-06-01",129,0,"PARTIAL",12,true
"RCP_003644","SHP_003652","PO_009417","BP_0013","BP","2023-06-01",98,0,"COMPLETE",5,true
"RCP_003645","SHP_003751","PO_008240","BP_0003","BP","2023-06-01",15,0,"PARTIAL",2,true
"RCP_003646","SHP_003594","PO_002095","FL_0009","FL","2023-06-01",79,0,"COMPLETE",3,true
"RCP_003647","SHP_003592","PO_001373","BP_0013","BP","2023-06-01",128,0,"COMPLETE",-1,true
"RCP_003648","SHP_003600","PO_005525","FL_0012","FL","2023-06-01",104,0,"COMPLETE",4,true
"RCP_003649","SHP_003813","PO_006711","UO_0015","UO","2023-06-01",147,0,"PARTIAL",-1,true
"RCP_003650","SHP_003674","PO_001142","BP_0016","BP","2023-06-01",181,0,"COMPLETE",4,true
"RCP_003651","SHP_003772","PO_004624","BP_0019","BP","2023-06-02",75,0,"COMPLETE",1,true
"RCP_003652","SHP_003743","PO_003933","FL_0009","FL","2023-06-02",141,0,"COMPLETE",-1,true
"RCP_003653","SHP_003709","PO_008822","UO_0003","UO","2023-06-02",45,0,"COMPLETE",4,true
"RCP_003654","SHP_003676","PO_004237","UO_0017","UO","2023-06-02",17,0,"PARTIAL",2,true
"RCP_003655","SHP_003574","PO_009411","FL_0012","FL","2023-06-02",42,0,"COMPLETE",7,true
"RCP_003656","SHP_003710","PO_009429","FL_0005","FL","2023-06-02",129,0,"COMPLETE",2,true
"RCP_003657","SHP_003637","PO_002375","FL_0009","FL","2023-06-02",110,0,"PARTIAL",2,true
"RCP_003658","SHP_003700","PO_003643","UO_0018","UO","2023-06-02",38,0,"PARTIAL",4,true
"RCP_003659","SHP_003715","PO_000899","FL_0002","FL","2023-06-02",13,0,"COMPLETE",1,true
"RCP_003660","SHP_003614","PO_004545","BP_0005","BP","2023-06-02",31,0,"COMPLETE",3,true
"RCP_003661","SHP_003753","PO_009013","FL_0007","FL","2023-06-02",119,0,"COMPLETE",-1,true
"RCP_003662","SHP_003529","PO_007675","FL_0008","FL","2023-06-02",92,2,"PARTIAL",10,true
"RCP_003663","SHP_003667","PO_009086","FL_0003","FL","2023-06-02",103,0,"COMPLETE",1,true
"RCP_003664","SHP_003785","PO_006435","BP_0007","BP","2023-06-02",180,0,"COMPLETE",0,true
"RCP_003665","SHP_003591","PO_000060","BP_0003","BP","2023-06-03",108,0,"COMPLETE",5,true
"RCP_003666","SHP_003543","PO_005280","UO_0010","UO","2023-06-03",145,0,"COMPLETE",10,true
"RCP_003667","SHP_003725","PO_004851","FL_0010","FL","2023-06-03",119,0,"COMPLETE",1,true
"RCP_003668","SHP_003552","PO_008643","BP_0017","BP","2023-06-03",100,0,"PARTIAL",9,true
"RCP_003669","SHP_003732","PO_009067","BP_0012","BP","2023-06-03",39,0,"PARTIAL",2,true
"RCP_003670","SHP_003754","PO_009170","FL_0014","FL","2023-06-03",74,0,"COMPLETE",0,true
"RCP_003671","SHP_003708","PO_008293","BP_0018","BP","2023-06-03",159,0,"COMPLETE",3,true
"RCP_003672","SHP_003564","PO_009924","BP_0018","BP","2023-06-03",119,0,"COMPLETE",4,true
"RCP_003673","SHP_003714","PO_000733","FL_0020","FL","2023-06-03",104,0,"COMPLETE",2,true
"RCP_003674","SHP_003735","PO_000808","FL_0006","FL","2023-06-03",161,0,"COMPLETE",0,true
"RCP_003675","SHP_003763","PO_007258","FL_0011","FL","2023-06-03",15,0,"COMPLETE",-1,true
"RCP_003676","SHP_003755","PO_009458","BP_0017","BP","2023-06-03",74,0,"COMPLETE",1,true
"RCP_003677","SHP_003719","PO_006755","BP_0016","BP","2023-06-03",35,0,"PARTIAL",3,true
"RCP_003678","SHP_003665","PO_007436","FL_0002","FL","2023-06-03",67,0,"COMPLETE",1,true
"RCP_003679","SHP_003696","PO_006949","UO_0010","UO","2023-06-03",77,0,"PARTIAL",2,true
"RCP_003680","SHP_003811","PO_005706","BP_0012","BP","2023-06-03",84,0,"COMPLETE",-1,true
"RCP_003681","SHP_003689","PO_003388","BP_0005","BP","2023-06-03",153,0,"COMPLETE",4,true
"RCP_003682","SHP_003774","PO_005046","FL_0004","FL","2023-06-04",140,0,"COMPLETE",-1,true
"RCP_003683","SHP_003540","PO_004078","BP_0001","BP","2023-06-04",91,0,"PARTIAL",10,true
"RCP_003684","SHP_003646","PO_007933","FL_0002","FL","2023-06-04",186,0,"COMPLETE",4,true
"RCP_003685","SHP_003711","PO_009594","UO_0016","UO","2023-06-04",63,0,"PARTIAL",2,true
"RCP_003686","SHP_003576","PO_009986","BP_0004","BP","2023-06-04",16,0,"COMPLETE",4,true
"RCP_003687","SHP_003729","PO_006997","FL_0005","FL","2023-06-04",30,0,"COMPLETE",2,true
"RCP_003688","SHP_003741","PO_002703","BP_0013","BP","2023-06-04",22,0,"COMPLETE",2,true
"RCP_003689","SHP_003633","PO_007431","BP_0004","BP","2023-06-04",149,0,"COMPLETE",0,true
"RCP_003690","SHP_003769","PO_001081","FL_0019","FL","2023-06-04",39,0,"COMPLETE",-1,true
"RCP_003691","SHP_003796","PO_006653","BP_0013","BP","2023-06-04",79,0,"COMPLETE",1,true
"RCP_003692","SHP_003559","PO_007107","BP_0007","BP","2023-06-04",71,0,"COMPLETE",5,true
"RCP_003693","SHP_003742","PO_003794","FL_0018","FL","2023-06-04",19,1,"COMPLETE",1,true
"RCP_003694","SHP_003828","PO_003124","UO_0018","UO","2023-06-04",13,0,"COMPLETE",1,true
"RCP_003695","SHP_003685","PO_002307","UO_0008","UO","2023-06-04",131,0,"COMPLETE",1,true
"RCP_003696","SHP_003679","PO_005630","FL_0018","FL","2023-06-05",83,0,"COMPLETE",2,true
"RCP_003697","SHP_003800","PO_001160","BP_0004","BP","2023-06-05",117,0,"COMPLETE",1,true
"RCP_003698","SHP_003660","PO_003469","BP_0009","BP","2023-06-05",155,0,"COMPLETE",-1,true
"RCP_003699","SHP_003739","PO_002011","FL_0003","FL","2023-06-05",180,0,"COMPLETE",2,true
"RCP_003700","SHP_003786","PO_007196","FL_0010","FL","2023-06-05",16,0,"COMPLETE",-1,true
"RCP_003701","SHP_003626","PO_003326","FL_0004","FL","2023-06-05",40,0,"COMPLETE",6,true
"RCP_003702","SHP_003738","PO_001755","FL_0008","FL","2023-06-05",141,0,"COMPLETE",2,true
"RCP_003703","SHP_003794","PO_004476","BP_0004","BP","2023-06-05",45,0,"COMPLETE",-1,true
"RCP_003704","SHP_003681","PO_008300","FL_0010","FL","2023-06-05",192,0,"COMPLETE",3,true
"RCP_003705","SHP_003723","PO_002037","BP_0019","BP","2023-06-05",29,0,"COMPLETE",4,true
"RCP_003706","SHP_003570","PO_004975","UO_0008","UO","2023-06-06",23,0,"PARTIAL",11,true
"RCP_003707","SHP_003647","PO_008392","FL_0012","FL","2023-06-06",83,0,"PARTIAL",6,true
"RCP_003708","SHP_003762","PO_005108","BP_0007","BP","2023-06-06",49,0,"COMPLETE",2,true
"RCP_003709","SHP_003757","PO_002166","BP_0002","BP","2023-06-06",131,0,"PARTIAL",3,true
"RCP_003710","SHP_003817","PO_009333","BP_0015","BP","2023-06-06",14,0,"COMPLETE",-1,true
"RCP_003711","SHP_003863","PO_006012","BP_0007","BP","2023-06-06",19,0,"COMPLETE",-1,true
"RCP_003712","SHP_003695","PO_006589","BP_0007","BP","2023-06-06",138,0,"COMPLETE",2,true
"RCP_003713","SHP_003663","PO_007114","BP_0008","BP","2023-06-06",28,0,"PARTIAL",4,true
"RCP_003714","SHP_003802","PO_003052","BP_0001","BP","2023-06-06",97,3,"COMPLETE",-1,true
"RCP_003715","SHP_003888","PO_005519","UO_0007","UO","2023-06-06",57,0,"COMPLETE",-1,true
"RCP_003716","SHP_003577","PO_000474","FL_0011","FL","2023-06-07",119,0,"COMPLETE",11,true
"RCP_003717","SHP_003795","PO_005229","BP_0015","BP","2023-06-07",133,6,"COMPLETE",1,true
"RCP_003718","SHP_003615","PO_005566","FL_0004","FL","2023-06-07",149,0,"COMPLETE",9,true
"RCP_003719","SHP_003768","PO_000702","FL_0014","FL","2023-06-07",175,0,"COMPLETE",2,true
"RCP_003720","SHP_003790","PO_001117","BP_0001","BP","2023-06-07",140,0,"PARTIAL",0,true
"RCP_003721","SHP_003837","PO_009825","BP_0008","BP","2023-06-07",98,0,"COMPLETE",2,true
"RCP_003722","SHP_003765","PO_010060","UO_0007","UO","2023-06-07",117,0,"COMPLETE",5,true
"RCP_003723","SHP_003612","PO_002476","BP_0006","BP","2023-06-07",108,0,"PARTIAL",4,true
"RCP_003724","SHP_003698","PO_003119","FL_0017","FL","2023-06-07",171,0,"COMPLETE",2,true
"RCP_003725","SHP_003662","PO_006103","FL_0007","FL","2023-06-07",76,0,"COMPLETE",6,true
"RCP_003726","SHP_003694","PO_006214","FL_0004","FL","2023-06-07",39,0,"PARTIAL",4,true
"RCP_003727","SHP_003733","PO_010142","FL_0012","FL","2023-06-07",97,0,"PARTIAL",1,true
"RCP_003728","SHP_003845","PO_006774","BP_0019","BP","2023-06-07",85,0,"PARTIAL",1,true
"RCP_003729","SHP_003771","PO_003304","BP_0005","BP","2023-06-07",77,0,"COMPLETE",2,true
"RCP_003730","SHP_003658","PO_003015","FL_0009","FL","2023-06-07",141,0,"COMPLETE",5,true
"RCP_003731","SHP_003606","PO_009581","FL_0003","FL","2023-06-07",155,0,"COMPLETE",10,true
"RCP_003732","SHP_003799","PO_009891","FL_0003","FL","2023-06-07",171,5,"COMPLETE",0,true
"RCP_003733","SHP_003782","PO_003365","FL_0013","FL","2023-06-07",14,0,"COMPLETE",1,true
"RCP_003734","SHP_003731","PO_008599","BP_0002","BP","2023-06-07",183,0,"COMPLETE",5,true
"RCP_003735","SHP_003807","PO_004979","FL_0005","FL","2023-06-08",17,0,"COMPLETE",0,true
"RCP_003736","SHP_003730","PO_008525","BP_0018","BP","2023-06-08",170,0,"COMPLETE",1,true
"RCP_003737","SHP_003726","PO_005093","FL_0003","FL","2023-06-08",51,3,"PARTIAL",1,true
"RCP_003738","SHP_003683","PO_009044","BP_0004","BP","2023-06-08",63,0,"COMPLETE",1,true
"RCP_003739","SHP_003668","PO_009225","FL_0008","FL","2023-06-08",132,0,"COMPLETE",7,true
"RCP_003740","SHP_003624","PO_002278","BP_0016","BP","2023-06-08",67,0,"COMPLETE",8,true
"RCP_003741","SHP_003644","PO_005210","BP_0015","BP","2023-06-08",115,0,"COMPLETE",3,true
"RCP_003742","SHP_003899","PO_002596","UO_0008","UO","2023-06-08",140,0,"COMPLETE",0,true
"RCP_003743","SHP_003759","PO_003811","FL_0002","FL","2023-06-08",76,0,"COMPLETE",-1,true
"RCP_003744","SHP_003673","PO_000802","FL_0003","FL","2023-06-08",148,0,"PARTIAL",5,true
"RCP_003745","SHP_003764","PO_007271","UO_0018","UO","2023-06-08",82,0,"PARTIAL",0,true
"RCP_003746","SHP_003684","PO_000796","FL_0001","FL","2023-06-08",173,0,"PARTIAL",4,true
"RCP_003747","SHP_003651","PO_009320","FL_0018","FL","2023-06-08",63,0,"COMPLETE",8,true
"RCP_003748","SHP_003846","PO_008262","BP_0005","BP","2023-06-08",39,0,"COMPLETE",2,true
"RCP_003749","SHP_003608","PO_000217","BP_0019","BP","2023-06-09",71,0,"COMPLETE",10,true
"RCP_003750","SHP_003761","PO_004662","BP_0003","BP","2023-06-09",106,0,"COMPLETE",0,true
"RCP_003751","SHP_003844","PO_005303","BP_0018","BP","2023-06-09",160,0,"COMPLETE",-1,true
"RCP_003752","SHP_003718","PO_003894","FL_0007","FL","2023-06-09",24,0,"PARTIAL",4,true
"RCP_003753","SHP_003728","PO_006507","UO_0009","UO","2023-06-09",81,0,"COMPLETE",5,true
"RCP_003754","SHP_003864","PO_007697","BP_0020","BP","2023-06-09",64,0,"COMPLETE",-1,true
"RCP_003755","SHP_003712","PO_009839","FL_0003","FL","2023-06-09",44,0,"COMPLETE",4,true
"RCP_003756","SHP_003635","PO_009909","UO_0017","UO","2023-06-09",114,0,"COMPLETE",10,true
"RCP_003757","SHP_003657","PO_002698","BP_0005","BP","2023-06-09",89,0,"COMPLETE",3,true
"RCP_003758","SHP_003748","PO_005625","BP_0007","BP","2023-06-09",102,0,"PARTIAL",1,true
"RCP_003759","SHP_003632","PO_007062","BP_0001","BP","2023-06-09",64,0,"PARTIAL",9,true
"RCP_003760","SHP_003823","PO_001727","BP_0007","BP","2023-06-09",106,0,"COMPLETE",0,true
"RCP_003761","SHP_003775","PO_005270","FL_0008","FL","2023-06-10",56,0,"PARTIAL",0,true
"RCP_003762","SHP_003678","PO_005346","BP_0005","BP","2023-06-10",129,0,"PARTIAL",7,true
"RCP_003763","SHP_003908","PO_005460","BP_0004","BP","2023-06-10",153,0,"COMPLETE",-1,true
"RCP_003764","SHP_003872","PO_004244","UO_0012","UO","2023-06-10",194,0,"COMPLETE",0,true
"RCP_003765","SHP_003722","PO_009107","FL_0017","FL","2023-06-10",77,0,"COMPLETE",5,true
"RCP_003766","SHP_003740","PO_002344","BP_0005","BP","2023-06-10",163,0,"COMPLETE",2,true
"RCP_003767","SHP_003622","PO_001106","BP_0007","BP","2023-06-10",111,0,"PARTIAL",10,true
"RCP_003768","SHP_003736","PO_001157","BP_0016","BP","2023-06-10",51,0,"PARTIAL",2,true
"RCP_003769","SHP_003638","PO_002412","BP_0015","BP","2023-06-10",105,0,"COMPLETE",5,true
"RCP_003770","SHP_003798","PO_006833","BP_0010","BP","2023-06-10",76,0,"COMPLETE",3,true
"RCP_003771","SHP_003706","PO_006886","FL_0016","FL","2023-06-10",56,0,"COMPLETE",5,true
"RCP_003772","SHP_003803","PO_003325","UO_0006","UO","2023-06-10",137,0,"COMPLETE",0,true
"RCP_003773","SHP_003770","PO_002461","FL_0005","FL","2023-06-10",159,0,"PARTIAL",1,true
"RCP_003774","SHP_003716","PO_001534","FL_0013","FL","2023-06-10",108,0,"COMPLETE",4,true
"RCP_003775","SHP_003819","PO_000123","FL_0006","FL","2023-06-11",185,0,"COMPLETE",2,true
"RCP_003776","SHP_003766","PO_000326","UO_0013","UO","2023-06-11",86,0,"COMPLETE",4,true
"RCP_003777","SHP_003642","PO_005055","FL_0017","FL","2023-06-11",120,0,"PARTIAL",11,true
"RCP_003778","SHP_003643","PO_005090","FL_0014","FL","2023-06-11",114,0,"PARTIAL",11,true
"RCP_003779","SHP_003832","PO_005463","FL_0001","FL","2023-06-11",190,0,"COMPLETE",2,true
"RCP_003780","SHP_003702","PO_004199","BP_0001","BP","2023-06-11",74,0,"COMPLETE",2,true
"RCP_003781","SHP_003836","PO_009596","FL_0013","FL","2023-06-11",132,0,"COMPLETE",2,true
"RCP_003782","SHP_003641","PO_002880","FL_0012","FL","2023-06-11",113,0,"PARTIAL",11,true
"RCP_003783","SHP_003854","PO_002993","BP_0009","BP","2023-06-11",66,0,"PARTIAL",0,true
"RCP_003784","SHP_003784","PO_006328","BP_0006","BP","2023-06-11",32,0,"COMPLETE",5,true
"RCP_003785","SHP_003902","PO_003827","UO_0001","UO","2023-06-11",58,0,"PARTIAL",-1,true
"RCP_003786","SHP_003916","PO_001949","BP_0009","BP","2023-06-11",174,0,"COMPLETE",-1,true
"RCP_003787","SHP_003957","PO_001683","UO_0015","UO","2023-06-11",60,0,"COMPLETE",-1,true
"RCP_003788","SHP_003780","PO_002012","FL_0018","FL","2023-06-11",50,0,"PARTIAL",1,true
"RCP_003789","SHP_003675","PO_003384","BP_0018","BP","2023-06-11",185,0,"COMPLETE",4,true
"RCP_003790","SHP_003826","PO_002516","FL_0003","FL","2023-06-11",29,0,"COMPLETE",2,true
"RCP_003791","SHP_003713","PO_000666","BP_0007","BP","2023-06-11",62,0,"PARTIAL",1,true
"RCP_003792","SHP_003781","PO_002082","FL_0020","FL","2023-06-11",190,0,"COMPLETE",1,true
"RCP_003793","SHP_003862","PO_005861","FL_0008","FL","2023-06-11",133,0,"COMPLETE",0,true
"RCP_003794","SHP_003931","PO_008909","BP_0012","BP","2023-06-11",116,0,"COMPLETE",-1,true
"RCP_003795","SHP_003841","PO_003983","FL_0003","FL","2023-06-12",73,0,"COMPLETE",2,true
"RCP_003796","SHP_003808","PO_005007","FL_0017","FL","2023-06-12",154,0,"PARTIAL",0,true
"RCP_003797","SHP_003805","PO_004245","FL_0010","FL","2023-06-12",105,0,"PARTIAL",0,true
"RCP_003798","SHP_003791","PO_002394","UO_0003","UO","2023-06-12",97,0,"COMPLETE",3,true
"RCP_003799","SHP_003883","PO_009887","FL_0007","FL","2023-06-12",87,0,"COMPLETE",0,true
"RCP_003800","SHP_003901","PO_003634","BP_0012","BP","2023-06-12",185,0,"COMPLETE",2,true
"RCP_003801","SHP_003792","PO_002861","FL_0002","FL","2023-06-12",186,0,"COMPLETE",1,true
"RCP_003802","SHP_003704","PO_005486","BP_0004","BP","2023-06-12",60,0,"PARTIAL",7,true
"RCP_003803","SHP_003659","PO_003387","FL_0012","FL","2023-06-12",181,8,"COMPLETE",11,true
"RCP_003804","SHP_003821","PO_000776","BP_0009","BP","2023-06-12",173,0,"COMPLETE",3,true
"RCP_003805","SHP_003724","PO_002402","BP_0001","BP","2023-06-12",70,0,"PARTIAL",1,true
"RCP_003806","SHP_003849","PO_000784","FL_0006","FL","2023-06-12",150,0,"COMPLETE",1,true
"RCP_003807","SHP_003801","PO_002779","BP_0006","BP","2023-06-12",35,0,"COMPLETE",4,true
"RCP_003808","SHP_003734","PO_000002","FL_0009","FL","2023-06-13",55,0,"PARTIAL",5,true
"RCP_003809","SHP_003809","PO_005033","BP_0013","BP","2023-06-13",150,0,"COMPLETE",5,true
"RCP_003810","SHP_003859","PO_005361","FL_0014","FL","2023-06-13",77,0,"COMPLETE",2,true
"RCP_003811","SHP_003932","PO_008985","BP_0013","BP","2023-06-13",114,0,"COMPLETE",1,true
"RCP_003812","SHP_003871","PO_002268","FL_0019","FL","2023-06-13",131,0,"COMPLETE",1,true
"RCP_003813","SHP_003717","PO_002455","BP_0004","BP","2023-06-13",90,0,"PARTIAL",7,true
"RCP_003814","SHP_003686","PO_002486","BP_0006","BP","2023-06-13",123,0,"COMPLETE",5,true
"RCP_003815","SHP_003656","PO_002520","FL_0017","FL","2023-06-13",184,0,"COMPLETE",12,true
"RCP_003816","SHP_003937","PO_000845","BP_0003","BP","2023-06-13",67,0,"COMPLETE",0,true
"RCP_003817","SHP_003866","PO_009235","FL_0016","FL","2023-06-13",178,0,"COMPLETE",2,true
"RCP_003818","SHP_003833","PO_006947","FL_0010","FL","2023-06-13",95,0,"COMPLETE",0,true
"RCP_003819","SHP_003720","PO_008060","BP_0019","BP","2023-06-13",134,0,"COMPLETE",3,true
"RCP_003820","SHP_003914","PO_001449","BP_0006","BP","2023-06-13",67,0,"COMPLETE",1,true
"RCP_003821","SHP_003907","PO_000291","BP_0018","BP","2023-06-14",37,0,"COMPLETE",-1,true
"RCP_003822","SHP_003773","PO_004835","FL_0009","FL","2023-06-14",9,0,"PARTIAL",4,true
"RCP_003823","SHP_003693","PO_005146","FL_0018","FL","2023-06-14",17,0,"COMPLETE",11,true
"RCP_003824","SHP_003924","PO_006427","BP_0020","BP","2023-06-14",13,0,"PARTIAL",-1,true
"RCP_003825","SHP_003822","PO_001669","BP_0012","BP","2023-06-14",103,0,"COMPLETE",5,true
"RCP_003826","SHP_003777","PO_006850","FL_0002","FL","2023-06-14",119,0,"COMPLETE",4,true
"RCP_003827","SHP_003882","PO_009788","UO_0019","UO","2023-06-14",15,1,"COMPLETE",4,true
"RCP_003828","SHP_003816","PO_009019","FL_0011","FL","2023-06-14",67,0,"COMPLETE",1,true
"RCP_003829","SHP_003699","PO_003360","FL_0013","FL","2023-06-14",125,0,"PARTIAL",10,true
"RCP_003830","SHP_003789","PO_000801","FL_0002","FL","2023-06-14",96,0,"COMPLETE",3,true
"RCP_003831","SHP_003935","PO_000242","BP_0020","BP","2023-06-15",25,0,"COMPLETE",2,true
"RCP_003832","SHP_003756","PO_000251","FL_0020","FL","2023-06-15",25,0,"PARTIAL",7,true
"RCP_003833","SHP_003848","PO_000257","UO_0020","UO","2023-06-15",112,0,"COMPLETE",2,true
"RCP_003834","SHP_003912","PO_000336","BP_0019","BP","2023-06-15",24,0,"PARTIAL",-1,true
"RCP_003835","SHP_003783","PO_004742","FL_0009","FL","2023-06-15",10,0,"PARTIAL",4,true
"RCP_003836","SHP_003920","PO_005439","FL_0007","FL","2023-06-15",61,0,"COMPLETE",-1,true
"RCP_003837","SHP_003892","PO_007939","UO_0007","UO","2023-06-15",24,0,"COMPLETE",0,true
"RCP_003838","SHP_003788","PO_008231","FL_0010","FL","2023-06-15",25,0,"COMPLETE",5,true
"RCP_003839","SHP_004000","PO_003344","UO_0018","UO","2023-06-15",18,0,"COMPLETE",0,true
"RCP_003840","SHP_003727","PO_005684","FL_0012","FL","2023-06-15",93,0,"COMPLETE",9,true
"RCP_003841","SHP_003707","PO_006971","FL_0003","FL","2023-06-15",70,0,"PARTIAL",11,true
"RCP_003842","SHP_003797","PO_006765","FL_0014","FL","2023-06-15",37,0,"PARTIAL",4,true
"RCP_003843","SHP_003965","PO_007460","UO_0004","UO","2023-06-15",134,0,"PARTIAL",-1,true
"RCP_003844","SHP_003858","PO_005179","FL_0004","FL","2023-06-15",29,0,"COMPLETE",-1,true
"RCP_003845","SHP_003843","PO_004785","FL_0007","FL","2023-06-16",35,0,"COMPLETE",1,true
"RCP_003846","SHP_003929","PO_008520","UO_0001","UO","2023-06-16",143,0,"COMPLETE",2,true
"RCP_003847","SHP_003856","PO_003981","FL_0005","FL","2023-06-16",93,0,"PARTIAL",0,true
"RCP_003848","SHP_003804","PO_004106","FL_0007","FL","2023-06-16",26,0,"COMPLETE",3,true
"RCP_003849","SHP_003701","PO_004139","BP_0016","BP","2023-06-16",129,0,"PARTIAL",11,true
"RCP_003850","SHP_003752","PO_008840","BP_0005","BP","2023-06-16",32,0,"COMPLETE",4,true
"RCP_003851","SHP_003818","PO_009609","BP_0017","BP","2023-06-16",105,0,"PARTIAL",-1,true
"RCP_003852","SHP_003829","PO_003423","BP_0010","BP","2023-06-16",114,0,"COMPLETE",2,true
"RCP_003853","SHP_003830","PO_003764","UO_0020","UO","2023-06-16",71,0,"COMPLETE",5,true
"RCP_003854","SHP_003921","PO_005769","FL_0009","FL","2023-06-16",29,0,"COMPLETE",0,true
"RCP_003855","SHP_003947","PO_007310","BP_0007","BP","2023-06-16",134,0,"COMPLETE",-1,true
"RCP_003856","SHP_003885","PO_002530","UO_0017","UO","2023-06-16",77,2,"COMPLETE",1,true
"RCP_003857","SHP_003851","PO_001058","FL_0013","FL","2023-06-16",120,0,"COMPLETE",1,true
"RCP_003858","SHP_003767","PO_000625","FL_0008","FL","2023-06-16",151,0,"COMPLETE",7,true
"RCP_003859","SHP_003852","PO_002146","BP_0020","BP","2023-06-16",151,0,"COMPLETE",5,true
"RCP_003860","SHP_003962","PO_005351","UO_0004","UO","2023-06-16",27,0,"COMPLETE",0,true
"RCP_003861","SHP_003946","PO_006608","FL_0005","FL","2023-06-16",194,0,"COMPLETE",-1,true
"RCP_003862","SHP_003940","PO_005282","UO_0020","UO","2023-06-17",152,0,"COMPLETE",2,true
"RCP_003863","SHP_003744","PO_004085","BP_0008","BP","2023-06-17",130,0,"COMPLETE",5,true
"RCP_003864","SHP_004020","PO_008105","UO_0005","UO","2023-06-17",118,0,"COMPLETE",1,true
"RCP_003865","SHP_003869","PO_009765","FL_0018","FL","2023-06-17",127,0,"COMPLETE",1,true
"RCP_003866","SHP_003944","PO_006219","FL_0007","FL","2023-06-17",56,0,"COMPLETE",0,true
"RCP_003867","SHP_003975","PO_006724","BP_0010","BP","2023-06-17",22,0,"COMPLETE",2,true
"RCP_003868","SHP_003956","PO_000876","UO_0019","UO","2023-06-17",147,0,"COMPLETE",1,true
"RCP_003869","SHP_003839","PO_000712","FL_0009","FL","2023-06-17",64,0,"COMPLETE",2,true
"RCP_003870","SHP_003904","PO_006449","BP_0016","BP","2023-06-17",30,0,"COMPLETE",4,true
"RCP_003871","SHP_003749","PO_006888","BP_0012","BP","2023-06-17",61,0,"PARTIAL",9,true
"RCP_003872","SHP_003750","PO_007529","BP_0009","BP","2023-06-17",175,0,"COMPLETE",9,true
"RCP_003873","SHP_003876","PO_006676","BP_0017","BP","2023-06-17",61,0,"COMPLETE",0,true
"RCP_003874","SHP_003806","PO_004974","FL_0007","FL","2023-06-18",94,0,"COMPLETE",6,true
"RCP_003875","SHP_003910","PO_008548","BP_0001","BP","2023-06-18",134,0,"COMPLETE",3,true
"RCP_003876","SHP_003919","PO_004426","FL_0003","FL","2023-06-18",99,0,"COMPLETE",2,true
"RCP_003877","SHP_003990","PO_007713","UO_0014","UO","2023-06-18",109,0,"COMPLETE",0,true
"RCP_003878","SHP_003958","PO_002323","UO_0019","UO","2023-06-18",76,3,"COMPLETE",2,true
"RCP_003879","SHP_003951","PO_009461","BP_0016","BP","2023-06-18",160,0,"COMPLETE",2,true
"RCP_003880","SHP_003952","PO_010031","BP_0008","BP","2023-06-18",135,0,"COMPLETE",1,true
"RCP_003881","SHP_003812","PO_006043","FL_0007","FL","2023-06-18",29,0,"COMPLETE",5,true
"RCP_003882","SHP_004019","PO_005872","BP_0018","BP","2023-06-18",92,0,"COMPLETE",0,true
"RCP_003883","SHP_003760","PO_004413","UO_0001","UO","2023-06-18",141,0,"PARTIAL",10,true
"RCP_003884","SHP_003939","PO_002410","FL_0009","FL","2023-06-18",65,0,"COMPLETE",1,true
"RCP_003885","SHP_003925","PO_007208","FL_0016","FL","2023-06-18",85,0,"COMPLETE",2,true
"RCP_003886","SHP_003900","PO_003254","FL_0020","FL","2023-06-18",12,0,"PARTIAL",0,true
"RCP_003887","SHP_003820","PO_000173","FL_0002","FL","2023-06-19",194,0,"COMPLETE",6,true
"RCP_003888","SHP_003842","PO_004607","UO_0005","UO","2023-06-19",37,0,"PARTIAL",5,true
"RCP_003889","SHP_004031","PO_004636","UO_0018","UO","2023-06-19",151,0,"COMPLETE",2,true
"RCP_003890","SHP_003779","PO_000355","FL_0014","FL","2023-06-19",23,1,"COMPLETE",9,true
"RCP_003891","SHP_003980","PO_000468","BP_0004","BP","2023-06-19",14,0,"COMPLETE",-1,true
"RCP_003892","SHP_004023","PO_000536","BP_0015","BP","2023-06-19",29,0,"COMPLETE",0,true
"RCP_003893","SHP_003905","PO_008516","BP_0006","BP","2023-06-19",87,0,"PARTIAL",0,true
"RCP_003894","SHP_003874","PO_005399","FL_0017","FL","2023-06-19",127,0,"COMPLETE",2,true
"RCP_003895","SHP_003776","PO_005478","FL_0012","FL","2023-06-19",190,0,"COMPLETE",10,true
"RCP_003896","SHP_003810","PO_005619","BP_0016","BP","2023-06-19",45,0,"COMPLETE",6,true
"RCP_003897","SHP_003991","PO_009335","FL_0016","FL","2023-06-19",169,0,"COMPLETE",-1,true
"RCP_003898","SHP_003855","PO_003550","BP_0004","BP","2023-06-19",20,0,"COMPLETE",-1,true
"RCP_003899","SHP_003840","PO_001419","FL_0007","FL","2023-06-19",154,0,"COMPLETE",4,true
"RCP_003900","SHP_003891","PO_007380","FL_0011","FL","2023-06-19",159,0,"COMPLETE",2,true
"RCP_003901","SHP_003814","PO_006905","BP_0009","BP","2023-06-19",177,0,"PARTIAL",2,true
"RCP_003902","SHP_003977","PO_007104","FL_0008","FL","2023-06-19",147,0,"COMPLETE",0,true
"RCP_003903","SHP_004042","PO_002489","UO_0003","UO","2023-06-19",167,0,"COMPLETE",1,true
"RCP_003904","SHP_003941","PO_005489","FL_0014","FL","2023-06-19",75,0,"COMPLETE",2,true
"RCP_003905","SHP_004035","PO_006151","BP_0017","BP","2023-06-19",85,0,"COMPLETE",0,true
"RCP_003906","SHP_003857","PO_004733","FL_0018","FL","2023-06-20",138,0,"COMPLETE",4,true
"RCP_003907","SHP_003870","PO_000540","FL_0007","FL","2023-06-20",28,0,"COMPLETE",3,true
"RCP_003908","SHP_003793","PO_004132","BP_0006","BP","2023-06-20",179,0,"COMPLETE",4,true
"RCP_003909","SHP_003909","PO_006429","BP_0002","BP","2023-06-20",114,0,"COMPLETE",5,true
"RCP_003910","SHP_003982","PO_001204","UO_0012","UO","2023-06-20",122,0,"PARTIAL",2,true
"RCP_003911","SHP_003758","PO_003398","BP_0003","BP","2023-06-20",120,0,"PARTIAL",11,true
"RCP_003912","SHP_003986","PO_003461","FL_0014","FL","2023-06-20",69,0,"PARTIAL",0,true
"RCP_003913","SHP_003897","PO_001434","FL_0004","FL","2023-06-20",10,0,"PARTIAL",1,true
"RCP_003914","SHP_003974","PO_006592","BP_0015","BP","2023-06-20",91,0,"COMPLETE",1,true
"RCP_003915","SHP_003778","PO_007198","FL_0009","FL","2023-06-20",99,0,"PARTIAL",11,true
"RCP_003916","SHP_003942","PO_005770","UO_0004","UO","2023-06-20",131,0,"COMPLETE",5,true
"RCP_003917","SHP_003877","PO_007177","FL_0008","FL","2023-06-20",145,0,"COMPLETE",3,true
"RCP_003918","SHP_003976","PO_006824","BP_0008","BP","2023-06-20",163,0,"COMPLETE",2,true
"RCP_003919","SHP_003831","PO_005110","BP_0002","BP","2023-06-20",124,0,"PARTIAL",6,true
"RCP_003920","SHP_003918","PO_003797","UO_0003","UO","2023-06-20",63,0,"COMPLETE",2,true
"RCP_003921","SHP_004058","PO_005950","BP_0016","BP","2023-06-20",138,5,"COMPLETE",-1,true
"RCP_003922","SHP_004010","PO_000493","BP_0014","BP","2023-06-21",108,0,"COMPLETE",-1,true
"RCP_003923","SHP_004032","PO_004867","UO_0007","UO","2023-06-21",174,0,"COMPLETE",0,true
"RCP_003924","SHP_003815","PO_008724","FL_0013","FL","2023-06-21",66,0,"COMPLETE",9,true
"RCP_003925","SHP_004016","PO_005209","FL_0020","FL","2023-06-21",138,0,"COMPLETE",-1,true
"RCP_003926","SHP_004061","PO_008823","BP_0005","BP","2023-06-21",62,0,"COMPLETE",0,true
"RCP_003927","SHP_003928","PO_008242","UO_0003","UO","2023-06-21",141,0,"PARTIAL",1,true
"RCP_003928","SHP_003835","PO_009560","FL_0020","FL","2023-06-21",24,0,"COMPLETE",8,true
"RCP_003929","SHP_003886","PO_003396","FL_0004","FL","2023-06-21",117,5,"COMPLETE",3,true
"RCP_003930","SHP_003898","PO_001607","FL_0016","FL","2023-06-21",30,0,"PARTIAL",2,true
"RCP_003931","SHP_003972","PO_004990","BP_0005","BP","2023-06-21",176,0,"COMPLETE",3,true
"RCP_003932","SHP_004040","PO_001561","UO_0013","UO","2023-06-21",53,0,"PARTIAL",-1,true
"RCP_003933","SHP_003950","PO_008838","BP_0017","BP","2023-06-21",27,0,"COMPLETE",5,true
"RCP_003934","SHP_004002","PO_004072","FL_0012","FL","2023-06-21",183,0,"COMPLETE",0,true
"RCP_003935","SHP_003926","PO_007228","FL_0003","FL","2023-06-21",76,0,"COMPLETE",0,true
"RCP_003936","SHP_003787","PO_007199","FL_0016","FL","2023-06-21",122,0,"COMPLETE",11,true
"RCP_003937","SHP_004039","PO_000418","BP_0008","BP","2023-06-22",56,0,"COMPLETE",2,true
"RCP_003938","SHP_003893","PO_008523","FL_0017","FL","2023-06-22",76,0,"PARTIAL",5,true
"RCP_003939","SHP_003930","PO_008651","FL_0008","FL","2023-06-22",43,0,"PARTIAL",2,true
"RCP_003940","SHP_004030","PO_004057","FL_0007","FL","2023-06-22",128,0,"COMPLETE",-1,true
"RCP_003941","SHP_003987","PO_004167","UO_0002","UO","2023-06-22",82,0,"PARTIAL",0,true
"RCP_003942","SHP_004017","PO_005608","BP_0015","BP","2023-06-22",54,0,"COMPLETE",1,true
"RCP_003943","SHP_004003","PO_004358","FL_0014","FL","2023-06-22",47,0,"COMPLETE",1,true
"RCP_003944","SHP_003945","PO_006508","FL_0005","FL","2023-06-22",93,0,"COMPLETE",0,true
"RCP_003945","SHP_003981","PO_000659","FL_0018","FL","2023-06-22",150,0,"COMPLETE",2,true
"RCP_003946","SHP_003913","PO_000687","UO_0016","UO","2023-06-22",190,0,"COMPLETE",4,true
"RCP_003947","SHP_003865","PO_007962","FL_0001","FL","2023-06-22",104,0,"COMPLETE",7,true
"RCP_003948","SHP_003911","PO_009109","UO_0015","UO","2023-06-22",13,0,"PARTIAL",5,true
"RCP_003949","SHP_003847","PO_009474","FL_0010","FL","2023-06-22",86,0,"PARTIAL",8,true
"RCP_003950","SHP_003993","PO_001107","BP_0010","BP","2023-06-22",12,0,"COMPLETE",1,true
"RCP_003951","SHP_003934","PO_009559","FL_0007","FL","2023-06-22",101,0,"COMPLETE",1,true
"RCP_003952","SHP_004008","PO_009840","BP_0001","BP","2023-06-22",155,0,"COMPLETE",1,true
"RCP_003953","SHP_003825","PO_002460","BP_0006","BP","2023-06-22",130,0,"COMPLETE",4,true
"RCP_003954","SHP_004005","PO_007554","FL_0004","FL","2023-06-22",163,0,"COMPLETE",1,true
"RCP_003955","SHP_003983","PO_001578","FL_0012","FL","2023-06-22",190,0,"COMPLETE",2,true
"RCP_003956","SHP_003953","PO_010177","FL_0016","FL","2023-06-22",180,0,"COMPLETE",0,true
"RCP_003957","SHP_003895","PO_000627","FL_0007","FL","2023-06-22",81,0,"COMPLETE",3,true
"RCP_003958","SHP_003949","PO_008833","BP_0020","BP","2023-06-22",60,0,"COMPLETE",5,true
"RCP_003959","SHP_003853","PO_002983","BP_0009","BP","2023-06-22",55,0,"COMPLETE",2,true
"RCP_003960","SHP_003943","PO_005865","FL_0014","FL","2023-06-22",36,0,"COMPLETE",0,true
"RCP_003961","SHP_003834","PO_007188","UO_0010","UO","2023-06-22",82,0,"PARTIAL",9,true
"RCP_003962","SHP_003973","PO_005877","UO_0007","UO","2023-06-22",47,0,"COMPLETE",5,true
"RCP_003963","SHP_003985","PO_002021","FL_0018","FL","2023-06-22",74,0,"COMPLETE",2,true
"RCP_003964","SHP_004038","PO_000056","BP_0019","BP","2023-06-23",178,0,"COMPLETE",-1,true
"RCP_003965","SHP_004045","PO_004660","BP_0006","BP","2023-06-23",144,0,"COMPLETE",-1,true
"RCP_003966","SHP_004088","PO_008330","BP_0017","BP","2023-06-23",195,0,"COMPLETE",0,true
"RCP_003967","SHP_004099","PO_005632","BP_0006","BP","2023-06-23",83,0,"COMPLETE",-1,true
"RCP_003968","SHP_003850","PO_000956","FL_0013","FL","2023-06-23",40,0,"COMPLETE",8,true
"RCP_003969","SHP_003922","PO_006082","FL_0012","FL","2023-06-23",149,0,"COMPLETE",2,true
"RCP_003970","SHP_003887","PO_005072","FL_0008","FL","2023-06-23",128,0,"COMPLETE",6,true
"RCP_003971","SHP_003964","PO_005884","FL_0016","FL","2023-06-23",18,0,"COMPLETE",0,true
"RCP_003972","SHP_003927","PO_008047","FL_0019","FL","2023-06-23",73,0,"COMPLETE",3,true
"RCP_003973","SHP_003923","PO_006124","FL_0009","FL","2023-06-23",71,0,"PARTIAL",3,true
"RCP_003974","SHP_003933","PO_009156","FL_0004","FL","2023-06-23",53,0,"COMPLETE",3,true
"RCP_003975","SHP_003838","PO_000442","FL_0016","FL","2023-06-23",161,0,"PARTIAL",9,true
"RCP_003976","SHP_004036","PO_007632","FL_0004","FL","2023-06-23",141,0,"COMPLETE",0,true
"RCP_003977","SHP_003978","PO_007607","FL_0012","FL","2023-06-23",52,0,"PARTIAL",-1,true
"RCP_003978","SHP_004090","PO_008339","BP_0012","BP","2023-06-24",102,0,"COMPLETE",1,true
"RCP_003979","SHP_004053","PO_008648","FL_0009","FL","2023-06-24",144,0,"COMPLETE",0,true
"RCP_003980","SHP_003960","PO_004170","UO_0018","UO","2023-06-24",44,0,"PARTIAL",2,true
"RCP_003981","SHP_003860","PO_005466","BP_0010","BP","2023-06-24",185,0,"COMPLETE",4,true
"RCP_003982","SHP_003963","PO_005541","FL_0012","FL","2023-06-24",190,0,"COMPLETE",2,true
"RCP_003983","SHP_003906","PO_009197","FL_0007","FL","2023-06-24",40,0,"COMPLETE",5,true
"RCP_003984","SHP_004025","PO_001129","UO_0014","UO","2023-06-24",71,0,"COMPLETE",-1,true
"RCP_003985","SHP_003868","PO_009642","FL_0011","FL","2023-06-24",185,0,"COMPLETE",9,true
"RCP_003986","SHP_003989","PO_005762","BP_0004","BP","2023-06-24",174,0,"COMPLETE",5,true
"RCP_003987","SHP_004018","PO_005870","BP_0017","BP","2023-06-24",173,0,"COMPLETE",3,true
"RCP_003988","SHP_003999","PO_002704","BP_0013","BP","2023-06-24",141,0,"COMPLETE",3,true
"RCP_003989","SHP_003827","PO_002970","FL_0001","FL","2023-06-24",120,0,"COMPLETE",11,true
"RCP_003990","SHP_004065","PO_001778","BP_0013","BP","2023-06-24",134,0,"COMPLETE",2,true
"RCP_003991","SHP_004037","PO_009943","BP_0015","BP","2023-06-24",89,0,"COMPLETE",2,true
"RCP_003992","SHP_003890","PO_006358","FL_0013","FL","2023-06-24",11,0,"PARTIAL",7,true
"RCP_003993","SHP_004011","PO_001184","FL_0020","FL","2023-06-24",68,0,"COMPLETE",2,true
"RCP_003994","SHP_003894","PO_009058","BP_0001","BP","2023-06-24",87,0,"COMPLETE",2,true
"RCP_003995","SHP_003824","PO_002102","FL_0013","FL","2023-06-24",91,0,"COMPLETE",11,true
"RCP_003996","SHP_003979","PO_007671","FL_0008","FL","2023-06-24",117,0,"PARTIAL",0,true
"RCP_003997","SHP_003884","PO_000270","BP_0019","BP","2023-06-25",47,0,"PARTIAL",3,true
"RCP_003998","SHP_003971","PO_004794","UO_0019","UO","2023-06-25",177,5,"COMPLETE",2,true
"RCP_003999","SHP_003880","PO_008465","FL_0006","FL","2023-06-25",50,0,"PARTIAL",9,true
"RCP_004000","SHP_004015","PO_004092","UO_0005","UO","2023-06-25",70,0,"PARTIAL",5,true
"RCP_004001","SHP_003879","PO_008275","BP_0001","BP","2023-06-25",132,0,"PARTIAL",4,true
"RCP_004002","SHP_003881","PO_009712","BP_0016","BP","2023-06-25",85,0,"COMPLETE",4,true
"RCP_004003","SHP_004074","PO_009930","FL_0010","FL","2023-06-25",57,0,"COMPLETE",-1,true
"RCP_004004","SHP_003875","PO_006614","BP_0019","BP","2023-06-25",31,0,"COMPLETE",4,true
"RCP_004005","SHP_004086","PO_007454","BP_0014","BP","2023-06-25",137,0,"COMPLETE",2,true
"RCP_004006","SHP_003896","PO_000890","BP_0015","BP","2023-06-25",15,0,"PARTIAL",6,true
"RCP_004007","SHP_004028","PO_003594","UO_0019","UO","2023-06-25",142,0,"COMPLETE",0,true
"RCP_004008","SHP_003873","PO_004614","BP_0010","BP","2023-06-25",77,0,"PARTIAL",8,true
"RCP_004009","SHP_003917","PO_003503","FL_0011","FL","2023-06-25",156,0,"PARTIAL",5,true
"RCP_004010","SHP_004069","PO_003942","FL_0014","FL","2023-06-26",194,10,"COMPLETE",0,true
"RCP_004011","SHP_004047","PO_005067","BP_0008","BP","2023-06-26",114,0,"COMPLETE",2,true
"RCP_004012","SHP_003988","PO_005157","FL_0003","FL","2023-06-26",149,0,"COMPLETE",2,true
"RCP_004013","SHP_004044","PO_004050","BP_0014","BP","2023-06-26",12,0,"PARTIAL",2,true
"RCP_004014","SHP_004124","PO_002171","BP_0003","BP","2023-06-26",140,0,"COMPLETE",0,true
"RCP_004015","SHP_004055","PO_002287","FL_0010","FL","2023-06-26",81,0,"COMPLETE",1,true
"RCP_004016","SHP_003966","PO_009434","FL_0017","FL","2023-06-26",29,0,"PARTIAL",4,true
"RCP_004017","SHP_003994","PO_001226","FL_0012","FL","2023-06-26",117,4,"PARTIAL",0,true
"RCP_004018","SHP_004004","PO_006257","FL_0014","FL","2023-06-26",119,0,"COMPLETE",0,true
"RCP_004019","SHP_004001","PO_003369","UO_0004","UO","2023-06-26",94,0,"PARTIAL",1,true
"RCP_004020","SHP_004066","PO_002752","UO_0013","UO","2023-06-26",200,0,"COMPLETE",2,true
"RCP_004021","SHP_003998","PO_002605","BP_0018","BP","2023-06-26",60,0,"COMPLETE",5,true
"RCP_004022","SHP_003878","PO_007798","FL_0005","FL","2023-06-26",79,0,"COMPLETE",10,true
"RCP_004023","SHP_003996","PO_001290","FL_0014","FL","2023-06-26",121,0,"COMPLETE",0,true
"RCP_004024","SHP_004126","PO_003783","UO_0013","UO","2023-06-26",166,0,"COMPLETE",2,true
"RCP_004025","SHP_004026","PO_001526","UO_0020","UO","2023-06-26",189,0,"COMPLETE",1,true
"RCP_004026","SHP_003959","PO_003450","FL_0008","FL","2023-06-26",117,0,"COMPLETE",3,true
"RCP_004027","SHP_004076","PO_000435","FL_0013","FL","2023-06-27",173,0,"COMPLETE",0,true
"RCP_004028","SHP_004051","PO_008459","UO_0002","UO","2023-06-27",119,0,"COMPLETE",5,true
"RCP_004029","SHP_004067","PO_003891","BP_0015","BP","2023-06-27",163,0,"COMPLETE",1,true
"RCP_004030","SHP_004034","PO_005032","BP_0001","BP","2023-06-27",46,0,"COMPLETE",5,true
"RCP_004031","SHP_003961","PO_005327","FL_0003","FL","2023-06-27",197,0,"COMPLETE",4,true
"RCP_004032","SHP_003861","PO_005530","BP_0013","BP","2023-06-27",116,0,"COMPLETE",11,true
"RCP_004033","SHP_003867","PO_009308","FL_0013","FL","2023-06-27",64,0,"COMPLETE",12,true
"RCP_004034","SHP_004062","PO_009234","FL_0016","FL","2023-06-27",186,0,"COMPLETE",2,true
"RCP_004035","SHP_004059","PO_007189","FL_0002","FL","2023-06-27",38,0,"COMPLETE",2,true
"RCP_004036","SHP_004095","PO_001598","FL_0017","FL","2023-06-27",189,0,"COMPLETE",-1,true
"RCP_004037","SHP_003969","PO_001890","UO_0007","UO","2023-06-27",33,0,"COMPLETE",4,true
"RCP_004038","SHP_003915","PO_001806","BP_0017","BP","2023-06-27",199,0,"COMPLETE",2,true
"RCP_004039","SHP_004075","PO_000241","FL_0002","FL","2023-06-28",89,0,"COMPLETE",1,true
"RCP_004040","SHP_004098","PO_004643","BP_0020","BP","2023-06-28",91,0,"COMPLETE",1,true
"RCP_004041","SHP_003948","PO_008562","BP_0018","BP","2023-06-28",62,0,"COMPLETE",2,true
"RCP_004042","SHP_003936","PO_000704","BP_0015","BP","2023-06-28",16,0,"PARTIAL",6,true
"RCP_004043","SHP_003992","PO_009846","FL_0018","FL","2023-06-28",156,0,"COMPLETE",4,true
"RCP_004044","SHP_003889","PO_005681","BP_0003","BP","2023-06-28",86,4,"COMPLETE",10,true
"RCP_004045","SHP_004085","PO_007332","BP_0002","BP","2023-06-28",187,0,"COMPLETE",2,true
"RCP_004046","SHP_004063","PO_009863","BP_0014","BP","2023-06-28",112,0,"COMPLETE",4,true
"RCP_004047","SHP_004115","PO_005736","FL_0012","FL","2023-06-28",129,0,"COMPLETE",-1,true
"RCP_004048","SHP_004087","PO_008124","BP_0002","BP","2023-06-28",133,6,"COMPLETE",2,true
"RCP_004049","SHP_004083","PO_005201","FL_0011","FL","2023-06-29",146,0,"COMPLETE",2,true
"RCP_004050","SHP_004157","PO_004458","BP_0001","BP","2023-06-29",188,0,"COMPLETE",1,true
"RCP_004051","SHP_004013","PO_002247","UO_0016","UO","2023-06-29",189,0,"COMPLETE",5,true
"RCP_004052","SHP_004091","PO_009202","FL_0004","FL","2023-06-29",88,0,"COMPLETE",2,true
"RCP_004053","SHP_003968","PO_000584","FL_0001","FL","2023-06-29",64,0,"COMPLETE",5,true
"RCP_004054","SHP_004027","PO_003568","FL_0002","FL","2023-06-29",195,0,"COMPLETE",2,true
"RCP_004055","SHP_004012","PO_001857","FL_0017","FL","2023-06-29",71,0,"COMPLETE",2,true
"RCP_004056","SHP_004107","PO_001619","UO_0014","UO","2023-06-29",104,0,"COMPLETE",2,true
"RCP_004057","SHP_004041","PO_001935","FL_0009","FL","2023-06-29",165,0,"COMPLETE",0,true
"RCP_004058","SHP_003954","PO_000294","BP_0008","BP","2023-06-30",48,0,"COMPLETE",7,true
"RCP_004059","SHP_004097","PO_004634","FL_0005","FL","2023-06-30",120,0,"COMPLETE",2,true
"RCP_004060","SHP_004021","PO_000455","FL_0002","FL","2023-06-30",89,0,"COMPLETE",2,true
"RCP_004061","SHP_003967","PO_000532","BP_0009","BP","2023-06-30",167,0,"COMPLETE",2,true
"RCP_004062","SHP_004052","PO_008593","FL_0004","FL","2023-06-30",49,0,"COMPLETE",1,true
"RCP_004063","SHP_004057","PO_005389","FL_0009","FL","2023-06-30",184,0,"COMPLETE",0,true
"RCP_004064","SHP_004113","PO_005471","FL_0011","FL","2023-06-30",28,0,"COMPLETE",1,true
"RCP_004065","SHP_004132","PO_008873","BP_0009","BP","2023-06-30",98,0,"COMPLETE",1,true
"RCP_004066","SHP_003938","PO_001597","BP_0017","BP","2023-06-30",99,0,"PARTIAL",4,true
"RCP_004067","SHP_004130","PO_007078","FL_0003","FL","2023-06-30",94,0,"PARTIAL",0,true
"RCP_004068","SHP_003903","PO_005835","FL_0001","FL","2023-06-30",68,0,"COMPLETE",12,true
"RCP_004069","SHP_004080","PO_002825","BP_0016","BP","2023-06-30",106,0,"COMPLETE",3,true
"RCP_004070","SHP_004216","PO_008492","UO_0001","UO","2023-07-01",75,0,"PARTIAL",1,true
"RCP_004071","SHP_004078","PO_001045","UO_0018","UO","2023-07-01",80,0,"PARTIAL",2,true
"RCP_004072","SHP_004134","PO_010063","FL_0017","FL","2023-07-01",13,0,"COMPLETE",1,true
"RCP_004073","SHP_004127","PO_006042","UO_0014","UO","2023-07-01",77,3,"COMPLETE",3,true
"RCP_004074","SHP_004014","PO_003654","BP_0015","BP","2023-07-01",28,0,"PARTIAL",0,true
"RCP_004075","SHP_004109","PO_002580","FL_0016","FL","2023-07-01",51,0,"COMPLETE",2,true
"RCP_004076","SHP_004122","PO_001492","FL_0008","FL","2023-07-01",136,0,"COMPLETE",1,true
"RCP_004077","SHP_004137","PO_000885","FL_0014","FL","2023-07-01",64,0,"COMPLETE",0,true
"RCP_004078","SHP_004084","PO_006520","FL_0019","FL","2023-07-01",40,0,"COMPLETE",-1,true
"RCP_004079","SHP_004029","PO_003773","FL_0019","FL","2023-07-01",96,0,"PARTIAL",4,true
"RCP_004080","SHP_004138","PO_001826","FL_0008","FL","2023-07-01",98,0,"COMPLETE",0,true
"RCP_004081","SHP_004071","PO_007207","FL_0006","FL","2023-07-01",127,0,"PARTIAL",0,true
"RCP_004082","SHP_004129","PO_006631","UO_0006","UO","2023-07-01",129,0,"COMPLETE",3,true
"RCP_004083","SHP_003970","PO_002106","FL_0018","FL","2023-07-01",68,0,"COMPLETE",8,true
"RCP_004084","SHP_004079","PO_001634","FL_0007","FL","2023-07-01",87,0,"COMPLETE",-1,true
"RCP_004085","SHP_004169","PO_008815","FL_0009","FL","2023-07-02",101,0,"COMPLETE",-1,true
"RCP_004086","SHP_004118","PO_009563","UO_0009","UO","2023-07-02",51,0,"COMPLETE",5,true
"RCP_004087","SHP_004043","PO_003652","BP_0004","BP","2023-07-02",156,0,"COMPLETE",-1,true
"RCP_004088","SHP_004049","PO_006820","BP_0014","BP","2023-07-02",75,0,"COMPLETE",-1,true
"RCP_004089","SHP_004121","PO_001287","FL_0006","FL","2023-07-02",36,0,"COMPLETE",2,true
"RCP_004090","SHP_004221","PO_009853","UO_0019","UO","2023-07-02",34,0,"COMPLETE",2,true
"RCP_004091","SHP_004163","PO_002428","FL_0007","FL","2023-07-02",48,0,"COMPLETE",-1,true
"RCP_004092","SHP_004158","PO_006667","BP_0001","BP","2023-07-02",192,0,"COMPLETE",0,true
"RCP_004093","SHP_004184","PO_009169","BP_0014","BP","2023-07-02",42,0,"PARTIAL",-1,true
"RCP_004094","SHP_004077","PO_000738","FL_0013","FL","2023-07-02",133,0,"PARTIAL",1,true
"RCP_004095","SHP_004166","PO_007168","FL_0016","FL","2023-07-02",149,0,"COMPLETE",-1,true
"RCP_004096","SHP_004054","PO_000473","BP_0007","BP","2023-07-03",114,0,"COMPLETE",3,true
"RCP_004097","SHP_004046","PO_004916","BP_0009","BP","2023-07-03",125,0,"COMPLETE",0,true
"RCP_004098","SHP_004114","PO_005513","FL_0010","FL","2023-07-03",21,0,"COMPLETE",-1,true
"RCP_004099","SHP_004141","PO_004328","BP_0019","BP","2023-07-03",129,0,"COMPLETE",2,true
"RCP_004100","SHP_004154","PO_002222","BP_0008","BP","2023-07-03",42,0,"PARTIAL",2,true
"RCP_004101","SHP_004148","PO_008169","UO_0013","UO","2023-07-03",15,0,"COMPLETE",4,true
"RCP_004102","SHP_004007","PO_009446","FL_0010","FL","2023-07-03",158,0,"COMPLETE",8,true
"RCP_004103","SHP_004009","PO_009906","FL_0005","FL","2023-07-03",45,0,"PARTIAL",8,true
"RCP_004104","SHP_004187","PO_002063","BP_0015","BP","2023-07-03",45,0,"COMPLETE",2,true
"RCP_004105","SHP_004162","PO_000668","FL_0020","FL","2023-07-03",86,0,"PARTIAL",0,true
"RCP_004106","SHP_004024","PO_000751","FL_0006","FL","2023-07-03",87,0,"PARTIAL",6,true
"RCP_004107","SHP_004096","PO_003339","BP_0014","BP","2023-07-03",93,0,"COMPLETE",5,true
"RCP_004108","SHP_004072","PO_007383","FL_0016","FL","2023-07-03",128,0,"PARTIAL",3,true
"RCP_004109","SHP_004093","PO_000131","FL_0003","FL","2023-07-04",180,0,"COMPLETE",1,true
"RCP_004110","SHP_004197","PO_000342","UO_0001","UO","2023-07-04",133,0,"PARTIAL",0,true
"RCP_004111","SHP_004190","PO_005321","UO_0013","UO","2023-07-04",169,0,"PARTIAL",1,true
"RCP_004112","SHP_003984","PO_001878","BP_0004","BP","2023-07-04",188,0,"COMPLETE",5,true
"RCP_004113","SHP_003995","PO_001289","FL_0010","FL","2023-07-04",100,0,"COMPLETE",9,true
"RCP_004114","SHP_004033","PO_004947","FL_0010","FL","2023-07-04",114,0,"PARTIAL",7,true
"RCP_004115","SHP_004139","PO_001827","BP_0002","BP","2023-07-04",129,0,"COMPLETE",3,true
"RCP_004116","SHP_004193","PO_006753","FL_0001","FL","2023-07-04",174,0,"COMPLETE",-1,true
"RCP_004117","SHP_004117","PO_007617","BP_0009","BP","2023-07-04",32,0,"COMPLETE",5,true
"RCP_004118","SHP_004253","PO_006793","BP_0007","BP","2023-07-04",23,0,"COMPLETE",0,true
"RCP_004119","SHP_004168","PO_008453","BP_0001","BP","2023-07-05",165,0,"COMPLETE",3,true
"RCP_004120","SHP_004068","PO_003910","FL_0004","FL","2023-07-05",135,0,"COMPLETE",5,true
"RCP_004121","SHP_004176","PO_005051","UO_0008","UO","2023-07-05",165,0,"COMPLETE",3,true
"RCP_004122","SHP_004070","PO_005197","UO_0013","UO","2023-07-05",147,0,"PARTIAL",5,true
"RCP_004123","SHP_004182","PO_008173","UO_0015","UO","2023-07-05",43,0,"COMPLETE",3,true
"RCP_004124","SHP_004289","PO_009904","UO_0006","UO","2023-07-05",105,6,"PARTIAL",1,true
"RCP_004125","SHP_004081","PO_003037","UO_0013","UO","2023-07-05",92,0,"PARTIAL",4,true
"RCP_004126","SHP_004204","PO_003045","BP_0002","BP","2023-07-05",42,0,"COMPLETE",0,true
"RCP_004127","SHP_004165","PO_003870","BP_0003","BP","2023-07-05",107,0,"PARTIAL",3,true
"RCP_004128","SHP_004194","PO_007229","FL_0009","FL","2023-07-05",49,0,"COMPLETE",0,true
"RCP_004129","SHP_004285","PO_007455","UO_0020","UO","2023-07-05",73,3,"COMPLETE",1,true
"RCP_004130","SHP_004219","PO_009007","FL_0010","FL","2023-07-05",187,0,"COMPLETE",-1,true
"RCP_004131","SHP_004064","PO_001476","FL_0017","FL","2023-07-05",64,0,"PARTIAL",5,true
"RCP_004132","SHP_004123","PO_001547","BP_0009","BP","2023-07-05",124,0,"PARTIAL",0,true
"RCP_004133","SHP_004195","PO_007580","BP_0016","BP","2023-07-05",15,1,"COMPLETE",1,true
"RCP_004134","SHP_004203","PO_002777","FL_0005","FL","2023-07-05",74,1,"COMPLETE",-1,true
"RCP_004135","SHP_003997","PO_001740","FL_0008","FL","2023-07-05",167,0,"COMPLETE",10,true
"RCP_004136","SHP_003955","PO_000816","BP_0014","BP","2023-07-05",33,0,"COMPLETE",12,true
"RCP_004137","SHP_004178","PO_005836","BP_0017","BP","2023-07-05",137,0,"PARTIAL",1,true
"RCP_004138","SHP_004136","PO_000481","BP_0008","BP","2023-07-06",64,0,"PARTIAL",0,true
"RCP_004139","SHP_004301","PO_008714","BP_0004","BP","2023-07-06",66,0,"COMPLETE",-1,true
"RCP_004140","SHP_004156","PO_004405","UO_0009","UO","2023-07-06",68,0,"COMPLETE",0,true
"RCP_004141","SHP_004259","PO_008061","BP_0002","BP","2023-07-06",100,0,"PARTIAL",-1,true
"RCP_004142","SHP_004280","PO_009920","UO_0013","UO","2023-07-06",31,0,"COMPLETE",-1,true
"RCP_004143","SHP_004111","PO_003543","UO_0016","UO","2023-07-06",23,0,"PARTIAL",3,true
"RCP_004144","SHP_004227","PO_002078","FL_0005","FL","2023-07-06",34,0,"COMPLETE",-1,true
"RCP_004145","SHP_004214","PO_006480","BP_0004","BP","2023-07-06",84,0,"COMPLETE",1,true
"RCP_004146","SHP_004186","PO_001864","FL_0006","FL","2023-07-06",128,0,"COMPLETE",1,true
"RCP_004147","SHP_004217","PO_008927","UO_0013","UO","2023-07-06",17,0,"COMPLETE",2,true
"RCP_004148","SHP_004208","PO_004043","UO_0001","UO","2023-07-07",94,0,"PARTIAL",3,true
"RCP_004149","SHP_004209","PO_004314","FL_0002","FL","2023-07-07",139,0,"COMPLETE",1,true
"RCP_004150","SHP_004112","PO_004347","FL_0007","FL","2023-07-07",182,0,"COMPLETE",3,true
"RCP_004151","SHP_004278","PO_007825","UO_0020","UO","2023-07-07",47,0,"COMPLETE",0,true
"RCP_004152","SHP_004303","PO_009970","UO_0008","UO","2023-07-07",160,0,"COMPLETE",2,true
"RCP_004153","SHP_004235","PO_005921","BP_0019","BP","2023-07-07",149,0,"PARTIAL",0,true
"RCP_004154","SHP_004242","PO_000844","UO_0007","UO","2023-07-07",123,0,"PARTIAL",1,true
"RCP_004155","SHP_004056","PO_003321","FL_0010","FL","2023-07-07",42,0,"COMPLETE",8,true
"RCP_004156","SHP_004210","PO_004417","BP_0014","BP","2023-07-07",140,0,"COMPLETE",1,true
"RCP_004157","SHP_004103","PO_007400","FL_0017","FL","2023-07-07",62,1,"COMPLETE",5,true
"RCP_004158","SHP_004243","PO_001014","UO_0006","UO","2023-07-07",182,0,"COMPLETE",1,true
"RCP_004159","SHP_004133","PO_009456","FL_0012","FL","2023-07-07",13,0,"COMPLETE",3,true
"RCP_004160","SHP_004006","PO_007891","FL_0004","FL","2023-07-07",22,0,"COMPLETE",12,true
"RCP_004161","SHP_004232","PO_004606","FL_0002","FL","2023-07-08",115,0,"COMPLETE",1,true
"RCP_004162","SHP_004151","PO_000952","FL_0017","FL","2023-07-08",100,0,"COMPLETE",2,true
"RCP_004163","SHP_004147","PO_007365","FL_0002","FL","2023-07-08",162,0,"COMPLETE",3,true
"RCP_004164","SHP_004226","PO_001907","FL_0010","FL","2023-07-08",80,0,"COMPLETE",1,true
"RCP_004165","SHP_004255","PO_007319","UO_0004","UO","2023-07-08",46,0,"COMPLETE",2,true
"RCP_004166","SHP_004238","PO_007979","UO_0019","UO","2023-07-08",182,0,"COMPLETE",3,true
"RCP_004167","SHP_004128","PO_006486","FL_0010","FL","2023-07-08",184,0,"COMPLETE",4,true
"RCP_004168","SHP_004244","PO_001639","FL_0012","FL","2023-07-08",101,0,"COMPLETE",0,true
"RCP_004169","SHP_004290","PO_009951","UO_0020","UO","2023-07-08",52,0,"PARTIAL",0,true
"RCP_004170","SHP_004164","PO_002601","FL_0012","FL","2023-07-08",181,0,"COMPLETE",1,true
"RCP_004171","SHP_004245","PO_002911","FL_0014","FL","2023-07-08",160,0,"COMPLETE",0,true
"RCP_004172","SHP_004224","PO_000372","UO_0002","UO","2023-07-09",90,0,"COMPLETE",4,true
"RCP_004173","SHP_004198","PO_000403","BP_0009","BP","2023-07-09",127,0,"PARTIAL",4,true
"RCP_004174","SHP_004251","PO_005220","BP_0001","BP","2023-07-09",110,0,"COMPLETE",2,true
"RCP_004175","SHP_004327","PO_005184","UO_0014","UO","2023-07-09",133,0,"PARTIAL",2,true
"RCP_004176","SHP_004050","PO_007712","FL_0006","FL","2023-07-09",17,0,"COMPLETE",11,true
"RCP_004177","SHP_004299","PO_007997","BP_0012","BP","2023-07-09",58,0,"COMPLETE",2,true
"RCP_004178","SHP_004131","PO_008147","FL_0017","FL","2023-07-09",59,0,"PARTIAL",5,true
"RCP_004179","SHP_004060","PO_008156","FL_0007","FL","2023-07-09",190,0,"COMPLETE",10,true
"RCP_004180","SHP_004277","PO_005968","FL_0019","FL","2023-07-09",177,0,"COMPLETE",0,true
"RCP_004181","SHP_004125","PO_003670","FL_0019","FL","2023-07-09",16,0,"COMPLETE",4,true
"RCP_004182","SHP_004022","PO_000487","FL_0009","FL","2023-07-09",157,0,"PARTIAL",12,true
"RCP_004183","SHP_004202","PO_002492","UO_0009","UO","2023-07-09",177,0,"COMPLETE",5,true
"RCP_004184","SHP_004173","PO_003101","UO_0003","UO","2023-07-09",123,0,"COMPLETE",3,true
"RCP_004185","SHP_004218","PO_008930","UO_0017","UO","2023-07-09",147,3,"COMPLETE",5,true
"RCP_004186","SHP_004349","PO_002830","UO_0009","UO","2023-07-09",189,0,"COMPLETE",0,true
"RCP_004187","SHP_004223","PO_010109","UO_0003","UO","2023-07-09",39,0,"COMPLETE",5,true
"RCP_004188","SHP_004108","PO_001701","FL_0009","FL","2023-07-09",39,0,"COMPLETE",5,true
"RCP_004189","SHP_004146","PO_007321","FL_0006","FL","2023-07-09",121,0,"COMPLETE",3,true
"RCP_004190","SHP_004246","PO_003066","UO_0019","UO","2023-07-09",55,0,"COMPLETE",3,true
"RCP_004191","SHP_004272","PO_003815","FL_0003","FL","2023-07-09",159,0,"COMPLETE",0,true
"RCP_004192","SHP_004345","PO_000109","BP_0003","BP","2023-07-10",184,0,"COMPLETE",-1,true
"RCP_004193","SHP_004104","PO_000175","FL_0004","FL","2023-07-10",124,0,"PARTIAL",7,true
"RCP_004194","SHP_004094","PO_000382","BP_0002","BP","2023-07-10",24,0,"COMPLETE",3,true
"RCP_004195","SHP_004306","PO_000384","BP_0019","BP","2023-07-10",102,0,"PARTIAL",-1,true
"RCP_004196","SHP_004211","PO_004711","FL_0001","FL","2023-07-10",87,0,"PARTIAL",0,true
"RCP_004197","SHP_004320","PO_000498","BP_0020","BP","2023-07-10",185,0,"COMPLETE",1,true
"RCP_004198","SHP_004161","PO_008536","FL_0008","FL","2023-07-10",95,4,"COMPLETE",3,true
"RCP_004199","SHP_004142","PO_004357","FL_0014","FL","2023-07-10",126,0,"COMPLETE",4,true
"RCP_004200","SHP_004159","PO_007883","BP_0016","BP","2023-07-10",97,0,"PARTIAL",3,true
"RCP_004201","SHP_004220","PO_009218","BP_0010","BP","2023-07-10",129,0,"COMPLETE",4,true
"RCP_004202","SHP_004268","PO_001195","BP_0018","BP","2023-07-10",105,0,"COMPLETE",2,true
"RCP_004203","SHP_004252","PO_005717","UO_0018","UO","2023-07-10",179,0,"COMPLETE",0,true
"RCP_004204","SHP_004257","PO_007685","UO_0006","UO","2023-07-10",159,0,"COMPLETE",0,true
"RCP_004205","SHP_004283","PO_002666","BP_0020","BP","2023-07-10",55,0,"PARTIAL",0,true
"RCP_004206","SHP_004153","PO_002089","FL_0019","FL","2023-07-10",138,0,"PARTIAL",3,true
"RCP_004207","SHP_004229","PO_003605","UO_0002","UO","2023-07-10",189,0,"COMPLETE",1,true
"RCP_004208","SHP_004269","PO_001539","FL_0005","FL","2023-07-10",22,0,"COMPLETE",1,true
"RCP_004209","SHP_004205","PO_003212","BP_0002","BP","2023-07-10",17,0,"COMPLETE",4,true
"RCP_004210","SHP_004266","PO_000944","FL_0018","FL","2023-07-10",33,0,"COMPLETE",1,true
"RCP_004211","SHP_004048","PO_005425","BP_0019","BP","2023-07-11",137,0,"COMPLETE",12,true
"RCP_004212","SHP_004225","PO_000980","BP_0006","BP","2023-07-11",173,7,"COMPLETE",5,true
"RCP_004213","SHP_004106","PO_001067","FL_0019","FL","2023-07-11",101,0,"COMPLETE",8,true
"RCP_004214","SHP_004155","PO_003275","UO_0020","UO","2023-07-11",115,0,"COMPLETE",5,true
"RCP_004215","SHP_004102","PO_007072","FL_0005","FL","2023-07-11",113,0,"PARTIAL",9,true
"RCP_004216","SHP_004172","PO_001359","UO_0001","UO","2023-07-11",122,0,"PARTIAL",3,true
"RCP_004217","SHP_004073","PO_008940","BP_0017","BP","2023-07-11",112,0,"COMPLETE",10,true
"RCP_004218","SHP_004120","PO_001279","BP_0004","BP","2023-07-11",153,0,"PARTIAL",6,true
"RCP_004219","SHP_004309","PO_003206","FL_0011","FL","2023-07-11",43,0,"PARTIAL",-1,true
"RCP_004220","SHP_004318","PO_009368","BP_0001","BP","2023-07-11",167,0,"COMPLETE",-1,true
"RCP_004221","SHP_004234","PO_005744","UO_0012","UO","2023-07-11",140,0,"COMPLETE",2,true
"RCP_004222","SHP_004325","PO_003158","BP_0020","BP","2023-07-11",133,0,"COMPLETE",2,true
"RCP_004223","SHP_004297","PO_006885","FL_0001","FL","2023-07-11",180,0,"COMPLETE",0,true
"RCP_004224","SHP_004230","PO_004002","FL_0017","FL","2023-07-12",90,0,"COMPLETE",0,true
"RCP_004225","SHP_004140","PO_004231","FL_0008","FL","2023-07-12",33,0,"PARTIAL",7,true
"RCP_004226","SHP_004231","PO_004316","FL_0007","FL","2023-07-12",179,0,"COMPLETE",0,true
"RCP_004227","SHP_004336","PO_004350","BP_0004","BP","2023-07-12",183,0,"COMPLETE",2,true
"RCP_004228","SHP_004101","PO_006514","BP_0019","BP","2023-07-12",24,0,"PARTIAL",5,true
"RCP_004229","SHP_004298","PO_007870","FL_0007","FL","2023-07-12",85,0,"COMPLETE",1,true
"RCP_004230","SHP_004317","PO_009224","FL_0001","FL","2023-07-12",84,0,"COMPLETE",0,true
"RCP_004231","SHP_004262","PO_009667","BP_0002","BP","2023-07-12",197,0,"COMPLETE",5,true
"RCP_004232","SHP_004092","PO_009918","FL_0010","FL","2023-07-12",63,0,"COMPLETE",11,true
"RCP_004233","SHP_004263","PO_009956","FL_0014","FL","2023-07-12",19,0,"PARTIAL",0,true
"RCP_004234","SHP_004082","PO_003150","BP_0018","BP","2023-07-12",163,0,"COMPLETE",10,true
"RCP_004235","SHP_004192","PO_006074","FL_0001","FL","2023-07-12",137,0,"COMPLETE",2,true
"RCP_004236","SHP_004175","PO_003504","FL_0009","FL","2023-07-12",46,0,"PARTIAL",4,true
"RCP_004237","SHP_004206","PO_003658","UO_0002","UO","2023-07-12",26,0,"COMPLETE",4,true
"RCP_004238","SHP_004375","PO_003804","UO_0002","UO","2023-07-12",19,0,"COMPLETE",1,true
"RCP_004239","SHP_004100","PO_005911","UO_0002","UO","2023-07-12",117,0,"PARTIAL",10,true
"RCP_004240","SHP_004294","PO_002527","FL_0010","FL","2023-07-12",129,0,"PARTIAL",1,true
"RCP_004241","SHP_004228","PO_002501","FL_0012","FL","2023-07-12",124,0,"PARTIAL",1,true
"RCP_004242","SHP_004089","PO_008333","FL_0013","FL","2023-07-12",178,0,"COMPLETE",11,true
"RCP_004243","SHP_004291","PO_000368","BP_0017","BP","2023-07-13",88,0,"COMPLETE",2,true
"RCP_004244","SHP_004207","PO_003993","FL_0002","FL","2023-07-13",31,0,"COMPLETE",2,true
"RCP_004245","SHP_004167","PO_008184","FL_0019","FL","2023-07-13",139,0,"PARTIAL",6,true
"RCP_004246","SHP_004222","PO_010086","FL_0020","FL","2023-07-13",51,0,"PARTIAL",2,true
"RCP_004247","SHP_004310","PO_003277","BP_0003","BP","2023-07-13",12,0,"COMPLETE",2,true
"RCP_004248","SHP_004374","PO_001505","BP_0010","BP","2023-07-13",195,0,"COMPLETE",0,true
"RCP_004249","SHP_004191","PO_006063","BP_0014","BP","2023-07-13",123,0,"COMPLETE",-1,true
"RCP_004250","SHP_004270","PO_002656","FL_0004","FL","2023-07-13",173,0,"COMPLETE",-1,true
"RCP_004251","SHP_004256","PO_007453","FL_0008","FL","2023-07-13",14,0,"COMPLETE",0,true
"RCP_004252","SHP_004116","PO_006329","BP_0017","BP","2023-07-13",127,0,"PARTIAL",9,true
"RCP_004253","SHP_004305","PO_000337","UO_0005","UO","2023-07-13",134,0,"COMPLETE",3,true
"RCP_004254","SHP_004307","PO_000628","BP_0013","BP","2023-07-13",45,0,"COMPLETE",2,true
"RCP_004255","SHP_004181","PO_007328","FL_0014","FL","2023-07-13",70,0,"COMPLETE",5,true
"RCP_004256","SHP_004240","PO_009678","UO_0004","UO","2023-07-13",163,0,"COMPLETE",4,true
"RCP_004257","SHP_004337","PO_004646","UO_0004","UO","2023-07-14",99,0,"PARTIAL",2,true
"RCP_004258","SHP_004276","PO_005307","FL_0014","FL","2023-07-14",59,0,"COMPLETE",1,true
"RCP_004259","SHP_004241","PO_000549","FL_0003","FL","2023-07-14",114,0,"COMPLETE",1,true
"RCP_004260","SHP_004183","PO_008631","BP_0014","BP","2023-07-14",42,0,"PARTIAL",5,true
"RCP_004261","SHP_004213","PO_005584","FL_0009","FL","2023-07-14",10,0,"PARTIAL",3,true
"RCP_004262","SHP_004333","PO_007748","FL_0020","FL","2023-07-14",122,0,"COMPLETE",1,true
"RCP_004263","SHP_004258","PO_007833","FL_0003","FL","2023-07-14",199,0,"COMPLETE",1,true
"RCP_004264","SHP_004334","PO_008023","FL_0012","FL","2023-07-14",74,0,"COMPLETE",1,true
"RCP_004265","SHP_004261","PO_009476","FL_0012","FL","2023-07-14",143,0,"COMPLETE",2,true
"RCP_004266","SHP_004135","PO_010119","BP_0013","BP","2023-07-14",25,0,"COMPLETE",9,true
"RCP_004267","SHP_004179","PO_006057","FL_0012","FL","2023-07-14",74,0,"COMPLETE",6,true
"RCP_004268","SHP_004150","PO_000861","BP_0005","BP","2023-07-14",137,0,"COMPLETE",3,true
"RCP_004269","SHP_004351","PO_003536","FL_0014","FL","2023-07-14",183,5,"COMPLETE",-1,true
"RCP_004270","SHP_004110","PO_002744","FL_0009","FL","2023-07-14",123,0,"COMPLETE",11,true
"RCP_004271","SHP_004288","PO_008600","UO_0014","UO","2023-07-14",182,0,"COMPLETE",2,true
"RCP_004272","SHP_004105","PO_000892","FL_0010","FL","2023-07-14",47,0,"PARTIAL",11,true
"RCP_004273","SHP_004420","PO_003863","UO_0012","UO","2023-07-14",145,0,"COMPLETE",0,true
"RCP_004274","SHP_004366","PO_004995","UO_0010","UO","2023-07-14",25,0,"COMPLETE",0,true
"RCP_004275","SHP_004350","PO_003491","UO_0002","UO","2023-07-14",49,0,"COMPLETE",1,true
"RCP_004276","SHP_004119","PO_000228","FL_0009","FL","2023-07-15",100,0,"COMPLETE",11,true
"RCP_004277","SHP_004189","PO_004815","FL_0018","FL","2023-07-15",21,0,"PARTIAL",6,true
"RCP_004278","SHP_004250","PO_005035","FL_0020","FL","2023-07-15",63,0,"COMPLETE",3,true
"RCP_004279","SHP_004391","PO_005091","BP_0020","BP","2023-07-15",156,0,"COMPLETE",1,true
"RCP_004280","SHP_004284","PO_005386","FL_0008","FL","2023-07-15",30,0,"COMPLETE",0,true
"RCP_004281","SHP_004212","PO_005455","BP_0012","BP","2023-07-15",33,0,"COMPLETE",0,true
"RCP_004282","SHP_004425","PO_007935","BP_0017","BP","2023-07-15",26,0,"COMPLETE",-1,true
"RCP_004283","SHP_004357","PO_009025","UO_0017","UO","2023-07-15",126,0,"COMPLETE",2,true
"RCP_004284","SHP_004362","PO_001217","FL_0016","FL","2023-07-15",120,0,"COMPLETE",-1,true
"RCP_004285","SHP_004383","PO_006352","BP_0012","BP","2023-07-15",161,0,"COMPLETE",2,true
"RCP_004286","SHP_004248","PO_003419","UO_0001","UO","2023-07-15",175,0,"COMPLETE",3,true
"RCP_004287","SHP_004326","PO_003578","BP_0004","BP","2023-07-15",112,0,"COMPLETE",2,true
"RCP_004288","SHP_004201","PO_001855","FL_0014","FL","2023-07-15",151,0,"COMPLETE",5,true
"RCP_004289","SHP_004177","PO_005412","FL_0010","FL","2023-07-15",189,0,"COMPLETE",7,true
"RCP_004290","SHP_004185","PO_010081","FL_0001","FL","2023-07-15",125,0,"PARTIAL",7,true
"RCP_004291","SHP_004404","PO_003678","UO_0013","UO","2023-07-15",17,0,"COMPLETE",2,true
"RCP_004292","SHP_004145","PO_006140","FL_0007","FL","2023-07-15",191,0,"COMPLETE",10,true
"RCP_004293","SHP_004275","PO_004414","UO_0012","UO","2023-07-15",107,0,"PARTIAL",2,true
"RCP_004294","SHP_004149","PO_000136","FL_0020","FL","2023-07-16",137,0,"PARTIAL",10,true
"RCP_004295","SHP_004354","PO_004600","FL_0009","FL","2023-07-16",174,2,"COMPLETE",1,true
"RCP_004296","SHP_004370","PO_008640","FL_0001","FL","2023-07-16",184,0,"COMPLETE",0,true
"RCP_004297","SHP_004352","PO_004103","FL_0001","FL","2023-07-16",45,0,"COMPLETE",1,true
"RCP_004298","SHP_004324","PO_002565","BP_0008","BP","2023-07-16",188,0,"COMPLETE",4,true
"RCP_004299","SHP_004233","PO_005644","FL_0014","FL","2023-07-16",61,0,"COMPLETE",5,true
"RCP_004300","SHP_004143","PO_005022","FL_0007","FL","2023-07-16",188,0,"COMPLETE",11,true
"RCP_004301","SHP_004196","PO_009897","FL_0008","FL","2023-07-16",49,0,"COMPLETE",7,true
"RCP_004302","SHP_004279","PO_008050","FL_0012","FL","2023-07-16",148,0,"COMPLETE",3,true
"RCP_004303","SHP_004371","PO_010115","FL_0003","FL","2023-07-16",59,2,"COMPLETE",0,true
"RCP_004304","SHP_004304","PO_000215","BP_0013","BP","2023-07-17",88,0,"PARTIAL",0,true
"RCP_004305","SHP_004365","PO_004783","FL_0010","FL","2023-07-17",43,0,"COMPLETE",1,true
"RCP_004306","SHP_004344","PO_008798","UO_0019","UO","2023-07-17",72,0,"COMPLETE",5,true
"RCP_004307","SHP_004200","PO_001070","FL_0001","FL","2023-07-17",74,0,"PARTIAL",7,true
"RCP_004308","SHP_004368","PO_008135","FL_0001","FL","2023-07-17",163,0,"COMPLETE",1,true
"RCP_004309","SHP_004239","PO_009568","BP_0017","BP","2023-07-17",124,0,"COMPLETE",1,true
"RCP_004310","SHP_004411","PO_009692","UO_0005","UO","2023-07-17",40,0,"COMPLETE",0,true
"RCP_004311","SHP_004170","PO_010071","BP_0009","BP","2023-07-17",26,0,"PARTIAL",5,true
"RCP_004312","SHP_004389","PO_003474","FL_0020","FL","2023-07-17",120,0,"COMPLETE",-1,true
"RCP_004313","SHP_004144","PO_005118","FL_0001","FL","2023-07-17",107,0,"PARTIAL",12,true
"RCP_004314","SHP_004399","PO_010191","UO_0015","UO","2023-07-17",152,0,"COMPLETE",1,true
"RCP_004315","SHP_004321","PO_000572","BP_0001","BP","2023-07-17",53,0,"COMPLETE",5,true
"RCP_004316","SHP_004387","PO_009982","FL_0020","FL","2023-07-17",101,0,"COMPLETE",0,true
"RCP_004317","SHP_004180","PO_006930","FL_0007","FL","2023-07-17",78,0,"PARTIAL",9,true
"RCP_004318","SHP_004339","PO_006543","UO_0008","UO","2023-07-17",89,0,"PARTIAL",5,true
"RCP_004319","SHP_004468","PO_004936","UO_0004","UO","2023-07-18",22,0,"COMPLETE",0,true
"RCP_004320","SHP_004260","PO_008847","BP_0001","BP","2023-07-18",184,0,"COMPLETE",5,true
"RCP_004321","SHP_004395","PO_005572","FL_0004","FL","2023-07-18",139,0,"COMPLETE",0,true
"RCP_004322","SHP_004160","PO_007952","BP_0005","BP","2023-07-18",35,0,"COMPLETE",11,true
"RCP_004323","SHP_004322","PO_001077","FL_0020","FL","2023-07-18",90,0,"COMPLETE",1,true
"RCP_004324","SHP_004414","PO_002316","UO_0017","UO","2023-07-18",12,0,"COMPLETE",0,true
"RCP_004325","SHP_004152","PO_001906","FL_0016","FL","2023-07-18",96,0,"PARTIAL",12,true
"RCP_004326","SHP_004236","PO_006550","BP_0007","BP","2023-07-18",119,0,"COMPLETE",2,true
"RCP_004327","SHP_004381","PO_006060","UO_0006","UO","2023-07-18",131,0,"COMPLETE",3,true
"RCP_004328","SHP_004199","PO_000430","FL_0020","FL","2023-07-19",52,3,"PARTIAL",9,true
"RCP_004329","SHP_004480","PO_004795","UO_0016","UO","2023-07-19",140,0,"COMPLETE",0,true
"RCP_004330","SHP_004376","PO_004198","UO_0006","UO","2023-07-19",108,0,"COMPLETE",4,true
"RCP_004331","SHP_004286","PO_008036","BP_0008","BP","2023-07-19",76,0,"PARTIAL",4,true
"RCP_004332","SHP_004382","PO_006196","FL_0005","FL","2023-07-19",120,0,"COMPLETE",2,true
"RCP_004333","SHP_004435","PO_008904","BP_0018","BP","2023-07-19",16,0,"COMPLETE",-1,true
"RCP_004334","SHP_004296","PO_006780","BP_0017","BP","2023-07-19",196,0,"COMPLETE",-1,true
"RCP_004335","SHP_004188","PO_004249","FL_0009","FL","2023-07-19",175,0,"COMPLETE",10,true
"RCP_004336","SHP_004401","PO_001831","FL_0018","FL","2023-07-19",172,3,"COMPLETE",0,true
"RCP_004337","SHP_004267","PO_001015","FL_0007","FL","2023-07-19",43,0,"PARTIAL",6,true
"RCP_004338","SHP_004421","PO_004715","FL_0002","FL","2023-07-20",52,0,"COMPLETE",0,true
"RCP_004339","SHP_004171","PO_000518","UO_0007","UO","2023-07-20",72,0,"COMPLETE",12,true
"RCP_004340","SHP_004393","PO_005356","FL_0009","FL","2023-07-20",19,0,"COMPLETE",2,true
"RCP_004341","SHP_004394","PO_005442","FL_0004","FL","2023-07-20",139,0,"COMPLETE",2,true
"RCP_004342","SHP_004372","PO_000967","BP_0009","BP","2023-07-20",10,0,"PARTIAL",3,true
"RCP_004343","SHP_004174","PO_003481","FL_0003","FL","2023-07-20",128,0,"PARTIAL",12,true
"RCP_004344","SHP_004361","PO_001057","BP_0001","BP","2023-07-20",87,0,"COMPLETE",5,true
"RCP_004345","SHP_004247","PO_003211","FL_0006","FL","2023-07-20",133,0,"COMPLETE",8,true
"RCP_004346","SHP_004398","PO_010055","BP_0016","BP","2023-07-20",18,0,"COMPLETE",3,true
"RCP_004347","SHP_004315","PO_007885","UO_0019","UO","2023-07-20",134,0,"PARTIAL",4,true
"RCP_004348","SHP_004282","PO_000052","FL_0019","FL","2023-07-21",162,3,"COMPLETE",7,true
"RCP_004349","SHP_004515","PO_000236","UO_0001","UO","2023-07-21",187,0,"COMPLETE",-1,true
"RCP_004350","SHP_004328","PO_005191","FL_0005","FL","2023-07-21",43,0,"COMPLETE",3,true
"RCP_004351","SHP_004440","PO_002185","FL_0018","FL","2023-07-21",80,0,"COMPLETE",-1,true
"RCP_004352","SHP_004358","PO_009652","FL_0002","FL","2023-07-21",65,0,"COMPLETE",1,true
"RCP_004353","SHP_004418","PO_003261","FL_0004","FL","2023-07-21",140,0,"COMPLETE",1,true
"RCP_004354","SHP_004450","PO_002097","BP_0015","BP","2023-07-21",63,0,"COMPLETE",2,true
"RCP_004355","SHP_004237","PO_007063","BP_0012","BP","2023-07-21",99,5,"COMPLETE",5,true
"RCP_004356","SHP_004265","PO_000717","BP_0017","BP","2023-07-21",183,0,"COMPLETE",3,true
"RCP_004357","SHP_004458","PO_007084","BP_0008","BP","2023-07-21",80,0,"PARTIAL",-1,true
"RCP_004358","SHP_004329","PO_005687","BP_0008","BP","2023-07-21",73,0,"COMPLETE",-1,true
"RCP_004359","SHP_004331","PO_006438","FL_0010","FL","2023-07-21",177,0,"COMPLETE",3,true
"RCP_004360","SHP_004443","PO_004965","UO_0015","UO","2023-07-22",72,0,"COMPLETE",2,true
"RCP_004361","SHP_004316","PO_008398","FL_0016","FL","2023-07-22",92,0,"PARTIAL",6,true
"RCP_004362","SHP_004446","PO_008580","FL_0002","FL","2023-07-22",28,0,"COMPLETE",0,true
"RCP_004363","SHP_004274","PO_004376","FL_0016","FL","2023-07-22",42,0,"PARTIAL",9,true
"RCP_004364","SHP_004319","PO_009418","BP_0009","BP","2023-07-22",17,0,"COMPLETE",1,true
"RCP_004365","SHP_004300","PO_008290","BP_0019","BP","2023-07-22",198,0,"COMPLETE",2,true
"RCP_004366","SHP_004437","PO_009633","BP_0012","BP","2023-07-22",177,0,"COMPLETE",1,true
"RCP_004367","SHP_004295","PO_002893","UO_0017","UO","2023-07-22",97,0,"PARTIAL",7,true
"RCP_004368","SHP_004423","PO_006734","UO_0001","UO","2023-07-22",10,0,"PARTIAL",4,true
"RCP_004369","SHP_004455","PO_005109","FL_0018","FL","2023-07-22",173,0,"COMPLETE",-1,true
"RCP_004370","SHP_004254","PO_007039","BP_0002","BP","2023-07-22",68,0,"PARTIAL",5,true
"RCP_004371","SHP_004323","PO_001424","FL_0003","FL","2023-07-22",68,0,"COMPLETE",5,true
"RCP_004372","SHP_004311","PO_005702","FL_0018","FL","2023-07-22",159,0,"PARTIAL",6,true
"RCP_004373","SHP_004215","PO_007166","FL_0008","FL","2023-07-22",141,0,"COMPLETE",12,true
"RCP_004374","SHP_004373","PO_001391","BP_0013","BP","2023-07-22",109,0,"COMPLETE",0,true
"RCP_004375","SHP_004409","PO_008403","BP_0019","BP","2023-07-23",50,0,"COMPLETE",5,true
"RCP_004376","SHP_004287","PO_008464","BP_0006","BP","2023-07-23",22,0,"COMPLETE",4,true
"RCP_004377","SHP_004273","PO_003923","FL_0016","FL","2023-07-23",46,0,"COMPLETE",10,true
"RCP_004378","SHP_004249","PO_004286","FL_0012","FL","2023-07-23",49,1,"COMPLETE",11,true
"RCP_004379","SHP_004293","PO_002206","BP_0016","BP","2023-07-23",52,0,"COMPLETE",7,true
"RCP_004380","SHP_004429","PO_000564","UO_0001","UO","2023-07-23",78,0,"PARTIAL",4,true
"RCP_004381","SHP_004342","PO_006979","BP_0015","BP","2023-07-23",55,0,"PARTIAL",4,true
"RCP_004382","SHP_004459","PO_007591","FL_0004","FL","2023-07-23",53,0,"COMPLETE",0,true
"RCP_004383","SHP_004302","PO_009946","FL_0014","FL","2023-07-23",108,0,"COMPLETE",8,true
"RCP_004384","SHP_004341","PO_006843","FL_0001","FL","2023-07-23",13,0,"PARTIAL",5,true
"RCP_004385","SHP_004388","PO_001506","BP_0014","BP","2023-07-23",32,0,"COMPLETE",5,true
"RCP_004386","SHP_004356","PO_007306","FL_0004","FL","2023-07-23",188,0,"COMPLETE",3,true
"RCP_004387","SHP_004430","PO_001722","FL_0009","FL","2023-07-23",143,0,"COMPLETE",2,true
"RCP_004388","SHP_004476","PO_003175","BP_0014","BP","2023-07-23",126,0,"COMPLETE",2,true
"RCP_004389","SHP_004340","PO_006598","FL_0011","FL","2023-07-23",63,0,"PARTIAL",5,true
"RCP_004390","SHP_004264","PO_000412","FL_0002","FL","2023-07-24",148,0,"PARTIAL",11,true
"RCP_004391","SHP_004379","PO_005255","FL_0010","FL","2023-07-24",138,0,"COMPLETE",2,true
"RCP_004392","SHP_004406","PO_004811","BP_0018","BP","2023-07-24",65,0,"PARTIAL",5,true
"RCP_004393","SHP_004478","PO_003958","BP_0001","BP","2023-07-24",167,0,"COMPLETE",0,true
"RCP_004394","SHP_004460","PO_008767","FL_0018","FL","2023-07-24",33,0,"PARTIAL",1,true
"RCP_004395","SHP_004392","PO_005331","UO_0020","UO","2023-07-24",158,0,"COMPLETE",4,true
"RCP_004396","SHP_004377","PO_004431","FL_0013","FL","2023-07-24",68,0,"COMPLETE",3,true
"RCP_004397","SHP_004385","PO_008005","UO_0007","UO","2023-07-24",79,0,"PARTIAL",3,true
"RCP_004398","SHP_004400","PO_001096","UO_0014","UO","2023-07-24",13,0,"COMPLETE",3,true
"RCP_004399","SHP_004312","PO_005713","BP_0009","BP","2023-07-24",115,0,"PARTIAL",7,true
"RCP_004400","SHP_004524","PO_003720","BP_0004","BP","2023-07-24",89,0,"COMPLETE",0,true
"RCP_004401","SHP_004463","PO_001357","FL_0004","FL","2023-07-24",22,0,"PARTIAL",0,true
"RCP_004402","SHP_004313","PO_005916","BP_0010","BP","2023-07-24",62,0,"COMPLETE",3,true
"RCP_004403","SHP_004441","PO_002717","FL_0003","FL","2023-07-24",33,0,"PARTIAL",2,true
"RCP_004404","SHP_004508","PO_006679","BP_0004","BP","2023-07-24",85,0,"COMPLETE",1,true
"RCP_004405","SHP_004568","PO_002740","UO_0017","UO","2023-07-24",79,0,"COMPLETE",-1,true
"RCP_004406","SHP_004332","PO_007473","BP_0019","BP","2023-07-24",100,0,"PARTIAL",2,true
"RCP_004407","SHP_004444","PO_007649","UO_0006","UO","2023-07-24",195,0,"COMPLETE",4,true
"RCP_004408","SHP_004271","PO_002848","BP_0018","BP","2023-07-24",75,0,"COMPLETE",10,true
"RCP_004409","SHP_004308","PO_001388","FL_0010","FL","2023-07-24",71,0,"COMPLETE",8,true
"RCP_004410","SHP_004378","PO_004659","FL_0004","FL","2023-07-25",50,0,"COMPLETE",3,true
"RCP_004411","SHP_004386","PO_008391","BP_0007","BP","2023-07-25",27,0,"COMPLETE",-1,true
"RCP_004412","SHP_004495","PO_008461","BP_0004","BP","2023-07-25",108,0,"COMPLETE",0,true
"RCP_004413","SHP_004364","PO_004279","FL_0011","FL","2023-07-25",196,0,"COMPLETE",4,true
"RCP_004414","SHP_004353","PO_004449","UO_0004","UO","2023-07-25",21,0,"COMPLETE",6,true
"RCP_004415","SHP_004466","PO_004491","FL_0001","FL","2023-07-25",63,0,"COMPLETE",1,true
"RCP_004416","SHP_004520","PO_002210","BP_0016","BP","2023-07-25",113,0,"COMPLETE",1,true
"RCP_004417","SHP_004496","PO_009674","BP_0012","BP","2023-07-25",27,0,"COMPLETE",0,true
"RCP_004418","SHP_004464","PO_003465","UO_0013","UO","2023-07-25",92,0,"COMPLETE",-1,true
"RCP_004419","SHP_004314","PO_007497","BP_0020","BP","2023-07-25",94,0,"COMPLETE",4,true
"RCP_004420","SHP_004367","PO_007100","FL_0011","FL","2023-07-25",161,0,"PARTIAL",5,true
"RCP_004421","SHP_004445","PO_007912","UO_0018","UO","2023-07-25",90,0,"COMPLETE",5,true
"RCP_004422","SHP_004546","PO_009511","UO_0012","UO","2023-07-25",90,0,"COMPLETE",2,true
"RCP_004423","SHP_004408","PO_006601","FL_0014","FL","2023-07-25",19,0,"COMPLETE",1,true
"RCP_004424","SHP_004281","PO_010083","BP_0009","BP","2023-07-25",74,0,"COMPLETE",11,true
"RCP_004425","SHP_004452","PO_003487","FL_0006","FL","2023-07-25",37,0,"COMPLETE",2,true
"RCP_004426","SHP_004292","PO_000488","FL_0016","FL","2023-07-26",41,2,"PARTIAL",11,true
"RCP_004427","SHP_004604","PO_008577","UO_0009","UO","2023-07-26",83,0,"COMPLETE",-1,true
"RCP_004428","SHP_004479","PO_004026","FL_0020","FL","2023-07-26",179,0,"COMPLETE",1,true
"RCP_004429","SHP_004359","PO_009980","BP_0002","BP","2023-07-26",67,1,"PARTIAL",6,true
"RCP_004430","SHP_004433","PO_003379","BP_0015","BP","2023-07-26",170,0,"COMPLETE",0,true
"RCP_004431","SHP_004384","PO_007055","FL_0006","FL","2023-07-26",56,0,"PARTIAL",5,true
"RCP_004432","SHP_004422","PO_006531","FL_0018","FL","2023-07-26",43,0,"PARTIAL",2,true
"RCP_004433","SHP_004561","PO_007312","BP_0013","BP","2023-07-26",24,0,"COMPLETE",0,true
"RCP_004434","SHP_004473","PO_002469","UO_0020","UO","2023-07-26",160,0,"COMPLETE",3,true
"RCP_004435","SHP_004432","PO_002668","UO_0001","UO","2023-07-26",20,0,"COMPLETE",3,true
"RCP_004436","SHP_004415","PO_002599","FL_0014","FL","2023-07-26",36,0,"COMPLETE",1,true
"RCP_004437","SHP_004500","PO_000258","FL_0005","FL","2023-07-27",172,2,"COMPLETE",0,true
"RCP_004438","SHP_004540","PO_004073","BP_0008","BP","2023-07-27",79,0,"COMPLETE",2,true
"RCP_004439","SHP_004447","PO_008788","FL_0006","FL","2023-07-27",154,0,"COMPLETE",0,true
"RCP_004440","SHP_004380","PO_005371","BP_0012","BP","2023-07-27",68,0,"COMPLETE",1,true
"RCP_004441","SHP_004434","PO_008007","FL_0013","FL","2023-07-27",89,0,"PARTIAL",1,true
"RCP_004442","SHP_004560","PO_006819","BP_0006","BP","2023-07-27",73,1,"COMPLETE",1,true
"RCP_004443","SHP_004521","PO_002765","FL_0003","FL","2023-07-27",157,0,"COMPLETE",-1,true
"RCP_004444","SHP_004600","PO_007326","UO_0015","UO","2023-07-27",177,0,"COMPLETE",0,true
"RCP_004445","SHP_004426","PO_007983","FL_0004","FL","2023-07-27",131,0,"COMPLETE",2,true
"RCP_004446","SHP_004448","PO_000067","FL_0004","FL","2023-07-28",31,0,"COMPLETE",0,true
"RCP_004447","SHP_004427","PO_000150","FL_0008","FL","2023-07-28",32,0,"PARTIAL",3,true
"RCP_004448","SHP_004532","PO_008346","FL_0013","FL","2023-07-28",24,0,"COMPLETE",0,true
"RCP_004449","SHP_004369","PO_008372","BP_0017","BP","2023-07-28",136,0,"COMPLETE",3,true
"RCP_004450","SHP_004355","PO_004986","FL_0016","FL","2023-07-28",119,0,"COMPLETE",9,true
"RCP_004451","SHP_004343","PO_008757","FL_0020","FL","2023-07-28",197,0,"COMPLETE",10,true
"RCP_004452","SHP_004348","PO_002253","FL_0019","FL","2023-07-28",40,0,"COMPLETE",9,true
"RCP_004453","SHP_004335","PO_008286","BP_0013","BP","2023-07-28",33,0,"PARTIAL",10,true
"RCP_004454","SHP_004607","PO_009760","BP_0002","BP","2023-07-28",57,0,"COMPLETE",-1,true
"RCP_004455","SHP_004499","PO_010056","FL_0012","FL","2023-07-28",59,0,"COMPLETE",2,true
"RCP_004456","SHP_004489","PO_001260","UO_0013","UO","2023-07-28",78,0,"COMPLETE",0,true
"RCP_004457","SHP_004542","PO_005959","FL_0002","FL","2023-07-28",37,0,"COMPLETE",-1,true
"RCP_004458","SHP_004491","PO_003248","FL_0014","FL","2023-07-28",160,0,"COMPLETE",2,true
"RCP_004459","SHP_004553","PO_003283","BP_0013","BP","2023-07-28",89,0,"COMPLETE",2,true
"RCP_004460","SHP_004507","PO_005718","BP_0001","BP","2023-07-28",61,2,"COMPLETE",2,true
"RCP_004461","SHP_004363","PO_003680","BP_0015","BP","2023-07-28",20,0,"COMPLETE",3,true
"RCP_004462","SHP_004338","PO_005741","UO_0009","UO","2023-07-28",36,0,"PARTIAL",10,true
"RCP_004463","SHP_004592","PO_001343","BP_0008","BP","2023-07-28",108,2,"COMPLETE",-1,true
"RCP_004464","SHP_004485","PO_000721","UO_0010","UO","2023-07-28",38,0,"COMPLETE",4,true
"RCP_004465","SHP_004527","PO_006354","FL_0004","FL","2023-07-28",137,0,"COMPLETE",0,true
"RCP_004466","SHP_004557","PO_004925","BP_0007","BP","2023-07-28",179,0,"COMPLETE",-1,true
"RCP_004467","SHP_004390","PO_003701","FL_0017","FL","2023-07-28",159,0,"COMPLETE",6,true
"RCP_004468","SHP_004360","PO_000800","FL_0011","FL","2023-07-28",45,0,"PARTIAL",8,true
"RCP_004469","SHP_004494","PO_003744","FL_0020","FL","2023-07-28",41,0,"PARTIAL",2,true
"RCP_004470","SHP_004537","PO_001304","UO_0019","UO","2023-07-28",108,0,"COMPLETE",1,true
"RCP_004471","SHP_004442","PO_003852","FL_0016","FL","2023-07-28",52,0,"PARTIAL",1,true
"RCP_004472","SHP_004547","PO_000349","UO_0010","UO","2023-07-29",64,0,"COMPLETE",1,true
"RCP_004473","SHP_004467","PO_004805","FL_0012","FL","2023-07-29",143,0,"COMPLETE",0,true
"RCP_004474","SHP_004484","PO_008561","BP_0008","BP","2023-07-29",148,0,"COMPLETE",5,true
"RCP_004475","SHP_004534","PO_008819","FL_0017","FL","2023-07-29",25,0,"COMPLETE",1,true
"RCP_004476","SHP_004511","PO_009799","FL_0020","FL","2023-07-29",89,0,"COMPLETE",2,true
"RCP_004477","SHP_004403","PO_003632","UO_0020","UO","2023-07-29",83,0,"COMPLETE",6,true
"RCP_004478","SHP_004465","PO_003728","FL_0014","FL","2023-07-29",187,0,"COMPLETE",0,true
"RCP_004479","SHP_004412","PO_000729","FL_0009","FL","2023-07-29",114,0,"PARTIAL",5,true
"RCP_004480","SHP_004529","PO_007571","FL_0006","FL","2023-07-29",25,0,"COMPLETE",1,true
"RCP_004481","SHP_004330","PO_005816","FL_0018","FL","2023-07-29",145,0,"PARTIAL",12,true
"RCP_004482","SHP_004472","PO_001630","FL_0009","FL","2023-07-29",23,0,"COMPLETE",0,true
"RCP_004483","SHP_004439","PO_000898","FL_0009","FL","2023-07-29",192,0,"COMPLETE",3,true
"RCP_004484","SHP_004552","PO_001606","BP_0006","BP","2023-07-29",57,0,"COMPLETE",0,true
"RCP_004485","SHP_004533","PO_008718","UO_0006","UO","2023-07-30",150,0,"COMPLETE",4,true
"RCP_004486","SHP_004410","PO_008791","BP_0017","BP","2023-07-30",21,0,"COMPLETE",2,true
"RCP_004487","SHP_004549","PO_000983","FL_0013","FL","2023-07-30",188,0,"COMPLETE",0,true
"RCP_004488","SHP_004451","PO_003425","BP_0013","BP","2023-07-30",44,0,"COMPLETE",2,true
"RCP_004489","SHP_004503","PO_003470","UO_0004","UO","2023-07-30",167,0,"COMPLETE",5,true
"RCP_004490","SHP_004525","PO_003801","BP_0008","BP","2023-07-30",35,0,"PARTIAL",2,true
"RCP_004491","SHP_004554","PO_003809","FL_0009","FL","2023-07-30",107,0,"COMPLETE",0,true
"RCP_004492","SHP_004504","PO_003837","BP_0018","BP","2023-07-30",29,0,"COMPLETE",4,true
"RCP_004493","SHP_004482","PO_007619","BP_0019","BP","2023-07-30",78,0,"COMPLETE",0,true
"RCP_004494","SHP_004513","PO_010002","UO_0020","UO","2023-07-30",44,0,"PARTIAL",5,true
"RCP_004495","SHP_004629","PO_003454","UO_0016","UO","2023-07-30",145,0,"COMPLETE",1,true
"RCP_004496","SHP_004419","PO_003856","BP_0016","BP","2023-07-30",198,0,"COMPLETE",5,true
"RCP_004497","SHP_004562","PO_009526","BP_0008","BP","2023-07-30",158,0,"PARTIAL",1,true
"RCP_004498","SHP_004581","PO_001278","BP_0013","BP","2023-07-30",197,0,"COMPLETE",-1,true
"RCP_004499","SHP_004530","PO_008081","FL_0011","FL","2023-07-30",46,0,"COMPLETE",2,true
"RCP_004500","SHP_004591","PO_000448","BP_0014","BP","2023-07-31",142,6,"COMPLETE",-1,true
"RCP_004501","SHP_004396","PO_008752","BP_0020","BP","2023-07-31",147,0,"COMPLETE",4,true
"RCP_004502","SHP_004541","PO_004230","FL_0007","FL","2023-07-31",144,0,"COMPLETE",2,true
"RCP_004503","SHP_004461","PO_009551","FL_0008","FL","2023-07-31",20,0,"COMPLETE",4,true
"RCP_004504","SHP_004497","PO_009739","BP_0015","BP","2023-07-31",113,0,"COMPLETE",0,true
"RCP_004505","SHP_004438","PO_009822","FL_0014","FL","2023-07-31",115,0,"COMPLETE",6,true
"RCP_004506","SHP_004512","PO_009926","FL_0008","FL","2023-07-31",118,0,"COMPLETE",-1,true
"RCP_004507","SHP_004453","PO_003825","BP_0017","BP","2023-07-31",63,0,"PARTIAL",3,true
"RCP_004508","SHP_004518","PO_001302","UO_0008","UO","2023-07-31",189,0,"COMPLETE",5,true
"RCP_004509","SHP_004576","PO_007726","FL_0002","FL","2023-07-31",133,0,"COMPLETE",0,true
"RCP_004510","SHP_004551","PO_001149","FL_0006","FL","2023-07-31",71,0,"PARTIAL",1,true
"RCP_004511","SHP_004619","PO_006890","BP_0012","BP","2023-07-31",42,0,"COMPLETE",1,true
"RCP_004512","SHP_004347","PO_001572","FL_0012","FL","2023-07-31",62,0,"COMPLETE",12,true
"RCP_004513","SHP_004625","PO_000064","UO_0010","UO","2023-08-01",18,0,"COMPLETE",-1,true
"RCP_004514","SHP_004590","PO_000295","FL_0011","FL","2023-08-01",200,0,"COMPLETE",-1,true
"RCP_004515","SHP_004487","PO_000981","FL_0020","FL","2023-08-01",115,0,"PARTIAL",2,true
"RCP_004516","SHP_004346","PO_001046","BP_0012","BP","2023-08-01",68,0,"COMPLETE",12,true
"RCP_004517","SHP_004536","PO_001109","UO_0017","UO","2023-08-01",120,0,"PARTIAL",5,true
"RCP_004518","SHP_004609","PO_009957","FL_0002","FL","2023-08-01",195,0,"COMPLETE",-1,true
"RCP_004519","SHP_004615","PO_003411","BP_0015","BP","2023-08-01",60,0,"PARTIAL",-1,true
"RCP_004520","SHP_004449","PO_001323","BP_0017","BP","2023-08-01",133,0,"COMPLETE",0,true
"RCP_004521","SHP_004643","PO_007045","BP_0017","BP","2023-08-01",111,0,"COMPLETE",0,true
"RCP_004522","SHP_004431","PO_001728","BP_0005","BP","2023-08-01",16,1,"PARTIAL",2,true
"RCP_004523","SHP_004510","PO_009738","FL_0010","FL","2023-08-01",126,0,"COMPLETE",0,true
"RCP_004524","SHP_004397","PO_009532","FL_0004","FL","2023-08-01",47,0,"COMPLETE",10,true
"RCP_004525","SHP_004428","PO_000439","FL_0010","FL","2023-08-02",132,0,"PARTIAL",8,true
"RCP_004526","SHP_004707","PO_005360","UO_0013","UO","2023-08-02",121,0,"PARTIAL",-1,true
"RCP_004527","SHP_004456","PO_005634","BP_0017","BP","2023-08-02",112,0,"COMPLETE",1,true
"RCP_004528","SHP_004571","PO_004406","UO_0004","UO","2023-08-02",144,0,"PARTIAL",0,true
"RCP_004529","SHP_004630","PO_004424","BP_0017","BP","2023-08-02",173,0,"COMPLETE",2,true
"RCP_004530","SHP_004454","PO_004519","FL_0018","FL","2023-08-02",63,0,"COMPLETE",5,true
"RCP_004531","SHP_004417","PO_003026","BP_0018","BP","2023-08-02",185,0,"COMPLETE",4,true
"RCP_004532","SHP_004618","PO_006228","FL_0009","FL","2023-08-02",127,0,"COMPLETE",-1,true
"RCP_004533","SHP_004407","PO_006348","FL_0001","FL","2023-08-02",143,0,"PARTIAL",10,true
"RCP_004534","SHP_004583","PO_003866","UO_0007","UO","2023-08-02",94,0,"COMPLETE",-1,true
"RCP_004535","SHP_004569","PO_003208","FL_0009","FL","2023-08-02",143,0,"COMPLETE",2,true
"RCP_004536","SHP_004402","PO_002982","BP_0002","BP","2023-08-02",70,0,"PARTIAL",9,true
"RCP_004537","SHP_004469","PO_009689","FL_0020","FL","2023-08-02",69,0,"COMPLETE",5,true
"RCP_004538","SHP_004623","PO_009950","FL_0002","FL","2023-08-02",90,0,"COMPLETE",-1,true
"RCP_004539","SHP_004526","PO_005708","BP_0010","BP","2023-08-02",118,0,"COMPLETE",5,true
"RCP_004540","SHP_004539","PO_002242","FL_0005","FL","2023-08-02",16,0,"PARTIAL",0,true
"RCP_004541","SHP_004470","PO_000184","FL_0005","FL","2023-08-03",157,0,"COMPLETE",4,true
"RCP_004542","SHP_004580","PO_000421","UO_0001","UO","2023-08-03",18,0,"COMPLETE",4,true
"RCP_004543","SHP_004617","PO_004775","FL_0020","FL","2023-08-03",48,0,"COMPLETE",0,true
"RCP_004544","SHP_004621","PO_008482","FL_0004","FL","2023-08-03",115,0,"COMPLETE",0,true
"RCP_004545","SHP_004405","PO_003880","FL_0019","FL","2023-08-03",82,0,"PARTIAL",11,true
"RCP_004546","SHP_004545","PO_007757","UO_0006","UO","2023-08-03",106,0,"PARTIAL",1,true
"RCP_004547","SHP_004662","PO_008257","BP_0003","BP","2023-08-03",18,0,"COMPLETE",1,true
"RCP_004548","SHP_004652","PO_001111","BP_0005","BP","2023-08-03",46,0,"COMPLETE",1,true
"RCP_004549","SHP_004563","PO_009753","UO_0008","UO","2023-08-03",126,0,"COMPLETE",2,true
"RCP_004550","SHP_004462","PO_010206","BP_0007","BP","2023-08-03",59,0,"PARTIAL",2,true
"RCP_004551","SHP_004509","PO_006951","FL_0009","FL","2023-08-03",69,0,"COMPLETE",2,true
"RCP_004552","SHP_004680","PO_008352","BP_0019","BP","2023-08-03",87,0,"COMPLETE",0,true
"RCP_004553","SHP_004514","PO_010161","UO_0019","UO","2023-08-03",126,0,"PARTIAL",5,true
"RCP_004554","SHP_004627","PO_002234","FL_0001","FL","2023-08-03",12,0,"COMPLETE",-1,true
"RCP_004555","SHP_004528","PO_006948","FL_0008","FL","2023-08-03",15,0,"COMPLETE",1,true
"RCP_004556","SHP_004477","PO_003305","FL_0008","FL","2023-08-03",98,0,"COMPLETE",4,true
"RCP_004557","SHP_004501","PO_001091","FL_0010","FL","2023-08-03",50,0,"COMPLETE",2,true
"RCP_004558","SHP_004416","PO_002783","BP_0008","BP","2023-08-03",196,0,"COMPLETE",9,true
"RCP_004559","SHP_004723","PO_003938","UO_0008","UO","2023-08-04",125,0,"COMPLETE",0,true
"RCP_004560","SHP_004572","PO_005009","BP_0002","BP","2023-08-04",71,0,"COMPLETE",4,true
"RCP_004561","SHP_004626","PO_000706","FL_0009","FL","2023-08-04",144,0,"COMPLETE",0,true
"RCP_004562","SHP_004661","PO_007722","BP_0015","BP","2023-08-04",170,0,"COMPLETE",-1,true
"RCP_004563","SHP_004424","PO_007853","FL_0010","FL","2023-08-04",171,0,"PARTIAL",11,true
"RCP_004564","SHP_004646","PO_009182","FL_0018","FL","2023-08-04",162,0,"PARTIAL",-1,true
"RCP_004565","SHP_004602","PO_008037","BP_0014","BP","2023-08-04",125,0,"COMPLETE",3,true
"RCP_004566","SHP_004588","PO_009324","UO_0014","UO","2023-08-04",14,0,"COMPLETE",5,true
"RCP_004567","SHP_004567","PO_002066","BP_0006","BP","2023-08-04",130,0,"PARTIAL",5,true
"RCP_004568","SHP_004635","PO_009016","BP_0003","BP","2023-08-04",106,0,"COMPLETE",0,true
"RCP_004569","SHP_004556","PO_004852","BP_0010","BP","2023-08-05",132,0,"PARTIAL",1,true
"RCP_004570","SHP_004726","PO_004395","BP_0014","BP","2023-08-05",160,0,"COMPLETE",-1,true
"RCP_004571","SHP_004578","PO_009140","BP_0012","BP","2023-08-05",53,0,"PARTIAL",5,true
"RCP_004572","SHP_004667","PO_009587","FL_0002","FL","2023-08-05",200,0,"COMPLETE",-1,true
"RCP_004573","SHP_004498","PO_009877","BP_0018","BP","2023-08-05",47,0,"PARTIAL",1,true
"RCP_004574","SHP_004698","PO_000571","BP_0003","BP","2023-08-05",82,0,"COMPLETE",0,true
"RCP_004575","SHP_004653","PO_001917","FL_0002","FL","2023-08-05",63,0,"COMPLETE",-1,true
"RCP_004576","SHP_004565","PO_001280","UO_0017","UO","2023-08-05",41,0,"COMPLETE",3,true
"RCP_004577","SHP_004632","PO_004928","FL_0017","FL","2023-08-05",172,0,"COMPLETE",1,true
"RCP_004578","SHP_004436","PO_009123","FL_0008","FL","2023-08-05",138,0,"PARTIAL",11,true
"RCP_004579","SHP_004413","PO_002152","FL_0012","FL","2023-08-05",137,0,"COMPLETE",12,true
"RCP_004580","SHP_004543","PO_006445","FL_0018","FL","2023-08-05",58,0,"COMPLETE",3,true
"RCP_004581","SHP_004664","PO_008784","FL_0011","FL","2023-08-05",129,0,"COMPLETE",-1,true
"RCP_004582","SHP_004564","PO_010046","FL_0004","FL","2023-08-05",107,0,"COMPLETE",2,true
"RCP_004583","SHP_004713","PO_000902","UO_0016","UO","2023-08-05",192,0,"COMPLETE",1,true
"RCP_004584","SHP_004642","PO_003549","FL_0003","FL","2023-08-05",19,0,"COMPLETE",0,true
"RCP_004585","SHP_004594","PO_002233","BP_0007","BP","2023-08-05",62,0,"COMPLETE",4,true
"RCP_004586","SHP_004672","PO_003679","BP_0008","BP","2023-08-05",116,0,"PARTIAL",2,true
"RCP_004587","SHP_004575","PO_006945","BP_0005","BP","2023-08-05",33,0,"COMPLETE",5,true
"RCP_004588","SHP_004493","PO_003673","FL_0019","FL","2023-08-05",167,5,"COMPLETE",5,true
"RCP_004589","SHP_004573","PO_006766","BP_0013","BP","2023-08-05",16,0,"PARTIAL",0,true
"RCP_004590","SHP_004681","PO_008414","FL_0007","FL","2023-08-06",160,0,"COMPLETE",-1,true
"RCP_004591","SHP_004605","PO_008646","FL_0001","FL","2023-08-06",61,0,"COMPLETE",-1,true
"RCP_004592","SHP_004634","PO_008762","UO_0013","UO","2023-08-06",166,0,"PARTIAL",0,true
"RCP_004593","SHP_004584","PO_005363","FL_0009","FL","2023-08-06",63,0,"COMPLETE",0,true
"RCP_004594","SHP_004622","PO_009385","BP_0018","BP","2023-08-06",61,0,"PARTIAL",4,true
"RCP_004595","SHP_004636","PO_001174","FL_0008","FL","2023-08-06",119,0,"COMPLETE",1,true
"RCP_004596","SHP_004585","PO_006371","FL_0020","FL","2023-08-06",16,0,"COMPLETE",0,true
"RCP_004597","SHP_004614","PO_003309","BP_0001","BP","2023-08-06",14,0,"COMPLETE",3,true
"RCP_004598","SHP_004457","PO_005874","FL_0011","FL","2023-08-06",120,0,"PARTIAL",10,true
"RCP_004599","SHP_004517","PO_001271","BP_0008","BP","2023-08-06",37,0,"COMPLETE",0,true
"RCP_004600","SHP_004505","PO_004007","BP_0004","BP","2023-08-06",14,0,"COMPLETE",1,true
"RCP_004601","SHP_004535","PO_000894","FL_0004","FL","2023-08-06",152,0,"PARTIAL",4,true
"RCP_004602","SHP_004548","PO_000438","FL_0005","FL","2023-08-07",10,0,"PARTIAL",4,true
"RCP_004603","SHP_004516","PO_000500","FL_0006","FL","2023-08-07",84,0,"PARTIAL",6,true
"RCP_004604","SHP_004673","PO_005095","FL_0012","FL","2023-08-07",81,0,"COMPLETE",0,true
"RCP_004605","SHP_004692","PO_004272","FL_0012","FL","2023-08-07",153,0,"COMPLETE",-1,true
"RCP_004606","SHP_004657","PO_004355","BP_0008","BP","2023-08-07",100,0,"PARTIAL",1,true
"RCP_004607","SHP_004483","PO_007862","FL_0018","FL","2023-08-07",15,0,"PARTIAL",9,true
"RCP_004608","SHP_004488","PO_000999","FL_0019","FL","2023-08-07",38,0,"COMPLETE",8,true
"RCP_004609","SHP_004531","PO_008308","FL_0013","FL","2023-08-07",75,0,"PARTIAL",6,true
"RCP_004610","SHP_004669","PO_010116","FL_0004","FL","2023-08-07",33,0,"COMPLETE",1,true
"RCP_004611","SHP_004471","PO_001412","UO_0009","UO","2023-08-07",43,2,"COMPLETE",9,true
"RCP_004612","SHP_004574","PO_006769","FL_0004","FL","2023-08-07",77,0,"COMPLETE",3,true
"RCP_004613","SHP_004559","PO_006708","FL_0017","FL","2023-08-07",49,0,"COMPLETE",3,true
"RCP_004614","SHP_004691","PO_002977","BP_0007","BP","2023-08-07",40,0,"PARTIAL",-1,true
"RCP_004615","SHP_004675","PO_005705","FL_0005","FL","2023-08-07",171,0,"COMPLETE",0,true
"RCP_004616","SHP_004596","PO_006481","BP_0018","BP","2023-08-07",199,0,"COMPLETE",5,true
"RCP_004617","SHP_004586","PO_007482","FL_0003","FL","2023-08-07",123,5,"PARTIAL",1,true
"RCP_004618","SHP_004506","PO_004812","BP_0015","BP","2023-08-08",115,0,"PARTIAL",3,true
"RCP_004619","SHP_004555","PO_004499","BP_0018","BP","2023-08-08",198,0,"COMPLETE",0,true
"RCP_004620","SHP_004612","PO_001242","FL_0008","FL","2023-08-08",129,0,"COMPLETE",1,true
"RCP_004621","SHP_004655","PO_003134","FL_0018","FL","2023-08-08",167,0,"COMPLETE",2,true
"RCP_004622","SHP_004519","PO_002129","FL_0018","FL","2023-08-08",99,0,"COMPLETE",7,true
"RCP_004623","SHP_004490","PO_001330","FL_0017","FL","2023-08-08",11,0,"PARTIAL",9,true
"RCP_004624","SHP_004762","PO_006934","UO_0010","UO","2023-08-08",30,0,"COMPLETE",2,true
"RCP_004625","SHP_004587","PO_008226","FL_0013","FL","2023-08-08",22,0,"PARTIAL",2,true
"RCP_004626","SHP_004731","PO_007355","BP_0002","BP","2023-08-08",101,0,"COMPLETE",2,true
"RCP_004627","SHP_004761","PO_006570","BP_0013","BP","2023-08-08",154,0,"COMPLETE",0,true
"RCP_004628","SHP_004780","PO_002058","UO_0017","UO","2023-08-08",165,0,"COMPLETE",0,true
"RCP_004629","SHP_004756","PO_001842","UO_0020","UO","2023-08-08",104,0,"COMPLETE",2,true
"RCP_004630","SHP_004757","PO_002592","BP_0016","BP","2023-08-08",70,0,"COMPLETE",0,true
"RCP_004631","SHP_004766","PO_000237","BP_0005","BP","2023-08-09",76,0,"COMPLETE",0,true
"RCP_004632","SHP_004783","PO_005186","BP_0020","BP","2023-08-09",169,0,"COMPLETE",-1,true
"RCP_004633","SHP_004558","PO_006504","UO_0008","UO","2023-08-09",164,0,"COMPLETE",6,true
"RCP_004634","SHP_004616","PO_004521","FL_0013","FL","2023-08-09",12,0,"COMPLETE",2,true
"RCP_004635","SHP_004603","PO_008152","UO_0005","UO","2023-08-09",41,0,"COMPLETE",3,true
"RCP_004636","SHP_004747","PO_009066","BP_0020","BP","2023-08-09",26,0,"COMPLETE",2,true
"RCP_004637","SHP_004689","PO_002098","FL_0005","FL","2023-08-09",103,0,"COMPLETE",1,true
"RCP_004638","SHP_004640","PO_002845","FL_0012","FL","2023-08-09",178,0,"COMPLETE",-1,true
"RCP_004639","SHP_004676","PO_006619","BP_0012","BP","2023-08-09",57,0,"COMPLETE",3,true
"RCP_004640","SHP_004717","PO_001322","FL_0003","FL","2023-08-09",100,0,"COMPLETE",-1,true
"RCP_004641","SHP_004481","PO_006751","FL_0012","FL","2023-08-09",184,0,"COMPLETE",11,true
"RCP_004642","SHP_004475","PO_003173","BP_0012","BP","2023-08-09",108,7,"PARTIAL",10,true
"RCP_004643","SHP_004579","PO_000031","BP_0001","BP","2023-08-10",83,0,"COMPLETE",0,true
"RCP_004644","SHP_004727","PO_004566","FL_0011","FL","2023-08-10",86,0,"COMPLETE",0,true
"RCP_004645","SHP_004785","PO_006513","UO_0013","UO","2023-08-10",75,0,"COMPLETE",2,true
"RCP_004646","SHP_004668","PO_009663","FL_0017","FL","2023-08-10",15,0,"COMPLETE",0,true
"RCP_004647","SHP_004712","PO_000593","UO_0003","UO","2023-08-10",136,0,"COMPLETE",2,true
"RCP_004648","SHP_004641","PO_002963","UO_0003","UO","2023-08-10",59,0,"PARTIAL",3,true
"RCP_004649","SHP_004474","PO_003152","UO_0019","UO","2023-08-10",76,0,"COMPLETE",12,true
"RCP_004650","SHP_004677","PO_006622","BP_0016","BP","2023-08-10",33,0,"COMPLETE",4,true
"RCP_004651","SHP_004710","PO_007464","BP_0018","BP","2023-08-10",128,0,"COMPLETE",1,true
"RCP_004652","SHP_004639","PO_002677","UO_0005","UO","2023-08-10",127,0,"COMPLETE",3,true
"RCP_004653","SHP_004550","PO_001133","FL_0019","FL","2023-08-10",168,0,"COMPLETE",7,true
"RCP_004654","SHP_004570","PO_003538","FL_0016","FL","2023-08-10",48,0,"COMPLETE",5,true
"RCP_004655","SHP_004697","PO_000243","FL_0009","FL","2023-08-11",61,0,"COMPLETE",2,true
"RCP_004656","SHP_004808","PO_000303","UO_0004","UO","2023-08-11",150,0,"COMPLETE",1,true
"RCP_004657","SHP_004705","PO_004601","FL_0014","FL","2023-08-11",147,0,"COMPLETE",2,true
"RCP_004658","SHP_004706","PO_004819","FL_0007","FL","2023-08-11",62,0,"COMPLETE",2,true
"RCP_004659","SHP_004764","PO_008588","FL_0001","FL","2023-08-11",66,0,"COMPLETE",-1,true
"RCP_004660","SHP_004651","PO_001000","BP_0007","BP","2023-08-11",111,0,"COMPLETE",5,true
"RCP_004661","SHP_004606","PO_009117","FL_0018","FL","2023-08-11",103,0,"PARTIAL",5,true
"RCP_004662","SHP_004703","PO_003050","BP_0007","BP","2023-08-11",75,0,"COMPLETE",2,true
"RCP_004663","SHP_004784","PO_006077","UO_0013","UO","2023-08-11",50,0,"COMPLETE",-1,true
"RCP_004664","SHP_004522","PO_003296","FL_0019","FL","2023-08-11",46,1,"PARTIAL",10,true
"RCP_004665","SHP_004544","PO_007539","BP_0005","BP","2023-08-11",150,0,"COMPLETE",4,true
"RCP_004666","SHP_004610","PO_000912","UO_0008","UO","2023-08-11",128,0,"COMPLETE",4,true
"RCP_004667","SHP_004699","PO_000734","FL_0004","FL","2023-08-11",124,0,"PARTIAL",2,true
"RCP_004668","SHP_004742","PO_002294","FL_0008","FL","2023-08-11",87,0,"COMPLETE",0,true
"RCP_004669","SHP_004702","PO_002971","FL_0004","FL","2023-08-11",152,0,"COMPLETE",2,true
"RCP_004670","SHP_004654","PO_002934","BP_0003","BP","2023-08-11",37,0,"COMPLETE",5,true
"RCP_004671","SHP_004700","PO_001931","FL_0004","FL","2023-08-11",171,0,"COMPLETE",2,true
"RCP_004672","SHP_004523","PO_003498","FL_0002","FL","2023-08-11",60,0,"PARTIAL",10,true
"RCP_004673","SHP_004538","PO_001810","FL_0018","FL","2023-08-11",136,0,"PARTIAL",9,true
"RCP_004674","SHP_004735","PO_000003","BP_0015","BP","2023-08-12",181,0,"COMPLETE",2,true
"RCP_004675","SHP_004589","PO_000235","FL_0002","FL","2023-08-12",62,0,"PARTIAL",5,true
"RCP_004676","SHP_004649","PO_000247","FL_0004","FL","2023-08-12",75,0,"COMPLETE",2,true
"RCP_004677","SHP_004728","PO_004918","FL_0019","FL","2023-08-12",94,0,"COMPLETE",2,true
"RCP_004678","SHP_004760","PO_005715","FL_0012","FL","2023-08-12",131,0,"COMPLETE",0,true
"RCP_004679","SHP_004648","PO_010193","FL_0001","FL","2023-08-12",94,0,"PARTIAL",3,true
"RCP_004680","SHP_004719","PO_001458","BP_0013","BP","2023-08-12",125,0,"COMPLETE",3,true
"RCP_004681","SHP_004599","PO_007016","FL_0004","FL","2023-08-12",112,0,"COMPLETE",6,true
"RCP_004682","SHP_004711","PO_008862","UO_0002","UO","2023-08-12",151,0,"COMPLETE",5,true
"RCP_004683","SHP_004486","PO_000932","BP_0020","BP","2023-08-12",26,0,"PARTIAL",12,true
"RCP_004684","SHP_004593","PO_002046","FL_0009","FL","2023-08-12",39,0,"COMPLETE",6,true
"RCP_004685","SHP_004492","PO_003452","BP_0014","BP","2023-08-12",105,0,"COMPLETE",12,true
"RCP_004686","SHP_004633","PO_006297","BP_0008","BP","2023-08-12",121,0,"COMPLETE",3,true
"RCP_004687","SHP_004601","PO_007683","BP_0018","BP","2023-08-12",20,0,"COMPLETE",1,true
"RCP_004688","SHP_004690","PO_002664","BP_0012","BP","2023-08-12",103,0,"COMPLETE",4,true
"RCP_004689","SHP_004686","PO_000891","BP_0010","BP","2023-08-12",134,0,"COMPLETE",4,true
"RCP_004690","SHP_004566","PO_001928","FL_0003","FL","2023-08-12",163,0,"PARTIAL",8,true
"RCP_004691","SHP_004751","PO_000024","FL_0013","FL","2023-08-13",177,0,"COMPLETE",1,true
"RCP_004692","SHP_004674","PO_005271","UO_0017","UO","2023-08-13",119,0,"COMPLETE",4,true
"RCP_004693","SHP_004849","PO_005144","BP_0014","BP","2023-08-13",50,0,"PARTIAL",-1,true
"RCP_004694","SHP_004733","PO_007924","BP_0013","BP","2023-08-13",111,0,"COMPLETE",4,true
"RCP_004695","SHP_004805","PO_009262","UO_0002","UO","2023-08-13",88,0,"PARTIAL",0,true
"RCP_004696","SHP_004670","PO_001533","FL_0012","FL","2023-08-13",190,0,"COMPLETE",1,true
"RCP_004697","SHP_004715","PO_001138","BP_0009","BP","2023-08-13",171,0,"COMPLETE",4,true
"RCP_004698","SHP_004741","PO_002049","BP_0017","BP","2023-08-13",112,0,"COMPLETE",3,true
"RCP_004699","SHP_004502","PO_002692","BP_0006","BP","2023-08-13",101,0,"COMPLETE",12,true
"RCP_004700","SHP_004851","PO_005286","UO_0017","UO","2023-08-14",124,0,"COMPLETE",2,true
"RCP_004701","SHP_004620","PO_007806","FL_0008","FL","2023-08-14",86,0,"COMPLETE",7,true
"RCP_004702","SHP_004665","PO_008974","FL_0004","FL","2023-08-14",98,0,"COMPLETE",3,true
"RCP_004703","SHP_004765","PO_009035","FL_0004","FL","2023-08-14",107,0,"COMPLETE",2,true
"RCP_004704","SHP_004684","PO_009843","UO_0019","UO","2023-08-14",103,0,"COMPLETE",5,true
"RCP_004705","SHP_004716","PO_001256","FL_0004","FL","2023-08-14",118,0,"COMPLETE",0,true
"RCP_004706","SHP_004814","PO_003188","BP_0015","BP","2023-08-14",196,0,"COMPLETE",2,true
"RCP_004707","SHP_004755","PO_001491","UO_0005","UO","2023-08-14",59,0,"PARTIAL",0,true
"RCP_004708","SHP_004693","PO_007339","FL_0008","FL","2023-08-14",20,0,"PARTIAL",2,true
"RCP_004709","SHP_004582","PO_001704","FL_0018","FL","2023-08-14",137,0,"COMPLETE",9,true
"RCP_004710","SHP_004631","PO_004817","UO_0019","UO","2023-08-14",78,0,"COMPLETE",6,true
"RCP_004711","SHP_004749","PO_009615","UO_0005","UO","2023-08-14",22,0,"COMPLETE",1,true
"RCP_004712","SHP_004777","PO_001231","FL_0005","FL","2023-08-14",102,0,"COMPLETE",0,true
"RCP_004713","SHP_004709","PO_007394","UO_0014","UO","2023-08-14",67,0,"COMPLETE",3,true
"RCP_004714","SHP_004792","PO_001632","FL_0001","FL","2023-08-14",139,0,"COMPLETE",-1,true
"RCP_004715","SHP_004771","PO_006029","UO_0005","UO","2023-08-14",171,0,"COMPLETE",-1,true
"RCP_004716","SHP_004830","PO_004308","BP_0006","BP","2023-08-14",24,0,"COMPLETE",1,true
"RCP_004717","SHP_004773","PO_010076","BP_0016","BP","2023-08-14",102,0,"COMPLETE",1,true
"RCP_004718","SHP_004770","PO_004768","FL_0006","FL","2023-08-15",154,0,"COMPLETE",2,true
"RCP_004719","SHP_004874","PO_008751","BP_0018","BP","2023-08-15",131,0,"COMPLETE",0,true
"RCP_004720","SHP_004776","PO_000963","UO_0007","UO","2023-08-15",116,0,"PARTIAL",-1,true
"RCP_004721","SHP_004810","PO_001043","FL_0018","FL","2023-08-15",84,0,"COMPLETE",-1,true
"RCP_004722","SHP_004772","PO_008197","FL_0008","FL","2023-08-15",12,0,"COMPLETE",2,true
"RCP_004723","SHP_004739","PO_001078","FL_0016","FL","2023-08-15",87,0,"COMPLETE",0,true
"RCP_004724","SHP_004628","PO_002317","BP_0001","BP","2023-08-15",170,0,"PARTIAL",2,true
"RCP_004725","SHP_004824","PO_001127","BP_0005","BP","2023-08-15",148,0,"COMPLETE",2,true
"RCP_004726","SHP_004722","PO_003570","FL_0004","FL","2023-08-15",73,0,"COMPLETE",1,true
"RCP_004727","SHP_004781","PO_003730","FL_0002","FL","2023-08-15",16,0,"COMPLETE",1,true
"RCP_004728","SHP_004787","PO_007255","FL_0010","FL","2023-08-15",128,0,"COMPLETE",1,true
"RCP_004729","SHP_004720","PO_001830","FL_0020","FL","2023-08-15",34,0,"COMPLETE",0,true
"RCP_004730","SHP_004803","PO_007652","FL_0016","FL","2023-08-15",19,0,"COMPLETE",0,true
"RCP_004731","SHP_004721","PO_002050","FL_0017","FL","2023-08-15",55,1,"PARTIAL",1,true
"RCP_004732","SHP_004671","PO_002975","BP_0016","BP","2023-08-15",26,0,"COMPLETE",-1,true
"RCP_004733","SHP_004779","PO_002002","FL_0003","FL","2023-08-15",93,0,"COMPLETE",1,true
"RCP_004734","SHP_004789","PO_000475","FL_0014","FL","2023-08-16",50,0,"COMPLETE",1,true
"RCP_004735","SHP_004682","PO_008679","BP_0017","BP","2023-08-16",65,0,"COMPLETE",4,true
"RCP_004736","SHP_004834","PO_005617","FL_0005","FL","2023-08-16",155,0,"COMPLETE",-1,true
"RCP_004737","SHP_004835","PO_005621","FL_0009","FL","2023-08-16",128,0,"COMPLETE",-1,true
"RCP_004738","SHP_004902","PO_007755","UO_0018","UO","2023-08-16",88,0,"COMPLETE",1,true
"RCP_004739","SHP_004806","PO_009421","FL_0018","FL","2023-08-16",166,0,"COMPLETE",1,true
"RCP_004740","SHP_004813","PO_002938","FL_0012","FL","2023-08-16",26,0,"COMPLETE",0,true
"RCP_004741","SHP_004891","PO_003149","BP_0018","BP","2023-08-16",183,0,"COMPLETE",-1,true
"RCP_004742","SHP_004853","PO_006335","BP_0009","BP","2023-08-16",78,0,"COMPLETE",-1,true
"RCP_004743","SHP_004797","PO_005677","FL_0019","FL","2023-08-16",112,0,"PARTIAL",1,true
"RCP_004744","SHP_004839","PO_007506","UO_0020","UO","2023-08-16",149,0,"COMPLETE",1,true
"RCP_004745","SHP_004788","PO_007572","FL_0020","FL","2023-08-16",88,0,"COMPLETE",2,true
"RCP_004746","SHP_004597","PO_006907","BP_0019","BP","2023-08-16",79,0,"PARTIAL",5,true
"RCP_004747","SHP_004809","PO_000775","BP_0007","BP","2023-08-16",101,0,"COMPLETE",0,true
"RCP_004748","SHP_004598","PO_006964","FL_0011","FL","2023-08-16",56,0,"COMPLETE",10,true
"RCP_004749","SHP_004577","PO_008304","FL_0013","FL","2023-08-16",125,0,"COMPLETE",12,true
"RCP_004750","SHP_004678","PO_007225","BP_0005","BP","2023-08-16",182,0,"PARTIAL",4,true
"RCP_004751","SHP_004843","PO_000050","FL_0003","FL","2023-08-17",23,0,"PARTIAL",-1,true
"RCP_004752","SHP_004807","PO_000119","BP_0002","BP","2023-08-17",173,0,"COMPLETE",1,true
"RCP_004753","SHP_004804","PO_008349","FL_0016","FL","2023-08-17",47,0,"COMPLETE",2,true
"RCP_004754","SHP_004848","PO_004393","FL_0014","FL","2023-08-17",35,0,"COMPLETE",-1,true
"RCP_004755","SHP_004611","PO_000958","FL_0003","FL","2023-08-17",22,0,"PARTIAL",10,true
"RCP_004756","SHP_004763","PO_007771","UO_0016","UO","2023-08-17",161,0,"COMPLETE",1,true
"RCP_004757","SHP_004613","PO_002228","BP_0020","BP","2023-08-17",77,0,"PARTIAL",9,true
"RCP_004758","SHP_004869","PO_008062","BP_0005","BP","2023-08-17",33,0,"COMPLETE",2,true
"RCP_004759","SHP_004683","PO_009152","FL_0009","FL","2023-08-17",41,0,"COMPLETE",6,true
"RCP_004760","SHP_004647","PO_009248","BP_0009","BP","2023-08-17",161,0,"COMPLETE",7,true
"RCP_004761","SHP_004687","PO_001125","FL_0011","FL","2023-08-17",87,0,"PARTIAL",5,true
"RCP_004762","SHP_004754","PO_001203","FL_0004","FL","2023-08-17",61,0,"COMPLETE",1,true
"RCP_004763","SHP_004769","PO_002958","UO_0007","UO","2023-08-17",70,0,"PARTIAL",2,true
"RCP_004764","SHP_004828","PO_003685","FL_0008","FL","2023-08-17",163,0,"COMPLETE",0,true
"RCP_004765","SHP_004638","PO_002509","UO_0005","UO","2023-08-17",104,0,"PARTIAL",8,true
"RCP_004766","SHP_004793","PO_002709","UO_0017","UO","2023-08-17",127,0,"COMPLETE",0,true
"RCP_004767","SHP_004841","PO_008213","FL_0011","FL","2023-08-17",104,0,"COMPLETE",0,true
"RCP_004768","SHP_004608","PO_009893","BP_0006","BP","2023-08-17",134,0,"PARTIAL",10,true
"RCP_004769","SHP_004791","PO_001620","FL_0018","FL","2023-08-17",146,0,"COMPLETE",2,true
"RCP_004770","SHP_004660","PO_007696","FL_0004","FL","2023-08-17",152,0,"PARTIAL",7,true
"RCP_004771","SHP_004595","PO_002524","FL_0001","FL","2023-08-17",154,0,"PARTIAL",11,true
"RCP_004772","SHP_004753","PO_000832","FL_0001","FL","2023-08-17",64,0,"PARTIAL",1,true
"RCP_004773","SHP_004732","PO_007803","UO_0010","UO","2023-08-17",74,0,"COMPLETE",5,true
"RCP_004774","SHP_004812","PO_002693","FL_0018","FL","2023-08-17",163,0,"COMPLETE",1,true
"RCP_004775","SHP_004852","PO_005654","UO_0014","UO","2023-08-18",20,0,"PARTIAL",2,true
"RCP_004776","SHP_004688","PO_001155","FL_0020","FL","2023-08-18",166,0,"COMPLETE",6,true
"RCP_004777","SHP_004624","PO_010197","FL_0006","FL","2023-08-18",52,0,"PARTIAL",11,true
"RCP_004778","SHP_004656","PO_003901","BP_0005","BP","2023-08-18",104,6,"PARTIAL",7,true
"RCP_004779","SHP_004740","PO_001426","UO_0007","UO","2023-08-18",15,0,"PARTIAL",3,true
"RCP_004780","SHP_004694","PO_007800","BP_0014","BP","2023-08-18",192,0,"COMPLETE",1,true
"RCP_004781","SHP_004900","PO_006569","BP_0002","BP","2023-08-18",162,0,"COMPLETE",1,true
"RCP_004782","SHP_004736","PO_000213","FL_0005","FL","2023-08-19",166,0,"COMPLETE",4,true
"RCP_004783","SHP_004816","PO_004969","BP_0017","BP","2023-08-19",12,1,"COMPLETE",4,true
"RCP_004784","SHP_004725","PO_004107","FL_0012","FL","2023-08-19",83,0,"PARTIAL",4,true
"RCP_004785","SHP_004786","PO_006515","UO_0019","UO","2023-08-19",134,0,"COMPLETE",3,true
"RCP_004786","SHP_004650","PO_000684","FL_0016","FL","2023-08-19",30,0,"PARTIAL",9,true
"RCP_004787","SHP_004932","PO_002216","BP_0017","BP","2023-08-19",72,0,"COMPLETE",-1,true
"RCP_004788","SHP_004844","PO_002273","UO_0002","UO","2023-08-19",199,0,"COMPLETE",3,true
"RCP_004789","SHP_004685","PO_010099","FL_0018","FL","2023-08-19",43,0,"COMPLETE",8,true
"RCP_004790","SHP_004885","PO_008944","FL_0013","FL","2023-08-19",74,0,"COMPLETE",-1,true
"RCP_004791","SHP_004889","PO_001652","BP_0001","BP","2023-08-19",114,0,"COMPLETE",-1,true
"RCP_004792","SHP_004866","PO_006932","FL_0019","FL","2023-08-19",88,0,"COMPLETE",0,true
"RCP_004793","SHP_004861","PO_003169","BP_0020","BP","2023-08-19",137,0,"COMPLETE",0,true
"RCP_004794","SHP_004729","PO_005647","BP_0012","BP","2023-08-19",189,0,"COMPLETE",0,true
"RCP_004795","SHP_004658","PO_005431","FL_0004","FL","2023-08-19",131,0,"COMPLETE",9,true
"RCP_004796","SHP_004820","PO_000289","FL_0007","FL","2023-08-19",183,0,"COMPLETE",2,true
"RCP_004797","SHP_004815","PO_004658","FL_0005","FL","2023-08-20",38,0,"PARTIAL",0,true
"RCP_004798","SHP_004759","PO_005283","FL_0005","FL","2023-08-20",121,0,"PARTIAL",4,true
"RCP_004799","SHP_004893","PO_004832","UO_0004","UO","2023-08-20",157,0,"COMPLETE",1,true
"RCP_004800","SHP_004894","PO_004892","FL_0007","FL","2023-08-20",195,0,"COMPLETE",-1,true
"RCP_004801","SHP_004724","PO_003952","FL_0001","FL","2023-08-20",113,0,"PARTIAL",6,true
"RCP_004802","SHP_004644","PO_008846","FL_0009","FL","2023-08-20",196,0,"COMPLETE",11,true
"RCP_004803","SHP_004855","PO_009267","FL_0019","FL","2023-08-20",72,0,"COMPLETE",2,true
"RCP_004804","SHP_004801","PO_007000","FL_0011","FL","2023-08-20",178,0,"COMPLETE",0,true
"RCP_004805","SHP_004750","PO_009932","FL_0016","FL","2023-08-20",123,0,"COMPLETE",5,true
"RCP_004806","SHP_004947","PO_008472","BP_0010","BP","2023-08-20",118,0,"PARTIAL",-1,true
"RCP_004807","SHP_004659","PO_007489","BP_0019","BP","2023-08-20",114,0,"COMPLETE",5,true
"RCP_004808","SHP_004774","PO_010198","FL_0014","FL","2023-08-20",128,0,"PARTIAL",2,true
"RCP_004809","SHP_004895","PO_005120","BP_0012","BP","2023-08-20",17,0,"COMPLETE",-1,true
"RCP_004810","SHP_004666","PO_009100","BP_0017","BP","2023-08-20",189,0,"COMPLETE",5,true
"RCP_004811","SHP_004796","PO_004792","UO_0001","UO","2023-08-21",110,0,"PARTIAL",4,true
"RCP_004812","SHP_004782","PO_003876","FL_0009","FL","2023-08-21",43,0,"COMPLETE",2,true
"RCP_004813","SHP_004745","PO_003918","FL_0001","FL","2023-08-21",47,0,"COMPLETE",6,true
"RCP_004814","SHP_004896","PO_005405","FL_0010","FL","2023-08-21",102,0,"COMPLETE",0,true
"RCP_004815","SHP_004912","PO_005610","FL_0007","FL","2023-08-21",60,0,"PARTIAL",-1,true
"RCP_004816","SHP_004867","PO_007576","FL_0020","FL","2023-08-21",198,0,"COMPLETE",2,true
"RCP_004817","SHP_004637","PO_001370","FL_0017","FL","2023-08-21",149,3,"COMPLETE",12,true
"RCP_004818","SHP_004701","PO_002926","FL_0006","FL","2023-08-21",19,0,"COMPLETE",8,true
"RCP_004819","SHP_004856","PO_009396","BP_0013","BP","2023-08-21",102,0,"PARTIAL",4,true
"RCP_004820","SHP_004714","PO_000917","FL_0001","FL","2023-08-21",167,0,"PARTIAL",7,true
"RCP_004821","SHP_004738","PO_000809","BP_0008","BP","2023-08-21",90,0,"COMPLETE",5,true
"RCP_004822","SHP_004914","PO_007437","BP_0003","BP","2023-08-21",129,0,"PARTIAL",-1,true
"RCP_004823","SHP_004908","PO_001556","BP_0018","BP","2023-08-21",121,0,"COMPLETE",0,true
"RCP_004824","SHP_004877","PO_003545","UO_0016","UO","2023-08-21",121,0,"PARTIAL",3,true
"RCP_004825","SHP_004802","PO_007012","FL_0017","FL","2023-08-21",17,0,"COMPLETE",1,true
"RCP_004826","SHP_004663","PO_008607","FL_0001","FL","2023-08-22",177,0,"COMPLETE",12,true
"RCP_004827","SHP_004928","PO_008742","BP_0009","BP","2023-08-22",122,0,"COMPLETE",-1,true
"RCP_004828","SHP_004857","PO_002254","BP_0020","BP","2023-08-22",88,0,"PARTIAL",3,true
"RCP_004829","SHP_004696","PO_008015","FL_0016","FL","2023-08-22",83,0,"PARTIAL",10,true
"RCP_004830","SHP_004840","PO_008097","FL_0006","FL","2023-08-22",31,0,"COMPLETE",0,true
"RCP_004831","SHP_004880","PO_006187","FL_0006","FL","2023-08-22",27,0,"COMPLETE",2,true
"RCP_004832","SHP_004920","PO_001329","UO_0010","UO","2023-08-22",57,0,"COMPLETE",1,true
"RCP_004833","SHP_004730","PO_007123","BP_0005","BP","2023-08-22",109,0,"PARTIAL",3,true
"RCP_004834","SHP_004838","PO_006871","UO_0009","UO","2023-08-22",131,0,"PARTIAL",3,true
"RCP_004835","SHP_004695","PO_007977","BP_0005","BP","2023-08-22",195,0,"COMPLETE",5,true
"RCP_004836","SHP_004645","PO_009020","BP_0013","BP","2023-08-22",91,0,"PARTIAL",12,true
"RCP_004837","SHP_004892","PO_004461","FL_0006","FL","2023-08-22",128,0,"COMPLETE",1,true
"RCP_004838","SHP_004906","PO_001187","FL_0019","FL","2023-08-22",166,0,"COMPLETE",0,true
"RCP_004839","SHP_004679","PO_007418","FL_0019","FL","2023-08-22",138,0,"PARTIAL",11,true
"RCP_004840","SHP_004883","PO_007650","UO_0004","UO","2023-08-22",51,0,"COMPLETE",4,true
"RCP_004841","SHP_004718","PO_001396","FL_0014","FL","2023-08-22",51,0,"COMPLETE",8,true
"RCP_004842","SHP_004708","PO_007191","FL_0005","FL","2023-08-22",151,0,"COMPLETE",9,true
"RCP_004843","SHP_004871","PO_008412","FL_0020","FL","2023-08-23",43,0,"PARTIAL",0,true
"RCP_004844","SHP_004976","PO_005615","BP_0015","BP","2023-08-23",81,0,"COMPLETE",0,true
"RCP_004845","SHP_004992","PO_004422","BP_0016","BP","2023-08-23",158,0,"COMPLETE",-1,true
"RCP_004846","SHP_004927","PO_008296","FL_0005","FL","2023-08-23",188,0,"COMPLETE",0,true
"RCP_004847","SHP_004858","PO_002388","FL_0004","FL","2023-08-23",82,0,"COMPLETE",-1,true
"RCP_004848","SHP_004737","PO_000598","BP_0009","BP","2023-08-23",98,0,"COMPLETE",3,true
"RCP_004849","SHP_004846","PO_003374","FL_0009","FL","2023-08-23",63,0,"COMPLETE",1,true
"RCP_004850","SHP_004743","PO_002749","BP_0006","BP","2023-08-23",121,4,"COMPLETE",7,true
"RCP_004851","SHP_004768","PO_001790","FL_0003","FL","2023-08-23",147,0,"PARTIAL",6,true
"RCP_004852","SHP_004864","PO_005897","FL_0003","FL","2023-08-23",166,0,"COMPLETE",-1,true
"RCP_004853","SHP_004904","PO_009650","FL_0010","FL","2023-08-23",86,0,"COMPLETE",2,true
"RCP_004854","SHP_004901","PO_007201","FL_0020","FL","2023-08-23",47,0,"COMPLETE",2,true
"RCP_004855","SHP_004897","PO_005626","FL_0014","FL","2023-08-23",60,0,"COMPLETE",2,true
"RCP_004856","SHP_004933","PO_003737","FL_0004","FL","2023-08-23",140,0,"COMPLETE",-1,true
"RCP_004857","SHP_004905","PO_010165","BP_0015","BP","2023-08-23",82,0,"COMPLETE",3,true
"RCP_004858","SHP_004872","PO_008444","FL_0014","FL","2023-08-24",34,0,"COMPLETE",0,true
"RCP_004859","SHP_004744","PO_003903","BP_0001","BP","2023-08-24",135,0,"COMPLETE",4,true
"RCP_004860","SHP_004746","PO_005503","UO_0019","UO","2023-08-24",64,0,"COMPLETE",9,true
"RCP_004861","SHP_004915","PO_007719","UO_0010","UO","2023-08-24",83,4,"COMPLETE",4,true
"RCP_004862","SHP_004790","PO_000994","UO_0007","UO","2023-08-24",107,0,"COMPLETE",5,true
"RCP_004863","SHP_004929","PO_009824","FL_0018","FL","2023-08-24",190,0,"COMPLETE",1,true
"RCP_004864","SHP_004925","PO_006109","FL_0013","FL","2023-08-24",90,0,"COMPLETE",1,true
"RCP_004865","SHP_004798","PO_006198","BP_0002","BP","2023-08-24",18,0,"COMPLETE",0,true
"RCP_004866","SHP_004862","PO_003846","BP_0005","BP","2023-08-24",173,0,"COMPLETE",5,true
"RCP_004867","SHP_004800","PO_006606","FL_0005","FL","2023-08-24",86,0,"COMPLETE",4,true
"RCP_004868","SHP_004948","PO_008917","FL_0007","FL","2023-08-24",119,3,"COMPLETE",-1,true
"RCP_004869","SHP_004972","PO_001796","BP_0006","BP","2023-08-24",183,0,"COMPLETE",1,true
"RCP_004870","SHP_004946","PO_007345","FL_0020","FL","2023-08-24",80,0,"COMPLETE",-1,true
"RCP_004871","SHP_004704","PO_003603","FL_0006","FL","2023-08-24",45,0,"COMPLETE",11,true
"RCP_004872","SHP_004955","PO_001232","UO_0016","UO","2023-08-24",145,0,"COMPLETE",0,true
"RCP_004873","SHP_004993","PO_004846","BP_0003","BP","2023-08-25",137,0,"COMPLETE",1,true
"RCP_004874","SHP_004966","PO_008188","FL_0020","FL","2023-08-25",85,0,"COMPLETE",-1,true
"RCP_004875","SHP_004734","PO_008250","BP_0017","BP","2023-08-25",31,0,"COMPLETE",10,true
"RCP_004876","SHP_004842","PO_009597","BP_0004","BP","2023-08-25",126,0,"COMPLETE",-1,true
"RCP_004877","SHP_004859","PO_002490","BP_0003","BP","2023-08-25",132,0,"COMPLETE",1,true
"RCP_004878","SHP_004909","PO_001915","UO_0015","UO","2023-08-25",104,0,"PARTIAL",5,true
"RCP_004879","SHP_004799","PO_006203","FL_0005","FL","2023-08-25",51,0,"COMPLETE",5,true
"RCP_004880","SHP_004931","PO_001384","UO_0007","UO","2023-08-25",139,0,"COMPLETE",3,true
"RCP_004881","SHP_004817","PO_006923","FL_0006","FL","2023-08-25",92,0,"PARTIAL",5,true
"RCP_004882","SHP_004778","PO_001530","BP_0015","BP","2023-08-25",193,0,"COMPLETE",6,true
"RCP_004883","SHP_004962","PO_005640","FL_0020","FL","2023-08-26",158,0,"COMPLETE",0,true
"RCP_004884","SHP_005008","PO_006501","BP_0005","BP","2023-08-26",120,0,"COMPLETE",1,true
"RCP_004885","SHP_004887","PO_009507","UO_0015","UO","2023-08-26",179,0,"COMPLETE",4,true
"RCP_004886","SHP_004836","PO_006418","FL_0020","FL","2023-08-26",55,0,"COMPLETE",5,true
"RCP_004887","SHP_005014","PO_002109","BP_0015","BP","2023-08-26",156,0,"COMPLETE",0,true
"RCP_004888","SHP_004981","PO_006968","FL_0010","FL","2023-08-26",112,0,"COMPLETE",-1,true
"RCP_004889","SHP_004888","PO_000768","UO_0016","UO","2023-08-26",193,0,"COMPLETE",3,true
"RCP_004890","SHP_004875","PO_009209","FL_0019","FL","2023-08-26",13,0,"COMPLETE",2,true
"RCP_004891","SHP_004818","PO_007344","FL_0020","FL","2023-08-26",122,0,"COMPLETE",5,true
"RCP_004892","SHP_004752","PO_000665","FL_0003","FL","2023-08-26",40,0,"COMPLETE",10,true
"RCP_004893","SHP_004958","PO_003590","FL_0019","FL","2023-08-26",90,0,"COMPLETE",0,true
"RCP_004894","SHP_004794","PO_002742","UO_0012","UO","2023-08-26",39,0,"COMPLETE",7,true
"RCP_004895","SHP_004825","PO_001369","FL_0003","FL","2023-08-26",24,0,"COMPLETE",5,true
"RCP_004896","SHP_004850","PO_005269","FL_0001","FL","2023-08-27",134,0,"PARTIAL",5,true
"RCP_004897","SHP_004831","PO_005318","FL_0019","FL","2023-08-27",91,0,"PARTIAL",5,true
"RCP_004898","SHP_004960","PO_004973","FL_0016","FL","2023-08-27",116,0,"COMPLETE",1,true
"RCP_004899","SHP_004938","PO_008326","UO_0012","UO","2023-08-27",34,0,"COMPLETE",5,true
"RCP_004900","SHP_005005","PO_005160","BP_0018","BP","2023-08-27",113,0,"COMPLETE",-1,true
"RCP_004901","SHP_004795","PO_004506","BP_0014","BP","2023-08-27",57,0,"COMPLETE",3,true
"RCP_004902","SHP_004870","PO_008229","BP_0008","BP","2023-08-27",15,0,"COMPLETE",-1,true
"RCP_004903","SHP_004748","PO_009553","FL_0006","FL","2023-08-27",23,0,"COMPLETE",12,true
"RCP_004904","SHP_005017","PO_009882","BP_0004","BP","2023-08-27",190,0,"COMPLETE",1,true
"RCP_004905","SHP_004999","PO_009962","FL_0014","FL","2023-08-27",175,0,"COMPLETE",-1,true
"RCP_004906","SHP_004823","PO_000651","FL_0014","FL","2023-08-27",127,0,"COMPLETE",5,true
"RCP_004907","SHP_004767","PO_001211","BP_0015","BP","2023-08-27",197,0,"COMPLETE",5,true
"RCP_004908","SHP_004921","PO_003297","FL_0013","FL","2023-08-27",35,0,"COMPLETE",0,true
"RCP_004909","SHP_004937","PO_006416","BP_0009","BP","2023-08-27",64,0,"PARTIAL",3,true
"RCP_004910","SHP_004811","PO_002495","BP_0005","BP","2023-08-27",111,0,"PARTIAL",6,true
"RCP_004911","SHP_004942","PO_002048","FL_0002","FL","2023-08-27",153,0,"COMPLETE",2,true
"RCP_004912","SHP_004886","PO_009204","UO_0005","UO","2023-08-27",181,0,"COMPLETE",5,true
"RCP_004913","SHP_004957","PO_001851","UO_0018","UO","2023-08-27",190,0,"COMPLETE",-1,true
"RCP_004914","SHP_004845","PO_002927","FL_0016","FL","2023-08-27",41,0,"COMPLETE",4,true
"RCP_004915","SHP_004879","PO_005930","FL_0019","FL","2023-08-27",169,0,"COMPLETE",3,true
"RCP_004916","SHP_004979","PO_006913","FL_0017","FL","2023-08-27",41,0,"COMPLETE",0,true
"RCP_004917","SHP_004837","PO_006710","FL_0013","FL","2023-08-27",163,0,"COMPLETE",6,true
"RCP_004918","SHP_004983","PO_000246","FL_0001","FL","2023-08-28",99,0,"PARTIAL",0,true
"RCP_004919","SHP_004952","PO_000425","FL_0014","FL","2023-08-28",111,0,"COMPLETE",2,true
"RCP_004920","SHP_005031","PO_000542","UO_0006","UO","2023-08-28",43,0,"COMPLETE",2,true
"RCP_004921","SHP_004847","PO_004241","FL_0009","FL","2023-08-28",173,0,"COMPLETE",6,true
"RCP_004922","SHP_004826","PO_002421","BP_0020","BP","2023-08-28",112,0,"COMPLETE",2,true
"RCP_004923","SHP_004819","PO_010073","BP_0010","BP","2023-08-28",30,0,"COMPLETE",3,true
"RCP_004924","SHP_004987","PO_002477","FL_0004","FL","2023-08-28",63,0,"COMPLETE",0,true
"RCP_004925","SHP_005001","PO_001932","BP_0015","BP","2023-08-28",158,0,"COMPLETE",0,true
"RCP_004926","SHP_004977","PO_006726","FL_0008","FL","2023-08-28",161,0,"COMPLETE",1,true
"RCP_004927","SHP_004758","PO_004330","BP_0002","BP","2023-08-28",67,0,"COMPLETE",11,true
"RCP_004928","SHP_004970","PO_001406","FL_0014","FL","2023-08-28",143,0,"COMPLETE",1,true
"RCP_004929","SHP_004884","PO_008119","FL_0013","FL","2023-08-28",163,0,"COMPLETE",3,true
"RCP_004930","SHP_004854","PO_006381","FL_0010","FL","2023-08-28",31,0,"COMPLETE",6,true
"RCP_004931","SHP_004822","PO_000388","UO_0020","UO","2023-08-29",118,0,"PARTIAL",8,true
"RCP_004932","SHP_004974","PO_005294","FL_0019","FL","2023-08-29",18,0,"PARTIAL",2,true
"RCP_004933","SHP_004995","PO_005310","FL_0009","FL","2023-08-29",175,0,"COMPLETE",1,true
"RCP_004934","SHP_004943","PO_003930","FL_0014","FL","2023-08-29",189,0,"COMPLETE",-1,true
"RCP_004935","SHP_004833","PO_005543","BP_0014","BP","2023-08-29",186,0,"COMPLETE",3,true
"RCP_004936","SHP_004903","PO_009291","BP_0005","BP","2023-08-29",97,0,"COMPLETE",-1,true
"RCP_004937","SHP_004988","PO_002989","FL_0012","FL","2023-08-29",127,0,"COMPLETE",1,true
"RCP_004938","SHP_004997","PO_005714","FL_0004","FL","2023-08-29",105,0,"COMPLETE",1,true
"RCP_004939","SHP_004934","PO_003873","FL_0013","FL","2023-08-29",18,0,"PARTIAL",0,true
"RCP_004940","SHP_005016","PO_005556","BP_0003","BP","2023-08-29",38,0,"COMPLETE",-1,true
"RCP_004941","SHP_004926","PO_007609","BP_0013","BP","2023-08-29",131,0,"PARTIAL",1,true
"RCP_004942","SHP_005064","PO_008839","BP_0014","BP","2023-08-29",107,0,"COMPLETE",0,true
"RCP_004943","SHP_005012","PO_000444","UO_0015","UO","2023-08-29",55,0,"COMPLETE",1,true
"RCP_004944","SHP_004996","PO_005482","FL_0012","FL","2023-08-29",42,0,"COMPLETE",1,true
"RCP_004945","SHP_004916","PO_007846","FL_0005","FL","2023-08-29",31,0,"PARTIAL",2,true
"RCP_004946","SHP_004827","PO_002446","FL_0008","FL","2023-08-29",32,0,"PARTIAL",8,true
"RCP_004947","SHP_004922","PO_003736","FL_0018","FL","2023-08-29",60,0,"COMPLETE",1,true
"RCP_004948","SHP_005042","PO_000179","BP_0013","BP","2023-08-30",159,0,"COMPLETE",1,true
"RCP_004949","SHP_004821","PO_000300","FL_0008","FL","2023-08-30",183,0,"COMPLETE",9,true
"RCP_004950","SHP_004924","PO_005231","FL_0011","FL","2023-08-30",74,0,"PARTIAL",3,true
"RCP_004951","SHP_005051","PO_003982","BP_0015","BP","2023-08-30",172,0,"COMPLETE",1,true
"RCP_004952","SHP_005011","PO_008596","BP_0015","BP","2023-08-30",148,0,"COMPLETE",1,true
"RCP_004953","SHP_005022","PO_002322","UO_0014","UO","2023-08-30",33,0,"COMPLETE",1,true
"RCP_004954","SHP_004969","PO_010020","FL_0018","FL","2023-08-30",61,0,"PARTIAL",-1,true
"RCP_004955","SHP_004936","PO_005999","FL_0013","FL","2023-08-30",198,0,"COMPLETE",1,true
"RCP_004956","SHP_004876","PO_001429","FL_0002","FL","2023-08-30",136,0,"COMPLETE",6,true
"RCP_004957","SHP_005000","PO_010128","FL_0019","FL","2023-08-30",199,0,"COMPLETE",2,true
"RCP_004958","SHP_005019","PO_001332","FL_0009","FL","2023-08-30",30,0,"COMPLETE",-1,true
"RCP_004959","SHP_004940","PO_010014","FL_0018","FL","2023-08-30",122,0,"COMPLETE",1,true
"RCP_004960","SHP_005009","PO_006836","UO_0005","UO","2023-08-30",25,0,"COMPLETE",3,true
"RCP_004961","SHP_004998","PO_005933","FL_0017","FL","2023-08-30",117,0,"COMPLETE",2,true
"RCP_004962","SHP_004775","PO_000852","UO_0007","UO","2023-08-30",168,0,"COMPLETE",12,true
"RCP_004963","SHP_005018","PO_000305","FL_0012","FL","2023-08-31",186,0,"COMPLETE",0,true
"RCP_004964","SHP_004951","PO_000321","FL_0002","FL","2023-08-31",82,0,"COMPLETE",1,true
"RCP_004965","SHP_004967","PO_008787","UO_0009","UO","2023-08-31",60,0,"PARTIAL",3,true
"RCP_004966","SHP_004965","PO_007079","UO_0002","UO","2023-08-31",123,0,"COMPLETE",3,true
"RCP_004967","SHP_004953","PO_001073","FL_0011","FL","2023-08-31",36,1,"COMPLETE",1,true
"RCP_004968","SHP_005027","PO_006402","FL_0016","FL","2023-08-31",34,0,"COMPLETE",0,true
"RCP_004969","SHP_004829","PO_003845","BP_0012","BP","2023-08-31",165,0,"COMPLETE",5,true
"RCP_004970","SHP_005037","PO_005908","FL_0012","FL","2023-08-31",134,0,"COMPLETE",-1,true
"RCP_004971","SHP_004890","PO_001998","FL_0006","FL","2023-08-31",18,0,"PARTIAL",6,true
"RCP_004972","SHP_004919","PO_001198","BP_0003","BP","2023-08-31",177,0,"COMPLETE",-1,true
"RCP_004973","SHP_004939","PO_009691","UO_0016","UO","2023-08-31",56,0,"PARTIAL",5,true
"RCP_004974","SHP_004882","PO_007308","FL_0019","FL","2023-08-31",125,0,"PARTIAL",7,true
"RCP_004975","SHP_004913","PO_007161","FL_0011","FL","2023-08-31",192,0,"COMPLETE",4,true
"RCP_004976","SHP_005045","PO_001447","BP_0018","BP","2023-08-31",74,2,"COMPLETE",-1,true
"RCP_004977","SHP_005010","PO_007346","FL_0011","FL","2023-08-31",92,0,"COMPLETE",2,true
"RCP_004978","SHP_004941","PO_001629","BP_0020","BP","2023-08-31",111,0,"COMPLETE",1,true
"RCP_004979","SHP_005055","PO_004887","BP_0002","BP","2023-09-01",111,0,"COMPLETE",0,true
"RCP_004980","SHP_004873","PO_008672","BP_0020","BP","2023-09-01",32,0,"COMPLETE",4,true
"RCP_004981","SHP_004935","PO_005532","FL_0007","FL","2023-09-01",80,0,"COMPLETE",3,true
"RCP_004982","SHP_004865","PO_006475","FL_0011","FL","2023-09-01",198,8,"COMPLETE",9,true
"RCP_004983","SHP_005053","PO_004523","FL_0016","FL","2023-09-01",110,0,"PARTIAL",-1,true
"RCP_004984","SHP_005034","PO_004530","FL_0010","FL","2023-09-01",191,0,"COMPLETE",0,true
"RCP_004985","SHP_004950","PO_010033","BP_0013","BP","2023-09-01",190,0,"COMPLETE",2,true
"RCP_004986","SHP_005077","PO_000648","BP_0012","BP","2023-09-01",129,0,"COMPLETE",1,true
"RCP_004987","SHP_004860","PO_003108","FL_0017","FL","2023-09-01",13,0,"PARTIAL",9,true
"RCP_004988","SHP_004971","PO_001731","BP_0019","BP","2023-09-01",25,0,"COMPLETE",5,true
"RCP_004989","SHP_005081","PO_001713","BP_0019","BP","2023-09-01",111,0,"COMPLETE",1,true
"RCP_004990","SHP_004918","PO_009406","FL_0002","FL","2023-09-01",108,0,"PARTIAL",6,true
"RCP_004991","SHP_005036","PO_005252","FL_0010","FL","2023-09-01",76,0,"COMPLETE",0,true
"RCP_004992","SHP_005058","PO_006834","FL_0008","FL","2023-09-01",56,0,"COMPLETE",-1,true
"RCP_004993","SHP_005040","PO_009090","FL_0018","FL","2023-09-01",95,0,"COMPLETE",0,true
"RCP_004994","SHP_004878","PO_004681","UO_0004","UO","2023-09-02",191,0,"COMPLETE",9,true
"RCP_004995","SHP_005004","PO_004777","FL_0008","FL","2023-09-02",116,0,"COMPLETE",0,true
"RCP_004996","SHP_004832","PO_005357","FL_0004","FL","2023-09-02",110,3,"COMPLETE",12,true
"RCP_004997","SHP_005025","PO_005372","FL_0002","FL","2023-09-02",114,0,"COMPLETE",2,true
"RCP_004998","SHP_005093","PO_002393","BP_0014","BP","2023-09-02",143,0,"COMPLETE",1,true
"RCP_004999","SHP_004930","PO_009849","FL_0007","FL","2023-09-02",79,0,"COMPLETE",6,true
"RCP_005000","SHP_005049","PO_003194","FL_0016","FL","2023-09-02",149,0,"PARTIAL",0,true
"RCP_005001","SHP_004945","PO_007335","FL_0002","FL","2023-09-02",93,0,"COMPLETE",4,true
"RCP_005002","SHP_005135","PO_001860","UO_0015","UO","2023-09-02",52,0,"COMPLETE",-1,true
"RCP_005003","SHP_005038","PO_007643","FL_0018","FL","2023-09-02",194,0,"COMPLETE",1,true
"RCP_005004","SHP_005026","PO_005433","FL_0019","FL","2023-09-02",187,0,"COMPLETE",2,true
"RCP_005005","SHP_005028","PO_007314","FL_0002","FL","2023-09-02",110,0,"COMPLETE",2,true
"RCP_005006","SHP_005080","PO_001315","BP_0006","BP","2023-09-02",120,0,"COMPLETE",-1,true
"RCP_005007","SHP_005090","PO_000210","UO_0009","UO","2023-09-03",148,0,"COMPLETE",0,true
"RCP_005008","SHP_005076","PO_000432","FL_0006","FL","2023-09-03",147,0,"COMPLETE",-1,true
"RCP_005009","SHP_005003","PO_004318","UO_0006","UO","2023-09-03",106,0,"COMPLETE",1,true
"RCP_005010","SHP_005039","PO_007761","FL_0012","FL","2023-09-03",137,0,"COMPLETE",2,true
"RCP_005011","SHP_005106","PO_007881","BP_0012","BP","2023-09-03",122,0,"COMPLETE",1,true
"RCP_005012","SHP_005061","PO_008073","BP_0015","BP","2023-09-03",49,0,"COMPLETE",1,true
"RCP_005013","SHP_005101","PO_009698","UO_0012","UO","2023-09-03",150,0,"COMPLETE",0,true
"RCP_005014","SHP_004899","PO_006303","BP_0008","BP","2023-09-03",114,0,"PARTIAL",4,true
"RCP_005015","SHP_005084","PO_006859","FL_0003","FL","2023-09-03",148,0,"COMPLETE",-1,true
"RCP_005016","SHP_005063","PO_008783","FL_0008","FL","2023-09-03",140,6,"COMPLETE",1,true
"RCP_005017","SHP_005070","PO_004756","UO_0005","UO","2023-09-04",146,0,"PARTIAL",-1,true
"RCP_005018","SHP_005062","PO_008490","FL_0014","FL","2023-09-04",37,0,"COMPLETE",2,true
"RCP_005019","SHP_004961","PO_005589","FL_0018","FL","2023-09-04",170,0,"PARTIAL",4,true
"RCP_005020","SHP_005100","PO_007916","FL_0010","FL","2023-09-04",37,0,"COMPLETE",-1,true
"RCP_005021","SHP_004868","PO_008030","UO_0013","UO","2023-09-04",80,0,"PARTIAL",12,true
"RCP_005022","SHP_005126","PO_009122","BP_0008","BP","2023-09-04",160,0,"COMPLETE",0,true
"RCP_005023","SHP_004911","PO_003717","FL_0020","FL","2023-09-04",124,0,"PARTIAL",9,true
"RCP_005024","SHP_004959","PO_003830","BP_0008","BP","2023-09-04",16,0,"COMPLETE",4,true
"RCP_005025","SHP_005071","PO_005826","UO_0017","UO","2023-09-04",116,0,"COMPLETE",-1,true
"RCP_005026","SHP_004978","PO_006845","BP_0008","BP","2023-09-04",101,0,"COMPLETE",3,true
"RCP_005027","SHP_005044","PO_001082","FL_0017","FL","2023-09-04",36,0,"COMPLETE",2,true
"RCP_005028","SHP_004990","PO_003495","FL_0020","FL","2023-09-04",132,0,"COMPLETE",2,true
"RCP_005029","SHP_004863","PO_005747","FL_0005","FL","2023-09-04",44,0,"PARTIAL",12,true
"RCP_005030","SHP_005141","PO_005312","BP_0015","BP","2023-09-04",189,0,"COMPLETE",-1,true
"RCP_005031","SHP_005095","PO_003970","FL_0004","FL","2023-09-05",56,1,"COMPLETE",0,true
"RCP_005032","SHP_005114","PO_009430","BP_0010","BP","2023-09-05",160,0,"COMPLETE",2,true
"RCP_005033","SHP_004989","PO_003112","FL_0006","FL","2023-09-05",80,0,"PARTIAL",4,true
"RCP_005034","SHP_004898","PO_006231","BP_0003","BP","2023-09-05",122,0,"PARTIAL",10,true
"RCP_005035","SHP_005124","PO_006332","BP_0006","BP","2023-09-05",189,0,"COMPLETE",1,true
"RCP_005036","SHP_004881","PO_006609","BP_0009","BP","2023-09-05",172,0,"PARTIAL",11,true
"RCP_005037","SHP_004994","PO_005132","BP_0002","BP","2023-09-05",82,0,"PARTIAL",3,true
"RCP_005038","SHP_004917","PO_007869","FL_0017","FL","2023-09-05",15,1,"PARTIAL",10,true
"RCP_005039","SHP_005074","PO_009725","BP_0012","BP","2023-09-05",183,0,"COMPLETE",2,true
"RCP_005040","SHP_005088","PO_009737","FL_0009","FL","2023-09-05",85,0,"COMPLETE",1,true
"RCP_005041","SHP_005092","PO_000785","BP_0005","BP","2023-09-05",91,3,"COMPLETE",1,true
"RCP_005042","SHP_005115","PO_000411","UO_0008","UO","2023-09-06",21,0,"COMPLETE",0,true
"RCP_005043","SHP_005054","PO_004692","FL_0002","FL","2023-09-06",143,0,"COMPLETE",0,true
"RCP_005044","SHP_004923","PO_004896","BP_0008","BP","2023-09-06",83,3,"COMPLETE",9,true
"RCP_005045","SHP_004975","PO_005441","FL_0014","FL","2023-09-06",74,0,"PARTIAL",6,true
"RCP_005046","SHP_004907","PO_001327","UO_0006","UO","2023-09-06",161,0,"COMPLETE",11,true
"RCP_005047","SHP_005035","PO_004991","UO_0008","UO","2023-09-06",172,0,"COMPLETE",3,true
"RCP_005048","SHP_004964","PO_006694","FL_0012","FL","2023-09-06",117,0,"COMPLETE",7,true
"RCP_005049","SHP_005091","PO_000304","UO_0007","UO","2023-09-07",63,0,"COMPLETE",4,true
"RCP_005050","SHP_005160","PO_008723","BP_0007","BP","2023-09-07",42,0,"COMPLETE",1,true
"RCP_005051","SHP_005069","PO_003991","FL_0007","FL","2023-09-07",34,0,"PARTIAL",0,true
"RCP_005052","SHP_004910","PO_002368","FL_0007","FL","2023-09-07",101,0,"COMPLETE",12,true
"RCP_005053","SHP_005108","PO_010095","BP_0019","BP","2023-09-07",185,6,"COMPLETE",1,true
"RCP_005054","SHP_005111","PO_006627","FL_0008","FL","2023-09-07",189,0,"COMPLETE",0,true
"RCP_005055","SHP_005201","PO_008867","UO_0008","UO","2023-09-07",14,0,"COMPLETE",0,true
"RCP_005056","SHP_005057","PO_005827","BP_0013","BP","2023-09-07",148,0,"COMPLETE",5,true
"RCP_005057","SHP_005033","PO_001264","FL_0008","FL","2023-09-07",79,0,"COMPLETE",1,true
"RCP_005058","SHP_004968","PO_009870","BP_0003","BP","2023-09-07",52,0,"COMPLETE",3,true
"RCP_005059","SHP_005089","PO_009981","UO_0006","UO","2023-09-07",47,0,"COMPLETE",5,true
"RCP_005060","SHP_005065","PO_000452","FL_0006","FL","2023-09-08",48,0,"COMPLETE",1,true
"RCP_005061","SHP_005015","PO_004772","BP_0003","BP","2023-09-08",158,0,"COMPLETE",0,true
"RCP_005062","SHP_004991","PO_003915","FL_0019","FL","2023-09-08",90,0,"PARTIAL",7,true
"RCP_005063","SHP_004944","PO_005167","BP_0009","BP","2023-09-08",15,0,"PARTIAL",9,true
"RCP_005064","SHP_005006","PO_005493","FL_0001","FL","2023-09-08",59,0,"COMPLETE",6,true
"RCP_005065","SHP_005013","PO_000657","BP_0004","BP","2023-09-08",123,0,"COMPLETE",4,true
"RCP_005066","SHP_004956","PO_001250","BP_0019","BP","2023-09-08",94,0,"COMPLETE",8,true
"RCP_005067","SHP_005086","PO_007534","FL_0002","FL","2023-09-08",157,0,"COMPLETE",0,true
"RCP_005068","SHP_004949","PO_009272","FL_0011","FL","2023-09-08",116,0,"COMPLETE",10,true
"RCP_005069","SHP_005107","PO_009404","FL_0006","FL","2023-09-08",21,0,"COMPLETE",2,true
"RCP_005070","SHP_005078","PO_000970","FL_0009","FL","2023-09-08",147,0,"COMPLETE",0,true
"RCP_005071","SHP_005112","PO_007528","BP_0004","BP","2023-09-08",29,0,"COMPLETE",1,true
"RCP_005072","SHP_005024","PO_002503","BP_0004","BP","2023-09-08",46,0,"COMPLETE",-1,true
"RCP_005073","SHP_005144","PO_005935","UO_0014","UO","2023-09-08",46,0,"COMPLETE",1,true
"RCP_005074","SHP_005178","PO_000416","UO_0016","UO","2023-09-09",52,0,"PARTIAL",-1,true
"RCP_005075","SHP_005158","PO_008338","FL_0002","FL","2023-09-09",102,0,"PARTIAL",-1,true
"RCP_005076","SHP_005030","PO_008537","FL_0009","FL","2023-09-09",49,0,"PARTIAL",4,true
"RCP_005077","SHP_005153","PO_000985","UO_0002","UO","2023-09-09",39,0,"COMPLETE",1,true
"RCP_005078","SHP_004954","PO_001167","FL_0014","FL","2023-09-09",162,0,"COMPLETE",10,true
"RCP_005079","SHP_005151","PO_009984","FL_0020","FL","2023-09-09",184,0,"COMPLETE",0,true
"RCP_005080","SHP_004963","PO_005963","BP_0014","BP","2023-09-09",15,0,"COMPLETE",5,true
"RCP_005081","SHP_005109","PO_002107","UO_0020","UO","2023-09-09",158,0,"COMPLETE",4,true
"RCP_005082","SHP_005170","PO_007509","UO_0007","UO","2023-09-09",168,0,"COMPLETE",0,true
"RCP_005083","SHP_005155","PO_002423","FL_0004","FL","2023-09-09",89,0,"COMPLETE",-1,true
"RCP_005084","SHP_005105","PO_002826","BP_0001","BP","2023-09-09",119,0,"COMPLETE",4,true
"RCP_005085","SHP_005117","PO_002010","FL_0003","FL","2023-09-09",68,0,"COMPLETE",1,true
"RCP_005086","SHP_005239","PO_001501","UO_0020","UO","2023-09-09",53,0,"PARTIAL",-1,true
"RCP_005087","SHP_005048","PO_002481","BP_0006","BP","2023-09-09",75,0,"PARTIAL",2,true
"RCP_005088","SHP_005050","PO_003788","UO_0008","UO","2023-09-09",44,0,"PARTIAL",5,true
"RCP_005089","SHP_005132","PO_000694","UO_0014","UO","2023-09-09",69,0,"COMPLETE",2,true
"RCP_005090","SHP_005134","PO_001712","BP_0002","BP","2023-09-09",163,0,"COMPLETE",1,true
"RCP_005091","SHP_005087","PO_008301","FL_0019","FL","2023-09-09",13,1,"COMPLETE",1,true
"RCP_005092","SHP_005056","PO_005686","FL_0003","FL","2023-09-09",66,0,"COMPLETE",3,true
"RCP_005093","SHP_005131","PO_000290","FL_0013","FL","2023-09-10",185,0,"COMPLETE",1,true
"RCP_005094","SHP_005007","PO_005547","FL_0016","FL","2023-09-10",137,0,"PARTIAL",8,true
"RCP_005095","SHP_005148","PO_008033","BP_0009","BP","2023-09-10",19,1,"PARTIAL",2,true
"RCP_005096","SHP_005102","PO_009702","FL_0009","FL","2023-09-10",35,0,"COMPLETE",0,true
"RCP_005097","SHP_005130","PO_009706","BP_0015","BP","2023-09-10",94,0,"COMPLETE",2,true
"RCP_005098","SHP_005154","PO_001379","UO_0003","UO","2023-09-10",68,0,"COMPLETE",2,true
"RCP_005099","SHP_005147","PO_006837","FL_0008","FL","2023-09-10",62,0,"COMPLETE",1,true
"RCP_005100","SHP_005194","PO_000859","UO_0007","UO","2023-09-10",22,0,"PARTIAL",-1,true
"RCP_005101","SHP_005231","PO_005807","BP_0008","BP","2023-09-10",166,0,"COMPLETE",-1,true
"RCP_005102","SHP_005002","PO_002537","FL_0009","FL","2023-09-10",58,0,"PARTIAL",8,true
"RCP_005103","SHP_005258","PO_004788","UO_0014","UO","2023-09-11",35,2,"COMPLETE",0,true
"RCP_005104","SHP_005110","PO_003922","BP_0020","BP","2023-09-11",198,0,"COMPLETE",5,true
"RCP_005105","SHP_005168","PO_005189","BP_0017","BP","2023-09-11",24,0,"COMPLETE",1,true
"RCP_005106","SHP_005187","PO_005553","BP_0005","BP","2023-09-11",42,0,"COMPLETE",0,true
"RCP_005107","SHP_004986","PO_002250","FL_0009","FL","2023-09-11",12,0,"PARTIAL",10,true
"RCP_005108","SHP_005192","PO_009220","BP_0009","BP","2023-09-11",42,0,"COMPLETE",0,true
"RCP_005109","SHP_005137","PO_002349","BP_0009","BP","2023-09-11",87,0,"PARTIAL",3,true
"RCP_005110","SHP_004973","PO_003000","FL_0020","FL","2023-09-11",189,0,"COMPLETE",11,true
"RCP_005111","SHP_005246","PO_008936","UO_0003","UO","2023-09-11",147,2,"COMPLETE",1,true
"RCP_005112","SHP_004982","PO_009524","FL_0008","FL","2023-09-11",15,0,"COMPLETE",11,true
"RCP_005113","SHP_005200","PO_006935","BP_0017","BP","2023-09-11",127,0,"COMPLETE",2,true
"RCP_005114","SHP_005238","PO_001390","BP_0016","BP","2023-09-11",95,1,"COMPLETE",-1,true
"RCP_005115","SHP_005190","PO_008471","BP_0015","BP","2023-09-11",113,0,"COMPLETE",-1,true
"RCP_005116","SHP_005094","PO_002730","FL_0001","FL","2023-09-11",86,0,"PARTIAL",2,true
"RCP_005117","SHP_005021","PO_001623","FL_0006","FL","2023-09-11",122,0,"PARTIAL",7,true
"RCP_005118","SHP_005103","PO_000132","UO_0015","UO","2023-09-12",60,0,"COMPLETE",2,true
"RCP_005119","SHP_005177","PO_000185","BP_0014","BP","2023-09-12",39,0,"COMPLETE",1,true
"RCP_005120","SHP_005052","PO_004100","FL_0009","FL","2023-09-12",83,0,"PARTIAL",6,true
"RCP_005121","SHP_005029","PO_008066","BP_0008","BP","2023-09-12",184,9,"COMPLETE",3,true
"RCP_005122","SHP_005174","PO_009118","FL_0007","FL","2023-09-12",175,0,"PARTIAL",1,true
"RCP_005123","SHP_005118","PO_002276","UO_0017","UO","2023-09-12",141,0,"PARTIAL",2,true
"RCP_005124","SHP_005041","PO_009750","BP_0008","BP","2023-09-12",70,0,"COMPLETE",2,true
"RCP_005125","SHP_004985","PO_002124","FL_0002","FL","2023-09-12",30,0,"PARTIAL",11,true
"RCP_005126","SHP_005099","PO_006822","FL_0018","FL","2023-09-12",78,0,"COMPLETE",2,true
"RCP_005127","SHP_005146","PO_006832","BP_0015","BP","2023-09-12",185,0,"COMPLETE",4,true
"RCP_005128","SHP_005227","PO_003774","UO_0014","UO","2023-09-12",70,0,"PARTIAL",-1,true
"RCP_005129","SHP_005191","PO_008891","UO_0006","UO","2023-09-12",66,0,"COMPLETE",2,true
"RCP_005130","SHP_004980","PO_006929","FL_0014","FL","2023-09-12",46,0,"PARTIAL",12,true
"RCP_005131","SHP_005179","PO_000446","BP_0019","BP","2023-09-12",26,0,"COMPLETE",0,true
"RCP_005132","SHP_004984","PO_000577","FL_0013","FL","2023-09-12",50,0,"PARTIAL",11,true
"RCP_005133","SHP_005183","PO_002796","BP_0009","BP","2023-09-12",96,0,"COMPLETE",0,true
"RCP_005134","SHP_005083","PO_005275","FL_0012","FL","2023-09-13",166,0,"COMPLETE",5,true
"RCP_005135","SHP_005150","PO_008786","BP_0003","BP","2023-09-13",84,0,"PARTIAL",4,true
"RCP_005136","SHP_005113","PO_007855","BP_0015","BP","2023-09-13",175,5,"COMPLETE",1,true
"RCP_005137","SHP_005172","PO_008068","UO_0004","UO","2023-09-13",37,0,"COMPLETE",4,true
"RCP_005138","SHP_005068","PO_002475","FL_0005","FL","2023-09-13",62,0,"COMPLETE",6,true
"RCP_005139","SHP_005059","PO_007297","BP_0018","BP","2023-09-13",34,0,"COMPLETE",2,true
"RCP_005140","SHP_005235","PO_009816","UO_0018","UO","2023-09-13",58,0,"COMPLETE",0,true
"RCP_005141","SHP_005138","PO_003785","FL_0009","FL","2023-09-13",177,0,"COMPLETE",-1,true
"RCP_005142","SHP_005072","PO_007422","FL_0001","FL","2023-09-13",129,0,"COMPLETE",5,true
"RCP_005143","SHP_005082","PO_002913","BP_0005","BP","2023-09-13",166,0,"COMPLETE",4,true
"RCP_005144","SHP_005066","PO_000758","FL_0016","FL","2023-09-13",101,0,"COMPLETE",5,true
"RCP_005145","SHP_005199","PO_005648","BP_0010","BP","2023-09-13",64,0,"COMPLETE",1,true
"RCP_005146","SHP_005075","PO_000107","BP_0009","BP","2023-09-14",31,0,"COMPLETE",1,true
"RCP_005147","SHP_005043","PO_000227","BP_0012","BP","2023-09-14",77,0,"PARTIAL",7,true
"RCP_005148","SHP_005139","PO_004623","BP_0005","BP","2023-09-14",117,0,"COMPLETE",5,true
"RCP_005149","SHP_005073","PO_008322","BP_0003","BP","2023-09-14",139,0,"COMPLETE",6,true
"RCP_005150","SHP_005167","PO_004049","BP_0007","BP","2023-09-14",76,0,"PARTIAL",3,true
"RCP_005151","SHP_005228","PO_004065","FL_0014","FL","2023-09-14",14,0,"COMPLETE",-1,true
"RCP_005152","SHP_005211","PO_005390","BP_0002","BP","2023-09-14",123,0,"COMPLETE",0,true
"RCP_005153","SHP_005286","PO_004221","BP_0010","BP","2023-09-14",35,0,"COMPLETE",-1,true
"RCP_005154","SHP_005209","PO_004356","FL_0005","FL","2023-09-14",195,0,"COMPLETE",0,true
"RCP_005155","SHP_005268","PO_000686","BP_0004","BP","2023-09-14",12,0,"COMPLETE",0,true
"RCP_005156","SHP_005254","PO_001514","BP_0005","BP","2023-09-14",175,0,"COMPLETE",1,true
"RCP_005157","SHP_005274","PO_005937","UO_0016","UO","2023-09-14",62,0,"COMPLETE",2,true
"RCP_005158","SHP_005197","PO_002853","BP_0014","BP","2023-09-14",108,0,"COMPLETE",1,true
"RCP_005159","SHP_005184","PO_003005","FL_0020","FL","2023-09-14",138,5,"COMPLETE",2,true
"RCP_005160","SHP_005085","PO_006993","BP_0006","BP","2023-09-14",25,0,"COMPLETE",1,true
"RCP_005161","SHP_005212","PO_005951","UO_0009","UO","2023-09-14",42,0,"COMPLETE",2,true
"RCP_005162","SHP_005283","PO_002409","BP_0002","BP","2023-09-14",63,0,"COMPLETE",-1,true
"RCP_005163","SHP_005023","PO_002395","FL_0005","FL","2023-09-14",160,0,"COMPLETE",10,true
"RCP_005164","SHP_005236","PO_000546","FL_0017","FL","2023-09-15",19,0,"COMPLETE",-1,true
"RCP_005165","SHP_005162","PO_009832","UO_0020","UO","2023-09-15",17,0,"COMPLETE",3,true
"RCP_005166","SHP_005241","PO_003242","FL_0003","FL","2023-09-15",119,0,"COMPLETE",-1,true
"RCP_005167","SHP_005020","PO_001459","FL_0002","FL","2023-09-15",108,0,"PARTIAL",11,true
"RCP_005168","SHP_005185","PO_004685","UO_0018","UO","2023-09-15",107,0,"COMPLETE",5,true
"RCP_005169","SHP_005260","PO_006201","BP_0014","BP","2023-09-15",45,0,"COMPLETE",-1,true
"RCP_005170","SHP_005233","PO_007500","BP_0017","BP","2023-09-15",9,0,"PARTIAL",1,true
"RCP_005171","SHP_005291","PO_006688","UO_0020","UO","2023-09-15",89,0,"COMPLETE",2,true
"RCP_005172","SHP_005198","PO_003210","BP_0002","BP","2023-09-15",133,0,"COMPLETE",2,true
"RCP_005173","SHP_005314","PO_004001","BP_0003","BP","2023-09-16",102,1,"COMPLETE",-1,true
"RCP_005174","SHP_005216","PO_008194","FL_0007","FL","2023-09-16",64,0,"COMPLETE",2,true
"RCP_005175","SHP_005217","PO_009299","UO_0013","UO","2023-09-16",131,0,"COMPLETE",4,true
"RCP_005176","SHP_005240","PO_002372","FL_0010","FL","2023-09-16",66,0,"COMPLETE",0,true
"RCP_005177","SHP_005278","PO_009842","BP_0004","BP","2023-09-16",89,0,"COMPLETE",2,true
"RCP_005178","SHP_005267","PO_010129","BP_0014","BP","2023-09-16",104,0,"COMPLETE",0,true
"RCP_005179","SHP_005224","PO_002560","FL_0007","FL","2023-09-16",192,0,"COMPLETE",1,true
"RCP_005180","SHP_005222","PO_002290","FL_0018","FL","2023-09-16",115,0,"COMPLETE",1,true
"RCP_005181","SHP_005208","PO_004256","FL_0020","FL","2023-09-16",67,0,"COMPLETE",2,true
"RCP_005182","SHP_005307","PO_005843","BP_0018","BP","2023-09-16",109,0,"COMPLETE",0,true
"RCP_005183","SHP_005157","PO_007103","UO_0013","UO","2023-09-16",147,0,"COMPLETE",4,true
"RCP_005184","SHP_005060","PO_007416","BP_0008","BP","2023-09-16",90,0,"COMPLETE",5,true
"RCP_005185","SHP_005120","PO_004323","FL_0012","FL","2023-09-17",159,0,"COMPLETE",4,true
"RCP_005186","SHP_005263","PO_008099","FL_0002","FL","2023-09-17",172,0,"COMPLETE",0,true
"RCP_005187","SHP_005032","PO_001261","FL_0012","FL","2023-09-17",83,0,"COMPLETE",12,true
"RCP_005188","SHP_005288","PO_005757","UO_0010","UO","2023-09-17",119,0,"COMPLETE",0,true
"RCP_005189","SHP_005205","PO_001688","UO_0008","UO","2023-09-17",160,0,"COMPLETE",1,true
"RCP_005190","SHP_005210","PO_004924","BP_0010","BP","2023-09-17",134,0,"COMPLETE",4,true
"RCP_005191","SHP_005046","PO_002007","FL_0002","FL","2023-09-17",12,0,"COMPLETE",11,true
"RCP_005192","SHP_005292","PO_007731","UO_0008","UO","2023-09-17",167,0,"COMPLETE",0,true
"RCP_005193","SHP_005123","PO_005020","FL_0001","FL","2023-09-17",23,0,"COMPLETE",4,true
"RCP_005194","SHP_005067","PO_001958","BP_0010","BP","2023-09-17",32,0,"PARTIAL",5,true
"RCP_005195","SHP_005298","PO_000926","BP_0014","BP","2023-09-17",113,0,"COMPLETE",1,true
"RCP_005196","SHP_005143","PO_005790","FL_0011","FL","2023-09-17",115,0,"PARTIAL",4,true
"RCP_005197","SHP_005097","PO_006154","FL_0009","FL","2023-09-17",142,0,"PARTIAL",8,true
"RCP_005198","SHP_005127","PO_009160","FL_0007","FL","2023-09-17",138,0,"PARTIAL",5,true
"RCP_005199","SHP_005250","PO_000363","UO_0015","UO","2023-09-18",30,0,"COMPLETE",3,true
"RCP_005200","SHP_005186","PO_004729","FL_0001","FL","2023-09-18",171,0,"PARTIAL",2,true
"RCP_005201","SHP_005140","PO_005296","BP_0016","BP","2023-09-18",167,0,"COMPLETE",0,true
"RCP_005202","SHP_005156","PO_006454","BP_0004","BP","2023-09-18",166,0,"COMPLETE",3,true
"RCP_005203","SHP_005047","PO_002350","FL_0002","FL","2023-09-18",86,0,"COMPLETE",12,true
"RCP_005204","SHP_005253","PO_001401","FL_0010","FL","2023-09-18",29,0,"COMPLETE",1,true
"RCP_005205","SHP_005181","PO_001266","UO_0009","UO","2023-09-18",162,0,"COMPLETE",4,true
"RCP_005206","SHP_005182","PO_002441","FL_0013","FL","2023-09-18",199,0,"COMPLETE",2,true
"RCP_005207","SHP_005248","PO_000040","UO_0015","UO","2023-09-19",183,0,"COMPLETE",4,true
"RCP_005208","SHP_005279","PO_000309","FL_0020","FL","2023-09-19",29,0,"COMPLETE",0,true
"RCP_005209","SHP_005096","PO_005061","FL_0011","FL","2023-09-19",143,0,"PARTIAL",10,true
"RCP_005210","SHP_005242","PO_005473","UO_0005","UO","2023-09-19",189,0,"COMPLETE",1,true
"RCP_005211","SHP_005214","PO_006461","FL_0014","FL","2023-09-19",60,0,"COMPLETE",0,true
"RCP_005212","SHP_005293","PO_008093","BP_0018","BP","2023-09-19",12,0,"COMPLETE",1,true
"RCP_005213","SHP_005161","PO_009194","FL_0002","FL","2023-09-19",178,0,"COMPLETE",5,true
"RCP_005214","SHP_005122","PO_004481","BP_0014","BP","2023-09-19",98,2,"COMPLETE",2,true
"RCP_005215","SHP_005333","PO_005780","UO_0002","UO","2023-09-19",108,0,"COMPLETE",2,true
"RCP_005216","SHP_005255","PO_001776","FL_0016","FL","2023-09-19",65,0,"COMPLETE",2,true
"RCP_005217","SHP_005152","PO_010104","BP_0005","BP","2023-09-19",88,0,"COMPLETE",1,true
"RCP_005218","SHP_005249","PO_000297","BP_0002","BP","2023-09-20",114,0,"COMPLETE",3,true
"RCP_005219","SHP_005079","PO_001023","FL_0019","FL","2023-09-20",160,0,"COMPLETE",12,true
"RCP_005220","SHP_005176","PO_009407","FL_0012","FL","2023-09-20",123,0,"COMPLETE",4,true
"RCP_005221","SHP_005273","PO_003519","FL_0020","FL","2023-09-20",137,0,"COMPLETE",2,true
"RCP_005222","SHP_005226","PO_002868","FL_0016","FL","2023-09-20",126,0,"COMPLETE",0,true
"RCP_005223","SHP_005116","PO_001697","UO_0007","UO","2023-09-20",47,0,"COMPLETE",8,true
"RCP_005224","SHP_005225","PO_002812","BP_0012","BP","2023-09-20",10,0,"PARTIAL",5,true
"RCP_005225","SHP_005133","PO_000873","BP_0003","BP","2023-09-20",22,0,"COMPLETE",2,true
"RCP_005226","SHP_005243","PO_006182","FL_0002","FL","2023-09-20",59,0,"COMPLETE",0,true
"RCP_005227","SHP_005163","PO_009854","FL_0004","FL","2023-09-20",137,0,"PARTIAL",5,true
"RCP_005228","SHP_005343","PO_001466","BP_0015","BP","2023-09-20",146,0,"COMPLETE",0,true
"RCP_005229","SHP_005125","PO_008546","FL_0014","FL","2023-09-21",101,0,"PARTIAL",9,true
"RCP_005230","SHP_005128","PO_009285","BP_0001","BP","2023-09-21",83,0,"PARTIAL",4,true
"RCP_005231","SHP_005247","PO_009394","FL_0010","FL","2023-09-21",21,0,"COMPLETE",0,true
"RCP_005232","SHP_005271","PO_003109","BP_0005","BP","2023-09-21",194,0,"COMPLETE",4,true
"RCP_005233","SHP_005261","PO_007488","BP_0017","BP","2023-09-21",22,0,"PARTIAL",4,true
"RCP_005234","SHP_005173","PO_009049","FL_0008","FL","2023-09-21",62,1,"COMPLETE",6,true
"RCP_005235","SHP_005149","PO_008162","FL_0002","FL","2023-09-21",108,0,"PARTIAL",8,true
"RCP_005236","SHP_005232","PO_006915","BP_0003","BP","2023-09-21",165,0,"COMPLETE",1,true
"RCP_005237","SHP_005290","PO_006565","BP_0012","BP","2023-09-21",27,0,"PARTIAL",2,true
"RCP_005238","SHP_005305","PO_005408","FL_0003","FL","2023-09-21",106,0,"COMPLETE",1,true
"RCP_005239","SHP_005145","PO_005991","BP_0016","BP","2023-09-21",123,0,"COMPLETE",3,true
"RCP_005240","SHP_005299","PO_001011","FL_0019","FL","2023-09-21",151,0,"COMPLETE",1,true
"RCP_005241","SHP_005121","PO_004474","UO_0015","UO","2023-09-21",198,0,"COMPLETE",9,true
"RCP_005242","SHP_005301","PO_001962","FL_0003","FL","2023-09-21",86,0,"COMPLETE",1,true
"RCP_005243","SHP_005266","PO_010107","FL_0006","FL","2023-09-21",73,0,"PARTIAL",0,true
"RCP_005244","SHP_005104","PO_000272","FL_0014","FL","2023-09-22",165,0,"COMPLETE",12,true
"RCP_005245","SHP_005315","PO_005602","FL_0005","FL","2023-09-22",167,0,"COMPLETE",1,true
"RCP_005246","SHP_005129","PO_009325","BP_0004","BP","2023-09-22",19,0,"COMPLETE",9,true
"RCP_005247","SHP_005295","PO_008253","BP_0012","BP","2023-09-22",50,0,"COMPLETE",3,true
"RCP_005248","SHP_005289","PO_006097","UO_0013","UO","2023-09-22",186,0,"COMPLETE",5,true
"RCP_005249","SHP_005322","PO_003456","BP_0012","BP","2023-09-22",123,0,"COMPLETE",1,true
"RCP_005250","SHP_005269","PO_002093","FL_0008","FL","2023-09-22",47,0,"PARTIAL",-1,true
"RCP_005251","SHP_005245","PO_008902","BP_0009","BP","2023-09-22",14,0,"COMPLETE",1,true
"RCP_005252","SHP_005320","PO_001575","FL_0001","FL","2023-09-22",153,0,"COMPLETE",0,true
"RCP_005253","SHP_005252","PO_000903","FL_0017","FL","2023-09-22",101,0,"PARTIAL",0,true
"RCP_005254","SHP_005309","PO_006199","UO_0001","UO","2023-09-22",132,0,"COMPLETE",4,true
"RCP_005255","SHP_005328","PO_010085","FL_0016","FL","2023-09-22",185,0,"COMPLETE",0,true
"RCP_005256","SHP_005338","PO_007651","FL_0010","FL","2023-09-22",39,0,"COMPLETE",-1,true
"RCP_005257","SHP_005098","PO_006771","BP_0007","BP","2023-09-22",91,0,"COMPLETE",12,true
"RCP_005258","SHP_005215","PO_007860","FL_0006","FL","2023-09-23",181,0,"COMPLETE",4,true
"RCP_005259","SHP_005270","PO_002169","FL_0002","FL","2023-09-23",133,0,"COMPLETE",0,true
"RCP_005260","SHP_005294","PO_008154","UO_0013","UO","2023-09-23",110,0,"COMPLETE",2,true
"RCP_005261","SHP_005234","PO_008227","BP_0014","BP","2023-09-23",50,0,"PARTIAL",-1,true
"RCP_005262","SHP_005136","PO_002260","BP_0005","BP","2023-09-23",181,0,"COMPLETE",5,true
"RCP_005263","SHP_005388","PO_009715","BP_0016","BP","2023-09-23",172,0,"COMPLETE",1,true
"RCP_005264","SHP_005342","PO_009907","FL_0020","FL","2023-09-23",157,0,"COMPLETE",0,true
"RCP_005265","SHP_005257","PO_003142","BP_0020","BP","2023-09-23",81,0,"COMPLETE",1,true
"RCP_005266","SHP_005352","PO_006322","BP_0003","BP","2023-09-23",55,0,"COMPLETE",0,true
"RCP_005267","SHP_005330","PO_001472","FL_0007","FL","2023-09-23",178,0,"COMPLETE",0,true
"RCP_005268","SHP_005407","PO_001532","BP_0018","BP","2023-09-23",182,0,"COMPLETE",-1,true
"RCP_005269","SHP_005169","PO_006962","FL_0012","FL","2023-09-23",99,0,"COMPLETE",8,true
"RCP_005270","SHP_005221","PO_001183","BP_0013","BP","2023-09-23",176,0,"COMPLETE",-1,true
"RCP_005271","SHP_005188","PO_007318","BP_0002","BP","2023-09-23",154,0,"COMPLETE",2,true
"RCP_005272","SHP_005282","PO_001797","FL_0011","FL","2023-09-23",103,0,"COMPLETE",-1,true
"RCP_005273","SHP_005206","PO_002756","FL_0006","FL","2023-09-23",58,0,"COMPLETE",5,true
"RCP_005274","SHP_005313","PO_001877","BP_0018","BP","2023-09-23",189,0,"COMPLETE",2,true
"RCP_005275","SHP_005202","PO_000030","FL_0008","FL","2023-09-24",146,0,"COMPLETE",6,true
"RCP_005276","SHP_005380","PO_004829","BP_0017","BP","2023-09-24",95,0,"COMPLETE",-1,true
"RCP_005277","SHP_005159","PO_008535","BP_0016","BP","2023-09-24",30,0,"PARTIAL",5,true
"RCP_005278","SHP_005142","PO_005593","FL_0013","FL","2023-09-24",152,0,"PARTIAL",11,true
"RCP_005279","SHP_005382","PO_006511","BP_0009","BP","2023-09-24",68,0,"COMPLETE",2,true
"RCP_005280","SHP_005323","PO_004495","FL_0005","FL","2023-09-24",170,0,"COMPLETE",2,true
"RCP_005281","SHP_005419","PO_002413","UO_0017","UO","2023-09-24",35,0,"COMPLETE",1,true
"RCP_005282","SHP_005336","PO_006224","BP_0003","BP","2023-09-24",180,0,"COMPLETE",2,true
"RCP_005283","SHP_005361","PO_003810","BP_0009","BP","2023-09-24",199,0,"COMPLETE",0,true
"RCP_005284","SHP_005180","PO_000886","FL_0002","FL","2023-09-24",19,0,"COMPLETE",8,true
"RCP_005285","SHP_005244","PO_007389","BP_0006","BP","2023-09-24",161,0,"COMPLETE",-1,true
"RCP_005286","SHP_005251","PO_000870","BP_0017","BP","2023-09-24",45,0,"PARTIAL",2,true
"RCP_005287","SHP_005312","PO_000875","BP_0012","BP","2023-09-24",91,0,"COMPLETE",3,true
"RCP_005288","SHP_005119","PO_003007","FL_0017","FL","2023-09-24",90,0,"PARTIAL",12,true
"RCP_005289","SHP_005325","PO_005565","UO_0009","UO","2023-09-24",167,0,"COMPLETE",4,true
"RCP_005290","SHP_005327","PO_010000","FL_0010","FL","2023-09-24",185,0,"COMPLETE",2,true
"RCP_005291","SHP_005166","PO_002586","BP_0017","BP","2023-09-24",112,0,"PARTIAL",8,true
"RCP_005292","SHP_005369","PO_007041","FL_0016","FL","2023-09-24",75,0,"COMPLETE",-1,true
"RCP_005293","SHP_005275","PO_006067","FL_0004","FL","2023-09-24",68,0,"PARTIAL",2,true
"RCP_005294","SHP_005304","PO_005281","FL_0001","FL","2023-09-25",111,0,"COMPLETE",1,true
"RCP_005295","SHP_005229","PO_004780","FL_0011","FL","2023-09-25",170,0,"COMPLETE",6,true
"RCP_005296","SHP_005265","PO_008808","BP_0016","BP","2023-09-25",93,0,"PARTIAL",3,true
"RCP_005297","SHP_005350","PO_005459","UO_0017","UO","2023-09-25",183,0,"COMPLETE",3,true
"RCP_005298","SHP_005351","PO_005536","FL_0002","FL","2023-09-25",158,0,"COMPLETE",1,true
"RCP_005299","SHP_005392","PO_004352","UO_0009","UO","2023-09-25",182,0,"COMPLETE",0,true
"RCP_005300","SHP_005449","PO_004507","UO_0020","UO","2023-09-25",84,0,"COMPLETE",0,true
"RCP_005301","SHP_005164","PO_000691","BP_0001","BP","2023-09-25",86,0,"PARTIAL",5,true
"RCP_005302","SHP_005317","PO_007880","FL_0007","FL","2023-09-25",180,0,"COMPLETE",-1,true
"RCP_005303","SHP_005175","PO_009253","FL_0019","FL","2023-09-25",116,0,"PARTIAL",10,true
"RCP_005304","SHP_005165","PO_002456","BP_0016","BP","2023-09-25",121,0,"PARTIAL",9,true
"RCP_005305","SHP_005256","PO_002965","BP_0001","BP","2023-09-25",32,0,"COMPLETE",-1,true
"RCP_005306","SHP_005394","PO_005253","BP_0020","BP","2023-09-25",117,0,"PARTIAL",2,true
"RCP_005307","SHP_005196","PO_002040","FL_0003","FL","2023-09-25",149,0,"COMPLETE",8,true
"RCP_005308","SHP_005285","PO_004071","FL_0018","FL","2023-09-25",155,0,"PARTIAL",2,true
"RCP_005309","SHP_005385","PO_008678","UO_0004","UO","2023-09-25",26,0,"COMPLETE",1,true
"RCP_005310","SHP_005346","PO_003748","FL_0018","FL","2023-09-25",165,0,"COMPLETE",1,true
"RCP_005311","SHP_005345","PO_003337","BP_0014","BP","2023-09-25",32,0,"COMPLETE",2,true
"RCP_005312","SHP_005341","PO_009791","FL_0001","FL","2023-09-25",186,0,"COMPLETE",2,true
"RCP_005313","SHP_005377","PO_004203","FL_0002","FL","2023-09-25",185,0,"COMPLETE",-1,true
"RCP_005314","SHP_005379","PO_004337","FL_0007","FL","2023-09-25",175,0,"COMPLETE",-1,true
"RCP_005315","SHP_005332","PO_003593","FL_0019","FL","2023-09-25",157,0,"COMPLETE",2,true
"RCP_005316","SHP_005339","PO_007864","UO_0005","UO","2023-09-25",16,0,"PARTIAL",0,true
"RCP_005317","SHP_005451","PO_004881","BP_0020","BP","2023-09-26",171,0,"COMPLETE",-1,true
"RCP_005318","SHP_005354","PO_008484","FL_0020","FL","2023-09-26",130,0,"COMPLETE",2,true
"RCP_005319","SHP_005318","PO_008680","FL_0009","FL","2023-09-26",40,1,"COMPLETE",1,true
"RCP_005320","SHP_005287","PO_005423","FL_0010","FL","2023-09-26",129,0,"COMPLETE",3,true
"RCP_005321","SHP_005310","PO_006468","FL_0011","FL","2023-09-26",33,0,"PARTIAL",2,true
"RCP_005322","SHP_005334","PO_006004","UO_0009","UO","2023-09-26",29,0,"COMPLETE",5,true
"RCP_005323","SHP_005457","PO_010154","BP_0002","BP","2023-09-26",34,0,"COMPLETE",-1,true
"RCP_005324","SHP_005308","PO_005846","FL_0016","FL","2023-09-26",67,0,"COMPLETE",2,true
"RCP_005325","SHP_005414","PO_007687","BP_0019","BP","2023-09-26",131,0,"COMPLETE",2,true
"RCP_005326","SHP_005366","PO_006273","FL_0010","FL","2023-09-26",34,0,"COMPLETE",1,true
"RCP_005327","SHP_005365","PO_006115","FL_0008","FL","2023-09-26",100,0,"COMPLETE",1,true
"RCP_005328","SHP_005368","PO_006517","FL_0014","FL","2023-09-26",172,0,"COMPLETE",1,true
"RCP_005329","SHP_005410","PO_003821","UO_0003","UO","2023-09-26",90,0,"COMPLETE",0,true
"RCP_005330","SHP_005219","PO_010105","FL_0018","FL","2023-09-26",56,1,"PARTIAL",8,true
"RCP_005331","SHP_005203","PO_000853","FL_0008","FL","2023-09-26",40,0,"COMPLETE",8,true
"RCP_005332","SHP_005213","PO_006247","BP_0008","BP","2023-09-26",94,7,"PARTIAL",7,true
"RCP_005333","SHP_005300","PO_001093","FL_0013","FL","2023-09-26",77,0,"PARTIAL",2,true
"RCP_005334","SHP_005337","PO_006838","UO_0012","UO","2023-09-26",112,0,"COMPLETE",5,true
"RCP_005335","SHP_005374","PO_001267","FL_0001","FL","2023-09-26",24,0,"COMPLETE",0,true
"RCP_005336","SHP_005329","PO_000225","FL_0007","FL","2023-09-27",86,0,"COMPLETE",0,true
"RCP_005337","SHP_005296","PO_008513","FL_0018","FL","2023-09-27",55,0,"PARTIAL",3,true
"RCP_005338","SHP_005264","PO_008144","BP_0012","BP","2023-09-27",84,0,"COMPLETE",1,true
"RCP_005339","SHP_005400","PO_009045","FL_0005","FL","2023-09-27",82,0,"PARTIAL",0,true
"RCP_005340","SHP_005277","PO_009193","BP_0004","BP","2023-09-27",28,0,"COMPLETE",0,true
"RCP_005341","SHP_005218","PO_009983","BP_0010","BP","2023-09-27",134,0,"COMPLETE",4,true
"RCP_005342","SHP_005272","PO_003418","BP_0010","BP","2023-09-27",127,0,"COMPLETE",0,true
"RCP_005343","SHP_005195","PO_001474","FL_0010","FL","2023-09-27",57,0,"COMPLETE",10,true
"RCP_005344","SHP_005353","PO_006813","BP_0019","BP","2023-09-27",198,0,"COMPLETE",3,true
"RCP_005345","SHP_005413","PO_007267","UO_0018","UO","2023-09-27",81,0,"COMPLETE",1,true
"RCP_005346","SHP_005335","PO_006200","FL_0009","FL","2023-09-27",159,0,"COMPLETE",-1,true
"RCP_005347","SHP_005406","PO_001521","FL_0005","FL","2023-09-27",55,0,"COMPLETE",-1,true
"RCP_005348","SHP_005193","PO_000622","BP_0008","BP","2023-09-27",148,0,"COMPLETE",5,true
"RCP_005349","SHP_005189","PO_007677","FL_0008","FL","2023-09-27",154,0,"COMPLETE",11,true
"RCP_005350","SHP_005409","PO_003204","FL_0003","FL","2023-09-27",34,0,"COMPLETE",-1,true
"RCP_005351","SHP_005280","PO_000515","FL_0002","FL","2023-09-28",200,10,"COMPLETE",4,true
"RCP_005352","SHP_005230","PO_004796","FL_0004","FL","2023-09-28",52,0,"PARTIAL",9,true
"RCP_005353","SHP_005384","PO_008441","UO_0014","UO","2023-09-28",30,0,"COMPLETE",4,true
"RCP_005354","SHP_005171","PO_007753","BP_0005","BP","2023-09-28",102,0,"COMPLETE",12,true
"RCP_005355","SHP_005220","PO_000607","BP_0017","BP","2023-09-28",137,0,"COMPLETE",4,true
"RCP_005356","SHP_005405","PO_001214","FL_0016","FL","2023-09-28",154,0,"PARTIAL",0,true
"RCP_005357","SHP_005448","PO_003716","BP_0015","BP","2023-09-28",108,0,"COMPLETE",1,true
"RCP_005358","SHP_005207","PO_003761","BP_0019","BP","2023-09-28",167,0,"COMPLETE",9,true
"RCP_005359","SHP_005408","PO_001977","UO_0001","UO","2023-09-28",21,0,"COMPLETE",2,true
"RCP_005360","SHP_005376","PO_002073","FL_0006","FL","2023-09-28",64,2,"COMPLETE",2,true
"RCP_005361","SHP_005321","PO_001956","FL_0019","FL","2023-09-28",89,0,"COMPLETE",1,true
"RCP_005362","SHP_005375","PO_001899","UO_0014","UO","2023-09-28",117,0,"COMPLETE",0,true
"RCP_005363","SHP_005453","PO_005947","BP_0016","BP","2023-09-28",116,0,"COMPLETE",1,true
"RCP_005364","SHP_005378","PO_004336","FL_0001","FL","2023-09-28",46,0,"COMPLETE",2,true
"RCP_005365","SHP_005276","PO_008740","FL_0017","FL","2023-09-28",70,0,"COMPLETE",5,true
"RCP_005366","SHP_005284","PO_002715","FL_0020","FL","2023-09-28",119,0,"COMPLETE",4,true
"RCP_005367","SHP_005458","PO_000310","UO_0012","UO","2023-09-29",185,0,"COMPLETE",-1,true
"RCP_005368","SHP_005363","PO_004933","BP_0008","BP","2023-09-29",47,0,"COMPLETE",5,true
"RCP_005369","SHP_005398","PO_008705","FL_0008","FL","2023-09-29",123,0,"COMPLETE",2,true
"RCP_005370","SHP_005364","PO_005378","BP_0008","BP","2023-09-29",103,0,"PARTIAL",4,true
"RCP_005371","SHP_005362","PO_004313","FL_0012","FL","2023-09-29",108,0,"PARTIAL",-1,true
"RCP_005372","SHP_005436","PO_004456","FL_0003","FL","2023-09-29",79,0,"COMPLETE",-1,true
"RCP_005373","SHP_005442","PO_009024","FL_0002","FL","2023-09-29",110,0,"COMPLETE",-1,true
"RCP_005374","SHP_005204","PO_001161","FL_0004","FL","2023-09-29",182,0,"COMPLETE",11,true
"RCP_005375","SHP_005478","PO_006189","BP_0006","BP","2023-09-29",75,0,"PARTIAL",0,true
"RCP_005376","SHP_005281","PO_001516","FL_0008","FL","2023-09-29",147,0,"COMPLETE",6,true
"RCP_005377","SHP_005416","PO_001689","FL_0020","FL","2023-09-29",158,0,"COMPLETE",0,true
"RCP_005378","SHP_005259","PO_006111","FL_0005","FL","2023-09-29",34,0,"COMPLETE",8,true
"RCP_005379","SHP_005326","PO_009687","FL_0006","FL","2023-09-29",200,0,"COMPLETE",2,true
"RCP_005380","SHP_005391","PO_004247","BP_0008","BP","2023-09-30",200,0,"COMPLETE",3,true
"RCP_005381","SHP_005445","PO_000683","BP_0017","BP","2023-09-30",96,0,"PARTIAL",-1,true
"RCP_005382","SHP_005386","PO_008958","FL_0009","FL","2023-09-30",98,0,"COMPLETE",-1,true
"RCP_005383","SHP_005358","PO_001052","FL_0018","FL","2023-09-30",145,0,"COMPLETE",1,true
"RCP_005384","SHP_005455","PO_009440","UO_0009","UO","2023-09-30",138,0,"PARTIAL",1,true
"RCP_005385","SHP_005501","PO_009752","BP_0010","BP","2023-09-30",77,0,"COMPLETE",0,true
"RCP_005386","SHP_005430","PO_009960","UO_0002","UO","2023-09-30",42,0,"COMPLETE",-1,true
"RCP_005387","SHP_005483","PO_009974","BP_0002","BP","2023-09-30",106,0,"COMPLETE",1,true
"RCP_005388","SHP_005420","PO_003027","FL_0017","FL","2023-09-30",179,0,"COMPLETE",1,true
"RCP_005389","SHP_005372","PO_008395","BP_0007","BP","2023-10-01",92,0,"PARTIAL",1,true
"RCP_005390","SHP_005262","PO_008003","FL_0011","FL","2023-10-01",155,0,"PARTIAL",10,true
"RCP_005391","SHP_005403","PO_009880","BP_0015","BP","2023-10-01",181,0,"COMPLETE",4,true
"RCP_005392","SHP_005306","PO_005712","FL_0003","FL","2023-10-01",160,0,"PARTIAL",7,true
"RCP_005393","SHP_005422","PO_003692","FL_0004","FL","2023-10-01",35,0,"COMPLETE",2,true
"RCP_005394","SHP_005443","PO_009243","BP_0004","BP","2023-10-01",101,0,"COMPLETE",1,true
"RCP_005395","SHP_005480","PO_007791","BP_0008","BP","2023-10-01",189,0,"COMPLETE",2,true
"RCP_005396","SHP_005359","PO_002828","BP_0012","BP","2023-10-01",125,0,"COMPLETE",1,true
"RCP_005397","SHP_005399","PO_008933","FL_0002","FL","2023-10-01",64,0,"COMPLETE",0,true
"RCP_005398","SHP_005475","PO_004676","FL_0010","FL","2023-10-02",166,0,"COMPLETE",-1,true
"RCP_005399","SHP_005411","PO_004713","BP_0009","BP","2023-10-02",93,0,"COMPLETE",4,true
"RCP_005400","SHP_005397","PO_008491","FL_0012","FL","2023-10-02",177,0,"PARTIAL",1,true
"RCP_005401","SHP_005435","PO_004202","FL_0008","FL","2023-10-02",82,0,"COMPLETE",2,true
"RCP_005402","SHP_005516","PO_002877","BP_0003","BP","2023-10-02",82,0,"COMPLETE",0,true
"RCP_005403","SHP_005387","PO_009528","UO_0005","UO","2023-10-02",49,0,"COMPLETE",4,true
"RCP_005404","SHP_005431","PO_000810","FL_0007","FL","2023-10-02",104,0,"PARTIAL",2,true
"RCP_005405","SHP_005297","PO_010180","BP_0009","BP","2023-10-02",84,0,"PARTIAL",8,true
"RCP_005406","SHP_005311","PO_006891","UO_0008","UO","2023-10-02",115,0,"PARTIAL",8,true
"RCP_005407","SHP_005223","PO_002434","BP_0018","BP","2023-10-02",15,0,"PARTIAL",12,true
"RCP_005408","SHP_005367","PO_006367","FL_0007","FL","2023-10-02",18,0,"COMPLETE",2,true
"RCP_005409","SHP_005395","PO_005729","BP_0013","BP","2023-10-02",120,0,"COMPLETE",5,true
"RCP_005410","SHP_005508","PO_005235","BP_0008","BP","2023-10-03",48,0,"COMPLETE",2,true
"RCP_005411","SHP_005303","PO_003960","BP_0017","BP","2023-10-03",178,0,"COMPLETE",4,true
"RCP_005412","SHP_005355","PO_008850","FL_0006","FL","2023-10-03",96,0,"PARTIAL",5,true
"RCP_005413","SHP_005237","PO_001027","BP_0001","BP","2023-10-03",56,0,"PARTIAL",12,true
"RCP_005414","SHP_005302","PO_002272","BP_0007","BP","2023-10-03",100,0,"COMPLETE",4,true
"RCP_005415","SHP_005489","PO_002379","BP_0005","BP","2023-10-03",92,0,"PARTIAL",-1,true
"RCP_005416","SHP_005393","PO_004959","FL_0020","FL","2023-10-03",45,0,"COMPLETE",1,true
"RCP_005417","SHP_005460","PO_000579","FL_0003","FL","2023-10-03",69,0,"COMPLETE",1,true
"RCP_005418","SHP_005347","PO_004212","BP_0009","BP","2023-10-03",85,0,"PARTIAL",4,true
"RCP_005419","SHP_005316","PO_005913","FL_0013","FL","2023-10-03",30,0,"PARTIAL",8,true
"RCP_005420","SHP_005319","PO_000296","BP_0014","BP","2023-10-04",16,0,"COMPLETE",3,true
"RCP_005421","SHP_005450","PO_004771","UO_0010","UO","2023-10-04",106,0,"PARTIAL",1,true
"RCP_005422","SHP_005469","PO_008667","BP_0017","BP","2023-10-04",89,0,"PARTIAL",2,true
"RCP_005423","SHP_005492","PO_003984","BP_0010","BP","2023-10-04",148,0,"COMPLETE",0,true
"RCP_005424","SHP_005437","PO_005517","BP_0014","BP","2023-10-04",52,0,"COMPLETE",4,true
"RCP_005425","SHP_005446","PO_002954","BP_0003","BP","2023-10-04",135,0,"PARTIAL",4,true
"RCP_005426","SHP_005390","PO_002642","UO_0010","UO","2023-10-04",114,0,"PARTIAL",5,true
"RCP_005427","SHP_005344","PO_003323","FL_0014","FL","2023-10-04",29,0,"COMPLETE",6,true
"RCP_005428","SHP_005487","PO_001981","FL_0017","FL","2023-10-04",28,0,"COMPLETE",0,true
"RCP_005429","SHP_005424","PO_005279","FL_0008","FL","2023-10-05",18,0,"COMPLETE",1,true
"RCP_005430","SHP_005349","PO_004361","FL_0019","FL","2023-10-05",28,0,"COMPLETE",7,true
"RCP_005431","SHP_005503","PO_000677","BP_0008","BP","2023-10-05",137,0,"COMPLETE",1,true
"RCP_005432","SHP_005486","PO_001254","UO_0004","UO","2023-10-05",47,0,"COMPLETE",3,true
"RCP_005433","SHP_005412","PO_006700","UO_0002","UO","2023-10-05",171,0,"COMPLETE",5,true
"RCP_005434","SHP_005356","PO_009395","FL_0001","FL","2023-10-05",71,0,"PARTIAL",7,true
"RCP_005435","SHP_005512","PO_009454","BP_0002","BP","2023-10-05",85,0,"COMPLETE",1,true
"RCP_005436","SHP_005440","PO_007058","FL_0008","FL","2023-10-05",44,0,"PARTIAL",1,true
"RCP_005437","SHP_005432","PO_003306","BP_0005","BP","2023-10-05",171,0,"COMPLETE",5,true
"RCP_005438","SHP_005574","PO_000793","BP_0018","BP","2023-10-05",16,0,"PARTIAL",-1,true
"RCP_005439","SHP_005383","PO_006707","BP_0015","BP","2023-10-05",65,0,"COMPLETE",0,true
"RCP_005440","SHP_005370","PO_007212","FL_0011","FL","2023-10-05",112,0,"COMPLETE",5,true
"RCP_005441","SHP_005357","PO_000053","BP_0007","BP","2023-10-06",96,0,"COMPLETE",2,true
"RCP_005442","SHP_005471","PO_000194","UO_0003","UO","2023-10-06",75,0,"COMPLETE",5,true
"RCP_005443","SHP_005324","PO_004554","FL_0019","FL","2023-10-06",34,0,"COMPLETE",10,true
"RCP_005444","SHP_005476","PO_004693","BP_0020","BP","2023-10-06",195,0,"COMPLETE",4,true
"RCP_005445","SHP_005531","PO_005302","FL_0009","FL","2023-10-06",71,0,"COMPLETE",-1,true
"RCP_005446","SHP_005519","PO_004801","BP_0019","BP","2023-10-06",143,0,"COMPLETE",0,true
"RCP_005447","SHP_005520","PO_005444","FL_0017","FL","2023-10-06",37,0,"COMPLETE",0,true
"RCP_005448","SHP_005340","PO_009247","UO_0002","UO","2023-10-06",98,0,"PARTIAL",9,true
"RCP_005449","SHP_005488","PO_002318","UO_0013","UO","2023-10-06",18,0,"PARTIAL",4,true
"RCP_005450","SHP_005454","PO_006375","BP_0001","BP","2023-10-06",33,0,"PARTIAL",5,true
"RCP_005451","SHP_005549","PO_005852","BP_0007","BP","2023-10-06",160,0,"COMPLETE",2,true
"RCP_005452","SHP_005502","PO_000528","UO_0016","UO","2023-10-06",29,0,"PARTIAL",3,true
"RCP_005453","SHP_005525","PO_009485","BP_0007","BP","2023-10-06",92,0,"COMPLETE",0,true
"RCP_005454","SHP_005485","PO_000021","BP_0004","BP","2023-10-07",159,0,"PARTIAL",4,true
"RCP_005455","SHP_005592","PO_005618","UO_0015","UO","2023-10-07",30,0,"COMPLETE",2,true
"RCP_005456","SHP_005348","PO_004344","FL_0019","FL","2023-10-07",55,0,"PARTIAL",9,true
"RCP_005457","SHP_005415","PO_001001","BP_0009","BP","2023-10-07",75,0,"PARTIAL",-1,true
"RCP_005458","SHP_005497","PO_009228","UO_0015","UO","2023-10-07",13,0,"PARTIAL",5,true
"RCP_005459","SHP_005456","PO_010092","UO_0020","UO","2023-10-07",194,7,"COMPLETE",4,true
"RCP_005460","SHP_005425","PO_006131","FL_0010","FL","2023-10-07",75,0,"COMPLETE",3,true
"RCP_005461","SHP_005567","PO_006604","BP_0013","BP","2023-10-07",41,0,"COMPLETE",-1,true
"RCP_005462","SHP_005511","PO_007507","BP_0020","BP","2023-10-07",66,0,"COMPLETE",3,true
"RCP_005463","SHP_005551","PO_007175","BP_0007","BP","2023-10-07",167,0,"COMPLETE",-1,true
"RCP_005464","SHP_005396","PO_007377","BP_0020","BP","2023-10-07",115,0,"COMPLETE",1,true
"RCP_005465","SHP_005504","PO_000851","FL_0013","FL","2023-10-07",83,0,"COMPLETE",2,true
"RCP_005466","SHP_005529","PO_003584","FL_0019","FL","2023-10-07",12,0,"COMPLETE",0,true
"RCP_005467","SHP_005526","PO_000936","FL_0005","FL","2023-10-07",123,0,"COMPLETE",0,true
"RCP_005468","SHP_005429","PO_009898","BP_0018","BP","2023-10-07",30,0,"COMPLETE",3,true
"RCP_005469","SHP_005541","PO_001854","BP_0007","BP","2023-10-07",165,0,"COMPLETE",0,true
"RCP_005470","SHP_005477","PO_005173","BP_0005","BP","2023-10-07",49,0,"COMPLETE",5,true
"RCP_005471","SHP_005536","PO_000284","UO_0017","UO","2023-10-08",155,0,"COMPLETE",2,true
"RCP_005472","SHP_005585","PO_009340","BP_0002","BP","2023-10-08",12,0,"COMPLETE",2,true
"RCP_005473","SHP_005556","PO_000600","FL_0014","FL","2023-10-08",91,3,"COMPLETE",-1,true
"RCP_005474","SHP_005373","PO_010124","UO_0002","UO","2023-10-08",113,0,"PARTIAL",9,true
"RCP_005475","SHP_005433","PO_003574","BP_0005","BP","2023-10-08",153,0,"COMPLETE",3,true
"RCP_005476","SHP_005434","PO_003686","BP_0013","BP","2023-10-08",27,2,"PARTIAL",3,true
"RCP_005477","SHP_005543","PO_002302","BP_0005","BP","2023-10-08",139,0,"COMPLETE",1,true
"RCP_005478","SHP_005545","PO_003089","FL_0017","FL","2023-10-08",38,0,"COMPLETE",0,true
"RCP_005479","SHP_005428","PO_008130","FL_0008","FL","2023-10-08",110,0,"COMPLETE",5,true
"RCP_005480","SHP_005360","PO_003482","BP_0005","BP","2023-10-08",106,0,"PARTIAL",8,true
"RCP_005481","SHP_005331","PO_002616","FL_0019","FL","2023-10-08",121,0,"PARTIAL",11,true
"RCP_005482","SHP_005524","PO_009127","FL_0013","FL","2023-10-08",181,0,"COMPLETE",2,true
"RCP_005483","SHP_005474","PO_004399","FL_0001","FL","2023-10-08",131,0,"COMPLETE",0,true
"RCP_005484","SHP_005595","PO_008571","UO_0009","UO","2023-10-09",180,0,"COMPLETE",0,true
"RCP_005485","SHP_005498","PO_009310","BP_0003","BP","2023-10-09",168,0,"PARTIAL",5,true
"RCP_005486","SHP_005499","PO_009327","BP_0007","BP","2023-10-09",192,0,"COMPLETE",5,true
"RCP_005487","SHP_005371","PO_008269","BP_0001","BP","2023-10-09",25,0,"COMPLETE",5,true
"RCP_005488","SHP_005421","PO_003166","FL_0007","FL","2023-10-09",128,0,"PARTIAL",6,true
"RCP_005489","SHP_005633","PO_006263","BP_0014","BP","2023-10-09",87,0,"COMPLETE",-1,true
"RCP_005490","SHP_005581","PO_003763","FL_0001","FL","2023-10-09",39,0,"COMPLETE",-1,true
"RCP_005491","SHP_005596","PO_009522","BP_0006","BP","2023-10-09",156,0,"COMPLETE",2,true
"RCP_005492","SHP_005601","PO_002074","BP_0006","BP","2023-10-09",123,0,"COMPLETE",1,true
"RCP_005493","SHP_005534","PO_007693","FL_0003","FL","2023-10-09",32,0,"COMPLETE",2,true
"RCP_005494","SHP_005548","PO_005733","BP_0005","BP","2023-10-09",38,0,"COMPLETE",2,true
"RCP_005495","SHP_005426","PO_006300","BP_0019","BP","2023-10-09",80,0,"PARTIAL",1,true
"RCP_005496","SHP_005538","PO_001276","FL_0013","FL","2023-10-09",123,0,"COMPLETE",1,true
"RCP_005497","SHP_005521","PO_005915","BP_0015","BP","2023-10-09",12,0,"COMPLETE",4,true
"RCP_005498","SHP_005644","PO_000806","UO_0003","UO","2023-10-09",16,0,"COMPLETE",0,true
"RCP_005499","SHP_005557","PO_001178","FL_0019","FL","2023-10-09",125,4,"COMPLETE",0,true
"RCP_005500","SHP_005463","PO_005801","FL_0016","FL","2023-10-09",31,0,"COMPLETE",3,true
"RCP_005501","SHP_005466","PO_006869","BP_0013","BP","2023-10-09",154,0,"COMPLETE",2,true
"RCP_005502","SHP_005550","PO_006330","FL_0016","FL","2023-10-09",67,0,"COMPLETE",1,true
"RCP_005503","SHP_005553","PO_000308","FL_0002","FL","2023-10-10",110,0,"COMPLETE",1,true
"RCP_005504","SHP_005555","PO_000472","FL_0007","FL","2023-10-10",75,0,"COMPLETE",1,true
"RCP_005505","SHP_005562","PO_003966","FL_0006","FL","2023-10-10",199,0,"COMPLETE",1,true
"RCP_005506","SHP_005566","PO_005337","FL_0004","FL","2023-10-10",42,0,"COMPLETE",1,true
"RCP_005507","SHP_005473","PO_002225","FL_0003","FL","2023-10-10",126,0,"COMPLETE",3,true
"RCP_005508","SHP_005593","PO_007928","FL_0012","FL","2023-10-10",34,0,"COMPLETE",-1,true
"RCP_005509","SHP_005500","PO_009625","UO_0004","UO","2023-10-10",59,0,"PARTIAL",4,true
"RCP_005510","SHP_005461","PO_003244","BP_0020","BP","2023-10-10",121,0,"COMPLETE",-1,true
"RCP_005511","SHP_005468","PO_007611","BP_0015","BP","2023-10-10",33,0,"COMPLETE",3,true
"RCP_005512","SHP_005381","PO_006434","BP_0010","BP","2023-10-10",109,0,"COMPLETE",5,true
"RCP_005513","SHP_005438","PO_005742","FL_0013","FL","2023-10-10",102,1,"COMPLETE",5,true
"RCP_005514","SHP_005546","PO_004030","FL_0014","FL","2023-10-10",117,0,"COMPLETE",2,true
"RCP_005515","SHP_005517","PO_003784","FL_0007","FL","2023-10-10",184,0,"COMPLETE",-1,true
"RCP_005516","SHP_005441","PO_007449","BP_0017","BP","2023-10-10",113,0,"COMPLETE",1,true
"RCP_005517","SHP_005613","PO_002194","UO_0008","UO","2023-10-11",128,0,"PARTIAL",0,true
"RCP_005518","SHP_005609","PO_009479","BP_0012","BP","2023-10-11",68,0,"COMPLETE",-1,true
"RCP_005519","SHP_005389","PO_010088","UO_0007","UO","2023-10-11",98,0,"COMPLETE",11,true
"RCP_005520","SHP_005579","PO_002883","BP_0013","BP","2023-10-11",55,0,"COMPLETE",2,true
"RCP_005521","SHP_005533","PO_007067","FL_0004","FL","2023-10-11",78,0,"COMPLETE",-1,true
"RCP_005522","SHP_005467","PO_007092","FL_0014","FL","2023-10-11",127,0,"PARTIAL",5,true
"RCP_005523","SHP_005617","PO_004109","UO_0002","UO","2023-10-11",172,0,"COMPLETE",0,true
"RCP_005524","SHP_005603","PO_003608","FL_0010","FL","2023-10-11",90,0,"COMPLETE",-1,true
"RCP_005525","SHP_005594","PO_007985","FL_0009","FL","2023-10-11",116,0,"COMPLETE",0,true
"RCP_005526","SHP_005514","PO_000987","FL_0009","FL","2023-10-11",159,0,"PARTIAL",1,true
"RCP_005527","SHP_005680","PO_006061","UO_0010","UO","2023-10-11",79,0,"COMPLETE",0,true
"RCP_005528","SHP_005404","PO_000379","BP_0010","BP","2023-10-12",116,0,"PARTIAL",9,true
"RCP_005529","SHP_005598","PO_000534","FL_0008","FL","2023-10-12",180,0,"COMPLETE",0,true
"RCP_005530","SHP_005491","PO_003881","FL_0014","FL","2023-10-12",109,0,"COMPLETE",4,true
"RCP_005531","SHP_005462","PO_005063","FL_0003","FL","2023-10-12",57,0,"COMPLETE",6,true
"RCP_005532","SHP_005452","PO_005579","FL_0018","FL","2023-10-12",80,0,"COMPLETE",7,true
"RCP_005533","SHP_005597","PO_009600","BP_0017","BP","2023-10-12",121,0,"COMPLETE",1,true
"RCP_005534","SHP_005402","PO_009707","FL_0011","FL","2023-10-12",140,0,"COMPLETE",11,true
"RCP_005535","SHP_005611","PO_010038","BP_0007","BP","2023-10-12",45,0,"COMPLETE",1,true
"RCP_005536","SHP_005637","PO_008676","BP_0004","BP","2023-10-12",93,4,"COMPLETE",2,true
"RCP_005537","SHP_005582","PO_004036","FL_0014","FL","2023-10-12",133,0,"COMPLETE",2,true
"RCP_005538","SHP_005707","PO_005901","UO_0009","UO","2023-10-12",187,0,"COMPLETE",-1,true
"RCP_005539","SHP_005616","PO_003800","BP_0020","BP","2023-10-12",78,0,"COMPLETE",0,true
"RCP_005540","SHP_005655","PO_007338","UO_0006","UO","2023-10-12",103,0,"COMPLETE",-1,true
"RCP_005541","SHP_005544","PO_002788","BP_0014","BP","2023-10-12",39,0,"COMPLETE",4,true
"RCP_005542","SHP_005576","PO_002400","FL_0010","FL","2023-10-12",98,0,"COMPLETE",2,true
"RCP_005543","SHP_005659","PO_004839","BP_0008","BP","2023-10-13",30,0,"COMPLETE",1,true
"RCP_005544","SHP_005604","PO_004943","UO_0005","UO","2023-10-13",97,0,"PARTIAL",3,true
"RCP_005545","SHP_005619","PO_008365","BP_0008","BP","2023-10-13",167,0,"COMPLETE",0,true
"RCP_005546","SHP_005518","PO_003888","FL_0007","FL","2023-10-13",143,0,"COMPLETE",3,true
"RCP_005547","SHP_005630","PO_005092","BP_0015","BP","2023-10-13",73,0,"COMPLETE",0,true
"RCP_005548","SHP_005423","PO_005149","BP_0002","BP","2023-10-13",41,0,"COMPLETE",5,true
"RCP_005549","SHP_005628","PO_003084","FL_0003","FL","2023-10-13",182,0,"COMPLETE",-1,true
"RCP_005550","SHP_005439","PO_006212","FL_0016","FL","2023-10-13",104,0,"PARTIAL",9,true
"RCP_005551","SHP_005532","PO_006413","FL_0020","FL","2023-10-13",84,0,"PARTIAL",1,true
"RCP_005552","SHP_005654","PO_007014","BP_0012","BP","2023-10-13",45,0,"COMPLETE",-1,true
"RCP_005553","SHP_005418","PO_002005","BP_0010","BP","2023-10-13",83,0,"PARTIAL",9,true
"RCP_005554","SHP_005570","PO_007890","BP_0003","BP","2023-10-13",43,0,"PARTIAL",5,true
"RCP_005555","SHP_005490","PO_002554","BP_0014","BP","2023-10-13",55,0,"COMPLETE",0,true
"RCP_005556","SHP_005401","PO_009378","UO_0018","UO","2023-10-13",23,0,"COMPLETE",12,true
"RCP_005557","SHP_005444","PO_000233","FL_0004","FL","2023-10-14",176,0,"COMPLETE",9,true
"RCP_005558","SHP_005459","PO_000327","FL_0001","FL","2023-10-14",59,0,"PARTIAL",8,true
"RCP_005559","SHP_005496","PO_008547","BP_0003","BP","2023-10-14",29,2,"PARTIAL",1,true
"RCP_005560","SHP_005506","PO_004158","FL_0012","FL","2023-10-14",71,0,"PARTIAL",5,true
"RCP_005561","SHP_005465","PO_006472","UO_0017","UO","2023-10-14",90,0,"COMPLETE",8,true
"RCP_005562","SHP_005472","PO_002155","BP_0020","BP","2023-10-14",45,0,"PARTIAL",6,true
"RCP_005563","SHP_005561","PO_002382","FL_0001","FL","2023-10-14",86,4,"COMPLETE",0,true
"RCP_005564","SHP_005515","PO_002390","BP_0020","BP","2023-10-14",187,0,"COMPLETE",-1,true
"RCP_005565","SHP_005558","PO_001352","BP_0013","BP","2023-10-14",49,0,"COMPLETE",5,true
"RCP_005566","SHP_005666","PO_007244","UO_0007","UO","2023-10-14",126,0,"COMPLETE",0,true
"RCP_005567","SHP_005447","PO_003012","BP_0017","BP","2023-10-14",33,0,"COMPLETE",8,true
"RCP_005568","SHP_005600","PO_001822","FL_0001","FL","2023-10-14",117,0,"COMPLETE",2,true
"RCP_005569","SHP_005623","PO_009820","FL_0018","FL","2023-10-14",38,0,"COMPLETE",1,true
"RCP_005570","SHP_005564","PO_005030","UO_0004","UO","2023-10-14",127,0,"PARTIAL",1,true
"RCP_005571","SHP_005507","PO_004699","FL_0016","FL","2023-10-15",158,0,"COMPLETE",6,true
"RCP_005572","SHP_005656","PO_008348","FL_0017","FL","2023-10-15",106,2,"COMPLETE",0,true
"RCP_005573","SHP_005523","PO_008534","FL_0013","FL","2023-10-15",28,0,"PARTIAL",5,true
"RCP_005574","SHP_005724","PO_005384","BP_0008","BP","2023-10-15",65,0,"COMPLETE",-1,true
"RCP_005575","SHP_005645","PO_000953","FL_0018","FL","2023-10-15",50,0,"COMPLETE",0,true
"RCP_005576","SHP_005639","PO_009183","BP_0007","BP","2023-10-15",31,0,"PARTIAL",1,true
"RCP_005577","SHP_005470","PO_009793","BP_0013","BP","2023-10-15",49,0,"COMPLETE",8,true
"RCP_005578","SHP_005539","PO_001473","FL_0004","FL","2023-10-15",82,0,"COMPLETE",2,true
"RCP_005579","SHP_005527","PO_001749","BP_0006","BP","2023-10-15",168,0,"PARTIAL",3,true
"RCP_005580","SHP_005559","PO_001922","FL_0013","FL","2023-10-15",79,0,"PARTIAL",2,true
"RCP_005581","SHP_005542","PO_002076","FL_0010","FL","2023-10-15",32,0,"COMPLETE",2,true
"RCP_005582","SHP_005709","PO_006714","UO_0006","UO","2023-10-15",25,0,"COMPLETE",2,true
"RCP_005583","SHP_005479","PO_006483","FL_0003","FL","2023-10-15",124,0,"PARTIAL",8,true
"RCP_005584","SHP_005670","PO_010084","FL_0004","FL","2023-10-15",48,0,"PARTIAL",-1,true
"RCP_005585","SHP_005605","PO_004946","UO_0008","UO","2023-10-15",50,0,"COMPLETE",5,true
"RCP_005586","SHP_005697","PO_006571","BP_0018","BP","2023-10-15",168,0,"COMPLETE",1,true
"RCP_005587","SHP_005700","PO_009782","BP_0010","BP","2023-10-15",144,0,"COMPLETE",1,true
"RCP_005588","SHP_005540","PO_001549","BP_0017","BP","2023-10-15",54,0,"PARTIAL",2,true
"RCP_005589","SHP_005642","PO_000039","UO_0006","UO","2023-10-16",83,0,"COMPLETE",-1,true
"RCP_005590","SHP_005701","PO_000234","UO_0015","UO","2023-10-16",128,0,"PARTIAL",-1,true
"RCP_005591","SHP_005586","PO_000279","FL_0006","FL","2023-10-16",192,0,"COMPLETE",1,true
"RCP_005592","SHP_005629","PO_004865","FL_0016","FL","2023-10-16",38,0,"COMPLETE",2,true
"RCP_005593","SHP_005552","PO_008161","BP_0016","BP","2023-10-16",94,0,"COMPLETE",3,true
"RCP_005594","SHP_005481","PO_009104","FL_0007","FL","2023-10-16",24,0,"COMPLETE",9,true
"RCP_005595","SHP_005627","PO_002936","FL_0009","FL","2023-10-16",135,0,"COMPLETE",2,true
"RCP_005596","SHP_005651","PO_003177","UO_0001","UO","2023-10-16",152,0,"COMPLETE",-1,true
"RCP_005597","SHP_005528","PO_003223","FL_0013","FL","2023-10-16",31,0,"COMPLETE",4,true
"RCP_005598","SHP_005427","PO_006529","BP_0019","BP","2023-10-16",102,0,"COMPLETE",12,true
"RCP_005599","SHP_005648","PO_002485","FL_0009","FL","2023-10-16",119,0,"COMPLETE",1,true
"RCP_005600","SHP_005673","PO_001580","BP_0010","BP","2023-10-16",101,0,"COMPLETE",-1,true
"RCP_005601","SHP_005417","PO_001865","BP_0016","BP","2023-10-16",74,0,"COMPLETE",12,true
"RCP_005602","SHP_005669","PO_009931","UO_0005","UO","2023-10-16",182,0,"COMPLETE",2,true
"RCP_005603","SHP_005736","PO_001867","BP_0020","BP","2023-10-16",64,0,"COMPLETE",-1,true
"RCP_005604","SHP_005575","PO_001210","UO_0002","UO","2023-10-16",173,0,"COMPLETE",4,true
"RCP_005605","SHP_005731","PO_009953","BP_0001","BP","2023-10-16",199,0,"COMPLETE",0,true
"RCP_005606","SHP_005649","PO_002665","BP_0007","BP","2023-10-16",86,0,"COMPLETE",1,true
"RCP_005607","SHP_005580","PO_003759","UO_0001","UO","2023-10-16",42,0,"COMPLETE",4,true
"RCP_005608","SHP_005738","PO_003060","BP_0014","BP","2023-10-16",76,0,"PARTIAL",-1,true
"RCP_005609","SHP_005608","PO_007937","BP_0003","BP","2023-10-16",78,0,"COMPLETE",5,true
"RCP_005610","SHP_005668","PO_008045","UO_0010","UO","2023-10-16",82,2,"PARTIAL",2,true
"RCP_005611","SHP_005535","PO_000006","FL_0007","FL","2023-10-17",145,0,"COMPLETE",5,true
"RCP_005612","SHP_005624","PO_000345","UO_0010","UO","2023-10-17",185,0,"COMPLETE",1,true
"RCP_005613","SHP_005513","PO_000496","FL_0017","FL","2023-10-17",119,0,"PARTIAL",7,true
"RCP_005614","SHP_005691","PO_002257","UO_0010","UO","2023-10-17",43,0,"PARTIAL",1,true
"RCP_005615","SHP_005621","PO_009668","UO_0010","UO","2023-10-17",121,0,"PARTIAL",2,true
"RCP_005616","SHP_005682","PO_007596","FL_0019","FL","2023-10-17",111,0,"COMPLETE",0,true
"RCP_005617","SHP_005718","PO_000798","UO_0014","UO","2023-10-17",60,0,"COMPLETE",-1,true
"RCP_005618","SHP_005464","PO_005809","FL_0010","FL","2023-10-17",98,0,"COMPLETE",11,true
"RCP_005619","SHP_005690","PO_001768","FL_0007","FL","2023-10-17",180,0,"COMPLETE",-1,true
"RCP_005620","SHP_005674","PO_002353","BP_0012","BP","2023-10-17",13,0,"COMPLETE",1,true
"RCP_005621","SHP_005665","PO_006649","FL_0004","FL","2023-10-17",32,0,"COMPLETE",1,true
"RCP_005622","SHP_005610","PO_009944","FL_0011","FL","2023-10-17",22,1,"COMPLETE",0,true
"RCP_005623","SHP_005494","PO_006439","UO_0005","UO","2023-10-17",139,0,"PARTIAL",9,true
"RCP_005624","SHP_005727","PO_006955","BP_0008","BP","2023-10-17",34,0,"COMPLETE",1,true
"RCP_005625","SHP_005681","PO_006208","FL_0020","FL","2023-10-17",70,3,"COMPLETE",0,true
"RCP_005626","SHP_005590","PO_004723","BP_0004","BP","2023-10-18",123,0,"COMPLETE",2,true
"RCP_005627","SHP_005530","PO_004735","BP_0010","BP","2023-10-18",45,0,"COMPLETE",2,true
"RCP_005628","SHP_005763","PO_004761","BP_0008","BP","2023-10-18",193,0,"COMPLETE",-1,true
"RCP_005629","SHP_005565","PO_005233","FL_0010","FL","2023-10-18",159,0,"COMPLETE",5,true
"RCP_005630","SHP_005631","PO_005099","FL_0004","FL","2023-10-18",87,0,"COMPLETE",0,true
"RCP_005631","SHP_005482","PO_009213","UO_0017","UO","2023-10-18",51,0,"COMPLETE",11,true
"RCP_005632","SHP_005572","PO_009499","FL_0002","FL","2023-10-18",49,0,"COMPLETE",5,true
"RCP_005633","SHP_005641","PO_009608","BP_0017","BP","2023-10-18",86,0,"PARTIAL",4,true
"RCP_005634","SHP_005676","PO_003381","UO_0017","UO","2023-10-18",13,0,"PARTIAL",-1,true
"RCP_005635","SHP_005560","PO_001929","FL_0013","FL","2023-10-18",53,0,"COMPLETE",5,true
"RCP_005636","SHP_005634","PO_006265","FL_0007","FL","2023-10-18",72,0,"PARTIAL",0,true
"RCP_005637","SHP_005661","PO_005850","BP_0009","BP","2023-10-18",126,0,"COMPLETE",2,true
"RCP_005638","SHP_005650","PO_002986","BP_0014","BP","2023-10-18",110,0,"PARTIAL",3,true
"RCP_005639","SHP_005695","PO_005528","FL_0005","FL","2023-10-18",68,0,"COMPLETE",0,true
"RCP_005640","SHP_005578","PO_002528","BP_0013","BP","2023-10-18",159,0,"COMPLETE",-1,true
"RCP_005641","SHP_005786","PO_003546","UO_0017","UO","2023-10-18",62,0,"COMPLETE",-1,true
"RCP_005642","SHP_005522","PO_007504","FL_0002","FL","2023-10-18",95,0,"COMPLETE",8,true
"RCP_005643","SHP_005554","PO_000450","BP_0010","BP","2023-10-19",143,0,"COMPLETE",1,true
"RCP_005644","SHP_005571","PO_008533","BP_0012","BP","2023-10-19",119,0,"COMPLETE",1,true
"RCP_005645","SHP_005547","PO_005554","FL_0002","FL","2023-10-19",121,0,"COMPLETE",7,true
"RCP_005646","SHP_005569","PO_007699","FL_0020","FL","2023-10-19",74,4,"PARTIAL",5,true
"RCP_005647","SHP_005577","PO_002422","FL_0008","FL","2023-10-19",188,0,"COMPLETE",4,true
"RCP_005648","SHP_005614","PO_002451","FL_0014","FL","2023-10-19",123,0,"COMPLETE",2,true
"RCP_005649","SHP_005484","PO_009979","FL_0002","FL","2023-10-19",192,0,"COMPLETE",12,true
"RCP_005650","SHP_005772","PO_003544","UO_0006","UO","2023-10-19",180,0,"COMPLETE",1,true
"RCP_005651","SHP_005780","PO_010007","UO_0020","UO","2023-10-19",184,0,"COMPLETE",1,true
"RCP_005652","SHP_005493","PO_006283","BP_0013","BP","2023-10-19",91,0,"COMPLETE",10,true
"RCP_005653","SHP_005647","PO_001927","FL_0010","FL","2023-10-19",78,0,"COMPLETE",0,true
"RCP_005654","SHP_005710","PO_008206","FL_0005","FL","2023-10-19",185,0,"COMPLETE",0,true
"RCP_005655","SHP_005568","PO_007009","FL_0005","FL","2023-10-19",168,0,"COMPLETE",5,true
"RCP_005656","SHP_005747","PO_001465","UO_0001","UO","2023-10-19",118,0,"PARTIAL",-1,true
"RCP_005657","SHP_005686","PO_000413","UO_0015","UO","2023-10-20",99,0,"PARTIAL",4,true
"RCP_005658","SHP_005591","PO_004913","FL_0012","FL","2023-10-20",27,0,"COMPLETE",4,true
"RCP_005659","SHP_005588","PO_004153","FL_0016","FL","2023-10-20",170,0,"COMPLETE",5,true
"RCP_005660","SHP_005636","PO_007925","FL_0006","FL","2023-10-20",191,0,"COMPLETE",2,true
"RCP_005661","SHP_005745","PO_009606","FL_0019","FL","2023-10-20",142,0,"COMPLETE",-1,true
"RCP_005662","SHP_005693","PO_002919","UO_0004","UO","2023-10-20",189,0,"COMPLETE",4,true
"RCP_005663","SHP_005505","PO_003294","UO_0015","UO","2023-10-20",191,0,"COMPLETE",11,true
"RCP_005664","SHP_005646","PO_001349","BP_0013","BP","2023-10-20",75,0,"COMPLETE",5,true
"RCP_005665","SHP_005658","PO_002487","FL_0004","FL","2023-10-20",116,0,"COMPLETE",0,true
"RCP_005666","SHP_005635","PO_007156","FL_0009","FL","2023-10-20",179,0,"COMPLETE",1,true
"RCP_005667","SHP_005495","PO_007608","FL_0012","FL","2023-10-20",130,0,"COMPLETE",12,true
"RCP_005668","SHP_005587","PO_003630","BP_0020","BP","2023-10-20",42,0,"PARTIAL",4,true
"RCP_005669","SHP_005509","PO_006038","FL_0017","FL","2023-10-20",68,0,"COMPLETE",11,true
"RCP_005670","SHP_005664","PO_006551","BP_0008","BP","2023-10-20",71,0,"COMPLETE",4,true
"RCP_005671","SHP_005643","PO_000697","BP_0016","BP","2023-10-20",192,0,"COMPLETE",5,true
"RCP_005672","SHP_005615","PO_002707","FL_0005","FL","2023-10-20",130,0,"COMPLETE",3,true
"RCP_005673","SHP_005684","PO_008817","BP_0018","BP","2023-10-21",34,0,"COMPLETE",4,true
"RCP_005674","SHP_005510","PO_007081","FL_0018","FL","2023-10-21",22,0,"COMPLETE",12,true
"RCP_005675","SHP_005755","PO_009410","FL_0011","FL","2023-10-21",30,0,"COMPLETE",-1,true
"RCP_005676","SHP_005720","PO_003153","UO_0005","UO","2023-10-21",74,0,"COMPLETE",3,true
"RCP_005677","SHP_005675","PO_002629","BP_0005","BP","2023-10-21",176,0,"COMPLETE",5,true
"RCP_005678","SHP_005652","PO_004117","BP_0002","BP","2023-10-21",151,0,"COMPLETE",1,true
"RCP_005679","SHP_005744","PO_008302","FL_0012","FL","2023-10-21",26,0,"COMPLETE",0,true
"RCP_005680","SHP_005732","PO_000142","UO_0013","UO","2023-10-22",44,0,"COMPLETE",3,true
"RCP_005681","SHP_005671","PO_000267","FL_0012","FL","2023-10-22",67,0,"COMPLETE",0,true
"RCP_005682","SHP_005563","PO_004728","FL_0018","FL","2023-10-22",98,0,"PARTIAL",9,true
"RCP_005683","SHP_005729","PO_008604","BP_0005","BP","2023-10-22",105,0,"COMPLETE",3,true
"RCP_005684","SHP_005730","PO_008712","FL_0006","FL","2023-10-22",194,0,"COMPLETE",2,true
"RCP_005685","SHP_005809","PO_009995","BP_0018","BP","2023-10-22",14,0,"COMPLETE",0,true
"RCP_005686","SHP_005537","PO_000561","FL_0009","FL","2023-10-22",40,0,"COMPLETE",10,true
"RCP_005687","SHP_005840","PO_001518","UO_0012","UO","2023-10-22",174,0,"COMPLETE",-1,true
"RCP_005688","SHP_005625","PO_001968","BP_0005","BP","2023-10-22",181,0,"PARTIAL",3,true
"RCP_005689","SHP_005599","PO_000578","BP_0007","BP","2023-10-22",188,0,"COMPLETE",1,true
"RCP_005690","SHP_005835","PO_008335","BP_0013","BP","2023-10-23",34,0,"COMPLETE",-1,true
"RCP_005691","SHP_005762","PO_004081","FL_0011","FL","2023-10-23",168,0,"COMPLETE",0,true
"RCP_005692","SHP_005741","PO_005516","UO_0004","UO","2023-10-23",40,0,"PARTIAL",4,true
"RCP_005693","SHP_005725","PO_005631","BP_0007","BP","2023-10-23",51,0,"PARTIAL",3,true
"RCP_005694","SHP_005667","PO_007854","FL_0020","FL","2023-10-23",115,0,"COMPLETE",3,true
"RCP_005695","SHP_005584","PO_008134","FL_0005","FL","2023-10-23",140,0,"COMPLETE",9,true
"RCP_005696","SHP_005737","PO_002998","UO_0016","UO","2023-10-23",190,0,"COMPLETE",4,true
"RCP_005697","SHP_005632","PO_006108","FL_0012","FL","2023-10-23",83,0,"COMPLETE",5,true
"RCP_005698","SHP_005855","PO_002720","UO_0008","UO","2023-10-23",12,0,"COMPLETE",-1,true
"RCP_005699","SHP_005797","PO_002734","BP_0007","BP","2023-10-23",136,0,"COMPLETE",1,true
"RCP_005700","SHP_005719","PO_001786","UO_0016","UO","2023-10-23",115,0,"PARTIAL",5,true
"RCP_005701","SHP_005698","PO_006717","FL_0003","FL","2023-10-23",17,0,"PARTIAL",1,true
"RCP_005702","SHP_005660","PO_005628","UO_0014","UO","2023-10-23",68,0,"COMPLETE",3,true
"RCP_005703","SHP_005607","PO_005982","FL_0013","FL","2023-10-23",159,0,"COMPLETE",7,true
"RCP_005704","SHP_005657","PO_002004","FL_0001","FL","2023-10-23",105,0,"COMPLETE",3,true
"RCP_005705","SHP_005612","PO_000128","BP_0004","BP","2023-10-24",26,0,"PARTIAL",2,true
"RCP_005706","SHP_005703","PO_000681","BP_0016","BP","2023-10-24",122,0,"PARTIAL",5,true
"RCP_005707","SHP_005699","PO_007834","UO_0016","UO","2023-10-24",183,0,"COMPLETE",4,true
"RCP_005708","SHP_005602","PO_003111","UO_0016","UO","2023-10-24",104,0,"PARTIAL",8,true
"RCP_005709","SHP_005753","PO_006252","BP_0017","BP","2023-10-24",58,0,"COMPLETE",2,true
"RCP_005710","SHP_005662","PO_006349","FL_0009","FL","2023-10-24",110,0,"COMPLETE",4,true
"RCP_005711","SHP_005789","PO_006123","FL_0019","FL","2023-10-24",64,0,"COMPLETE",-1,true
"RCP_005712","SHP_005708","PO_006073","FL_0008","FL","2023-10-24",49,0,"PARTIAL",1,true
"RCP_005713","SHP_005716","PO_000163","FL_0020","FL","2023-10-25",135,0,"PARTIAL",1,true
"RCP_005714","SHP_005717","PO_000319","UO_0008","UO","2023-10-25",85,0,"COMPLETE",3,true
"RCP_005715","SHP_005678","PO_004562","FL_0011","FL","2023-10-25",145,0,"PARTIAL",4,true
"RCP_005716","SHP_005620","PO_008568","FL_0007","FL","2023-10-25",132,0,"COMPLETE",8,true
"RCP_005717","SHP_005774","PO_004018","FL_0004","FL","2023-10-25",90,0,"COMPLETE",1,true
"RCP_005718","SHP_005845","PO_005509","UO_0001","UO","2023-10-25",40,0,"COMPLETE",2,true
"RCP_005719","SHP_005759","PO_002223","FL_0001","FL","2023-10-25",98,0,"COMPLETE",2,true
"RCP_005720","SHP_005790","PO_008138","UO_0010","UO","2023-10-25",21,0,"COMPLETE",2,true
"RCP_005721","SHP_005712","PO_009658","UO_0020","UO","2023-10-25",98,0,"COMPLETE",4,true
"RCP_005722","SHP_005758","PO_001413","BP_0005","BP","2023-10-25",73,0,"COMPLETE",2,true
"RCP_005723","SHP_005796","PO_002483","FL_0008","FL","2023-10-25",87,0,"COMPLETE",-1,true
"RCP_005724","SHP_005618","PO_006747","FL_0010","FL","2023-10-25",121,0,"PARTIAL",8,true
"RCP_005725","SHP_005726","PO_006035","FL_0008","FL","2023-10-25",36,0,"COMPLETE",1,true
"RCP_005726","SHP_005704","PO_001135","BP_0001","BP","2023-10-25",26,0,"PARTIAL",1,true
"RCP_005727","SHP_005573","PO_000167","FL_0012","FL","2023-10-26",97,4,"COMPLETE",12,true
"RCP_005728","SHP_005583","PO_005306","BP_0014","BP","2023-10-26",32,0,"PARTIAL",11,true
"RCP_005729","SHP_005663","PO_006490","UO_0007","UO","2023-10-26",70,0,"COMPLETE",6,true
"RCP_005730","SHP_005779","PO_009624","BP_0020","BP","2023-10-26",102,0,"COMPLETE",3,true
"RCP_005731","SHP_005871","PO_003193","BP_0019","BP","2023-10-26",25,0,"COMPLETE",-1,true
"RCP_005732","SHP_005802","PO_006840","BP_0009","BP","2023-10-26",47,0,"COMPLETE",0,true
"RCP_005733","SHP_005735","PO_001823","UO_0015","UO","2023-10-26",37,0,"PARTIAL",3,true
"RCP_005734","SHP_005756","PO_010012","FL_0005","FL","2023-10-26",200,0,"COMPLETE",-1,true
"RCP_005735","SHP_005714","PO_010202","FL_0012","FL","2023-10-26",41,0,"COMPLETE",2,true
"RCP_005736","SHP_005769","PO_003055","FL_0009","FL","2023-10-26",173,0,"PARTIAL",2,true
"RCP_005737","SHP_005783","PO_001609","FL_0011","FL","2023-10-26",22,0,"COMPLETE",1,true
"RCP_005738","SHP_005781","PO_010201","FL_0017","FL","2023-10-26",38,0,"COMPLETE",2,true
"RCP_005739","SHP_005775","PO_004686","UO_0002","UO","2023-10-27",52,0,"PARTIAL",1,true
"RCP_005740","SHP_005722","PO_004707","BP_0007","BP","2023-10-27",75,0,"PARTIAL",2,true
"RCP_005741","SHP_005679","PO_005309","FL_0018","FL","2023-10-27",126,0,"COMPLETE",5,true
"RCP_005742","SHP_005773","PO_003940","BP_0012","BP","2023-10-27",63,0,"COMPLETE",4,true
"RCP_005743","SHP_005653","PO_004130","FL_0011","FL","2023-10-27",37,0,"COMPLETE",8,true
"RCP_005744","SHP_005589","PO_004174","FL_0018","FL","2023-10-27",189,0,"COMPLETE",12,true
"RCP_005745","SHP_005823","PO_009042","FL_0018","FL","2023-10-27",25,0,"COMPLETE",0,true
"RCP_005746","SHP_005640","PO_009221","BP_0010","BP","2023-10-27",126,0,"COMPLETE",4,true
"RCP_005747","SHP_005850","PO_009838","BP_0016","BP","2023-10-27",200,0,"COMPLETE",2,true
"RCP_005748","SHP_005782","PO_001257","BP_0003","BP","2023-10-27",69,0,"COMPLETE",2,true
"RCP_005749","SHP_005829","PO_002955","BP_0001","BP","2023-10-27",38,0,"PARTIAL",0,true
"RCP_005750","SHP_005843","PO_003300","BP_0020","BP","2023-10-27",17,0,"COMPLETE",-1,true
"RCP_005751","SHP_005803","PO_007254","FL_0011","FL","2023-10-27",135,0,"COMPLETE",1,true
"RCP_005752","SHP_005760","PO_002479","BP_0017","BP","2023-10-27",111,0,"COMPLETE",4,true
"RCP_005753","SHP_005801","PO_004853","BP_0002","BP","2023-10-27",36,0,"COMPLETE",1,true
"RCP_005754","SHP_005757","PO_001404","UO_0010","UO","2023-10-27",117,4,"COMPLETE",0,true
"RCP_005755","SHP_005696","PO_006202","BP_0008","BP","2023-10-27",59,0,"COMPLETE",0,true
"RCP_005756","SHP_005905","PO_004329","UO_0008","UO","2023-10-27",126,0,"COMPLETE",0,true
"RCP_005757","SHP_005811","PO_000520","BP_0006","BP","2023-10-28",187,0,"COMPLETE",1,true
"RCP_005758","SHP_005858","PO_003899","UO_0007","UO","2023-10-28",89,0,"COMPLETE",0,true
"RCP_005759","SHP_005706","PO_005045","BP_0006","BP","2023-10-28",32,0,"PARTIAL",0,true
"RCP_005760","SHP_005606","PO_005151","FL_0006","FL","2023-10-28",66,0,"COMPLETE",12,true
"RCP_005761","SHP_005791","PO_008732","BP_0012","BP","2023-10-28",106,0,"COMPLETE",4,true
"RCP_005762","SHP_005694","PO_004148","BP_0019","BP","2023-10-28",190,0,"COMPLETE",1,true
"RCP_005763","SHP_005764","PO_005511","BP_0018","BP","2023-10-28",53,0,"COMPLETE",5,true
"RCP_005764","SHP_005813","PO_001051","UO_0006","UO","2023-10-28",74,0,"COMPLETE",3,true
"RCP_005765","SHP_005792","PO_009113","BP_0015","BP","2023-10-28",188,0,"COMPLETE",4,true
"RCP_005766","SHP_005814","PO_001190","FL_0001","FL","2023-10-28",129,0,"COMPLETE",1,true
"RCP_005767","SHP_005622","PO_009705","FL_0008","FL","2023-10-28",34,0,"PARTIAL",11,true
"RCP_005768","SHP_005877","PO_007193","UO_0004","UO","2023-10-28",135,2,"COMPLETE",-1,true
"RCP_005769","SHP_005784","PO_001642","BP_0014","BP","2023-10-28",28,0,"COMPLETE",3,true
"RCP_005770","SHP_005638","PO_009008","FL_0013","FL","2023-10-28",118,0,"PARTIAL",10,true
"RCP_005771","SHP_005894","PO_007851","BP_0020","BP","2023-10-28",107,0,"COMPLETE",0,true
"RCP_005772","SHP_005859","PO_006028","BP_0010","BP","2023-10-28",54,0,"COMPLETE",-1,true
"RCP_005773","SHP_005723","PO_004826","BP_0005","BP","2023-10-29",179,0,"COMPLETE",4,true
"RCP_005774","SHP_005768","PO_002283","UO_0016","UO","2023-10-29",178,0,"COMPLETE",3,true
"RCP_005775","SHP_005909","PO_009466","UO_0015","UO","2023-10-29",56,0,"PARTIAL",2,true
"RCP_005776","SHP_005864","PO_009748","UO_0001","UO","2023-10-29",138,0,"PARTIAL",1,true
"RCP_005777","SHP_005865","PO_009835","FL_0014","FL","2023-10-29",57,0,"PARTIAL",-1,true
"RCP_005778","SHP_005705","PO_003775","BP_0015","BP","2023-10-29",151,0,"COMPLETE",5,true
"RCP_005779","SHP_005927","PO_009367","BP_0008","BP","2023-10-29",190,0,"COMPLETE",-1,true
"RCP_005780","SHP_005885","PO_002447","BP_0003","BP","2023-10-29",105,0,"COMPLETE",1,true
"RCP_005781","SHP_005825","PO_000071","BP_0005","BP","2023-10-30",84,0,"COMPLETE",3,true
"RCP_005782","SHP_005844","PO_004374","FL_0013","FL","2023-10-30",89,2,"COMPLETE",1,true
"RCP_005783","SHP_005711","PO_009415","BP_0010","BP","2023-10-30",135,0,"COMPLETE",2,true
"RCP_005784","SHP_005903","PO_003216","UO_0014","UO","2023-10-30",173,0,"COMPLETE",-1,true
"RCP_005785","SHP_005937","PO_006209","BP_0003","BP","2023-10-30",10,0,"PARTIAL",-1,true
"RCP_005786","SHP_005854","PO_001805","UO_0010","UO","2023-10-30",150,0,"COMPLETE",2,true
"RCP_005787","SHP_005626","PO_002543","BP_0018","BP","2023-10-30",81,0,"PARTIAL",11,true
"RCP_005788","SHP_005870","PO_003171","BP_0019","BP","2023-10-30",82,0,"COMPLETE",-1,true
"RCP_005789","SHP_005793","PO_001788","FL_0003","FL","2023-10-30",83,0,"COMPLETE",0,true
"RCP_005790","SHP_005904","PO_003760","UO_0006","UO","2023-10-30",193,0,"COMPLETE",-1,true
"RCP_005791","SHP_005873","PO_003948","FL_0016","FL","2023-10-30",165,0,"COMPLETE",-1,true
"RCP_005792","SHP_005683","PO_008355","BP_0008","BP","2023-10-30",189,0,"COMPLETE",4,true
"RCP_005793","SHP_005852","PO_000387","FL_0009","FL","2023-10-31",82,0,"COMPLETE",1,true
"RCP_005794","SHP_005687","PO_000503","UO_0015","UO","2023-10-31",160,0,"PARTIAL",9,true
"RCP_005795","SHP_005896","PO_008619","FL_0001","FL","2023-10-31",63,0,"COMPLETE",-1,true
"RCP_005796","SHP_005836","PO_009431","UO_0001","UO","2023-10-31",174,0,"COMPLETE",1,true
"RCP_005797","SHP_005830","PO_003128","UO_0007","UO","2023-10-31",152,0,"COMPLETE",5,true
"RCP_005798","SHP_005891","PO_006086","BP_0003","BP","2023-10-31",105,0,"COMPLETE",0,true
"RCP_005799","SHP_005897","PO_008901","UO_0017","UO","2023-10-31",100,0,"COMPLETE",1,true
"RCP_005800","SHP_005805","PO_007782","FL_0005","FL","2023-10-31",160,0,"COMPLETE",0,true
"RCP_005801","SHP_005677","PO_003849","BP_0010","BP","2023-10-31",45,0,"PARTIAL",9,true
"RCP_005802","SHP_005750","PO_004401","BP_0015","BP","2023-10-31",191,0,"COMPLETE",4,true
"RCP_005803","SHP_005848","PO_008738","UO_0002","UO","2023-10-31",153,0,"COMPLETE",4,true
"RCP_005804","SHP_005766","PO_009079","FL_0006","FL","2023-10-31",130,0,"COMPLETE",4,true
"RCP_005805","SHP_005748","PO_002727","FL_0005","FL","2023-10-31",30,0,"PARTIAL",5,true
"RCP_005806","SHP_005785","PO_002473","FL_0008","FL","2023-10-31",60,0,"COMPLETE",2,true
"RCP_005807","SHP_005842","PO_002696","UO_0004","UO","2023-10-31",144,0,"COMPLETE",0,true
"RCP_005808","SHP_005900","PO_001288","BP_0007","BP","2023-10-31",148,0,"COMPLETE",2,true
"RCP_005809","SHP_005751","PO_004550","BP_0020","BP","2023-11-01",98,0,"PARTIAL",1,true
"RCP_005810","SHP_005868","PO_001041","FL_0005","FL","2023-11-01",49,0,"COMPLETE",1,true
"RCP_005811","SHP_005743","PO_007898","BP_0007","BP","2023-11-01",37,0,"COMPLETE",2,true
"RCP_005812","SHP_005928","PO_009585","UO_0006","UO","2023-11-01",139,0,"COMPLETE",0,true
"RCP_005813","SHP_005867","PO_000563","BP_0009","BP","2023-11-01",34,0,"COMPLETE",1,true
"RCP_005814","SHP_005907","PO_005828","BP_0006","BP","2023-11-01",87,0,"COMPLETE",-1,true
"RCP_005815","SHP_005798","PO_002791","FL_0001","FL","2023-11-01",60,0,"COMPLETE",2,true
"RCP_005816","SHP_005922","PO_006681","BP_0001","BP","2023-11-01",29,0,"COMPLETE",-1,true
"RCP_005817","SHP_005819","PO_006690","UO_0013","UO","2023-11-01",130,0,"COMPLETE",3,true
"RCP_005818","SHP_005807","PO_008914","FL_0013","FL","2023-11-01",198,0,"COMPLETE",1,true
"RCP_005819","SHP_005882","PO_000083","FL_0006","FL","2023-11-02",128,0,"COMPLETE",1,true
"RCP_005820","SHP_005715","PO_000098","FL_0016","FL","2023-11-02",58,0,"PARTIAL",9,true
"RCP_005821","SHP_005888","PO_004669","UO_0005","UO","2023-11-02",89,0,"COMPLETE",3,true
"RCP_005822","SHP_005740","PO_004882","FL_0006","FL","2023-11-02",133,0,"PARTIAL",8,true
"RCP_005823","SHP_005804","PO_007763","FL_0013","FL","2023-11-02",47,0,"COMPLETE",3,true
"RCP_005824","SHP_005685","PO_009382","FL_0006","FL","2023-11-02",181,0,"COMPLETE",12,true
"RCP_005825","SHP_005749","PO_003642","BP_0001","BP","2023-11-02",47,0,"COMPLETE",6,true
"RCP_005826","SHP_005767","PO_001512","UO_0012","UO","2023-11-02",169,0,"COMPLETE",5,true
"RCP_005827","SHP_005847","PO_007145","BP_0006","BP","2023-11-02",149,0,"COMPLETE",4,true
"RCP_005828","SHP_005902","PO_002613","FL_0017","FL","2023-11-02",160,0,"COMPLETE",0,true
"RCP_005829","SHP_005861","PO_007246","BP_0015","BP","2023-11-02",98,0,"COMPLETE",3,true
"RCP_005830","SHP_005778","PO_006564","FL_0003","FL","2023-11-02",59,2,"COMPLETE",5,true
"RCP_005831","SHP_005881","PO_009347","BP_0017","BP","2023-11-02",61,0,"COMPLETE",3,true
"RCP_005832","SHP_005834","PO_007428","UO_0020","UO","2023-11-02",19,0,"COMPLETE",3,true
"RCP_005833","SHP_005828","PO_002712","FL_0005","FL","2023-11-02",12,0,"COMPLETE",0,true
"RCP_005834","SHP_005734","PO_001794","BP_0014","BP","2023-11-02",115,0,"COMPLETE",3,true
"RCP_005835","SHP_005765","PO_005526","FL_0008","FL","2023-11-02",94,0,"PARTIAL",6,true
"RCP_005836","SHP_005901","PO_001500","UO_0001","UO","2023-11-02",53,0,"COMPLETE",2,true
"RCP_005837","SHP_005933","PO_001485","UO_0013","UO","2023-11-02",153,0,"COMPLETE",0,true
"RCP_005838","SHP_005672","PO_000293","BP_0019","BP","2023-11-03",52,0,"COMPLETE",12,true
"RCP_005839","SHP_005739","PO_004668","BP_0012","BP","2023-11-03",26,0,"PARTIAL",4,true
"RCP_005840","SHP_005787","PO_004823","BP_0009","BP","2023-11-03",81,0,"PARTIAL",4,true
"RCP_005841","SHP_005862","PO_008438","UO_0010","UO","2023-11-03",70,0,"COMPLETE",2,true
"RCP_005842","SHP_005832","PO_004997","FL_0004","FL","2023-11-03",160,0,"COMPLETE",1,true
"RCP_005843","SHP_005935","PO_004000","BP_0013","BP","2023-11-03",171,0,"COMPLETE",0,true
"RCP_005844","SHP_005688","PO_000984","FL_0016","FL","2023-11-03",157,0,"COMPLETE",12,true
"RCP_005845","SHP_005689","PO_001049","FL_0017","FL","2023-11-03",159,0,"COMPLETE",12,true
"RCP_005846","SHP_005898","PO_009697","UO_0009","UO","2023-11-03",111,3,"COMPLETE",0,true
"RCP_005847","SHP_005886","PO_003116","FL_0004","FL","2023-11-03",89,0,"COMPLETE",2,true
"RCP_005848","SHP_005692","PO_002781","BP_0019","BP","2023-11-03",53,0,"PARTIAL",11,true
"RCP_005849","SHP_005921","PO_005779","UO_0006","UO","2023-11-03",104,0,"COMPLETE",2,true
"RCP_005850","SHP_005853","PO_001573","BP_0008","BP","2023-11-03",166,0,"COMPLETE",4,true
"RCP_005851","SHP_005846","PO_006292","UO_0003","UO","2023-11-03",121,0,"COMPLETE",1,true
"RCP_005852","SHP_005869","PO_002443","UO_0007","UO","2023-11-03",83,0,"COMPLETE",1,true
"RCP_005853","SHP_005949","PO_002038","BP_0010","BP","2023-11-03",141,0,"COMPLETE",1,true
"RCP_005854","SHP_005860","PO_007110","FL_0011","FL","2023-11-03",62,0,"COMPLETE",-1,true
"RCP_005855","SHP_005913","PO_001952","BP_0008","BP","2023-11-03",14,0,"COMPLETE",1,true
"RCP_005856","SHP_005771","PO_003485","UO_0019","UO","2023-11-03",108,0,"COMPLETE",6,true
"RCP_005857","SHP_005926","PO_009014","FL_0012","FL","2023-11-03",37,0,"COMPLETE",0,true
"RCP_005858","SHP_005934","PO_001563","FL_0005","FL","2023-11-03",40,0,"COMPLETE",-1,true
"RCP_005859","SHP_005702","PO_000360","BP_0009","BP","2023-11-04",103,0,"PARTIAL",11,true
"RCP_005860","SHP_005754","PO_007826","BP_0001","BP","2023-11-04",28,0,"PARTIAL",8,true
"RCP_005861","SHP_005967","PO_008079","BP_0004","BP","2023-11-04",136,0,"PARTIAL",1,true
"RCP_005862","SHP_005931","PO_009955","BP_0019","BP","2023-11-04",85,0,"PARTIAL",1,true
"RCP_005863","SHP_005713","PO_009958","FL_0001","FL","2023-11-04",99,0,"COMPLETE",12,true
"RCP_005864","SHP_005932","PO_010075","FL_0009","FL","2023-11-04",154,0,"COMPLETE",1,true
"RCP_005865","SHP_005761","PO_003041","FL_0016","FL","2023-11-04",44,0,"PARTIAL",8,true
"RCP_005866","SHP_005770","PO_003079","FL_0014","FL","2023-11-04",17,0,"PARTIAL",7,true
"RCP_005867","SHP_005959","PO_003359","UO_0010","UO","2023-11-04",144,0,"COMPLETE",-1,true
"RCP_005868","SHP_005733","PO_001463","FL_0010","FL","2023-11-04",119,0,"PARTIAL",10,true
"RCP_005869","SHP_005721","PO_003693","FL_0005","FL","2023-11-04",103,0,"PARTIAL",11,true
"RCP_005870","SHP_005820","PO_006852","BP_0017","BP","2023-11-04",20,0,"COMPLETE",-1,true
"RCP_005871","SHP_005939","PO_010042","FL_0008","FL","2023-11-04",163,0,"COMPLETE",0,true
"RCP_005872","SHP_005800","PO_004586","FL_0004","FL","2023-11-05",113,0,"PARTIAL",5,true
"RCP_005873","SHP_005728","PO_008450","BP_0010","BP","2023-11-05",196,0,"COMPLETE",11,true
"RCP_005874","SHP_005915","PO_003936","FL_0014","FL","2023-11-05",130,0,"COMPLETE",2,true
"RCP_005875","SHP_005955","PO_008616","BP_0008","BP","2023-11-05",109,0,"PARTIAL",0,true
"RCP_005876","SHP_005890","PO_005193","FL_0001","FL","2023-11-05",134,0,"COMPLETE",-1,true
"RCP_005877","SHP_006002","PO_004150","BP_0002","BP","2023-11-05",56,0,"COMPLETE",-1,true
"RCP_005878","SHP_005880","PO_009341","FL_0004","FL","2023-11-05",138,0,"COMPLETE",0,true
"RCP_005879","SHP_005944","PO_003135","FL_0018","FL","2023-11-05",155,0,"COMPLETE",0,true
"RCP_005880","SHP_005799","PO_003319","FL_0008","FL","2023-11-05",151,0,"COMPLETE",6,true
"RCP_005881","SHP_005982","PO_003842","UO_0001","UO","2023-11-05",184,0,"COMPLETE",2,true
"RCP_005882","SHP_005815","PO_002115","UO_0012","UO","2023-11-05",48,0,"PARTIAL",5,true
"RCP_005883","SHP_005965","PO_007515","BP_0002","BP","2023-11-05",15,0,"COMPLETE",2,true
"RCP_005884","SHP_005742","PO_007074","FL_0001","FL","2023-11-05",172,0,"COMPLETE",11,true
"RCP_005885","SHP_005942","PO_001782","BP_0005","BP","2023-11-05",94,0,"PARTIAL",0,true
"RCP_005886","SHP_005938","PO_007143","FL_0007","FL","2023-11-05",122,0,"COMPLETE",1,true
"RCP_005887","SHP_005808","PO_009186","FL_0009","FL","2023-11-05",108,0,"COMPLETE",6,true
"RCP_005888","SHP_005812","PO_000815","FL_0007","FL","2023-11-05",145,0,"COMPLETE",5,true
"RCP_005889","SHP_005822","PO_008885","BP_0002","BP","2023-11-05",52,0,"COMPLETE",0,true
"RCP_005890","SHP_005838","PO_009815","FL_0006","FL","2023-11-05",177,0,"COMPLETE",4,true
"RCP_005891","SHP_005906","PO_005026","UO_0008","UO","2023-11-05",36,0,"COMPLETE",5,true
"RCP_005892","SHP_005989","PO_007658","BP_0005","BP","2023-11-05",111,0,"COMPLETE",0,true
"RCP_005893","SHP_005746","PO_009620","FL_0007","FL","2023-11-05",27,0,"COMPLETE",11,true
"RCP_005894","SHP_005752","PO_004884","FL_0017","FL","2023-11-06",109,0,"COMPLETE",11,true
"RCP_005895","SHP_005776","PO_005512","FL_0004","FL","2023-11-06",66,0,"COMPLETE",9,true
"RCP_005896","SHP_005983","PO_004378","BP_0004","BP","2023-11-06",86,0,"COMPLETE",1,true
"RCP_005897","SHP_005821","PO_008236","BP_0018","BP","2023-11-06",185,0,"COMPLETE",1,true
"RCP_005898","SHP_005956","PO_009120","BP_0014","BP","2023-11-06",21,0,"COMPLETE",0,true
"RCP_005899","SHP_005816","PO_003382","FL_0020","FL","2023-11-06",103,0,"COMPLETE",6,true
"RCP_005900","SHP_005833","PO_006682","FL_0006","FL","2023-11-06",107,0,"COMPLETE",5,true
"RCP_005901","SHP_006030","PO_004987","UO_0020","UO","2023-11-06",93,0,"COMPLETE",0,true
"RCP_005902","SHP_005957","PO_009128","UO_0018","UO","2023-11-06",89,0,"COMPLETE",2,true
"RCP_005903","SHP_005980","PO_003174","BP_0014","BP","2023-11-06",57,0,"COMPLETE",1,true
"RCP_005904","SHP_005936","PO_004504","UO_0007","UO","2023-11-07",153,0,"PARTIAL",5,true
"RCP_005905","SHP_005872","PO_003236","BP_0014","BP","2023-11-07",176,8,"COMPLETE",2,true
"RCP_005906","SHP_005912","PO_000767","BP_0020","BP","2023-11-07",179,0,"COMPLETE",5,true
"RCP_005907","SHP_005925","PO_008865","UO_0012","UO","2023-11-07",59,0,"COMPLETE",2,true
"RCP_005908","SHP_005923","PO_007600","BP_0004","BP","2023-11-07",171,0,"COMPLETE",4,true
"RCP_005909","SHP_005997","PO_001819","UO_0004","UO","2023-11-07",60,0,"COMPLETE",-1,true
"RCP_005910","SHP_005893","PO_007421","FL_0007","FL","2023-11-07",47,0,"COMPLETE",2,true
"RCP_005911","SHP_005788","PO_005646","FL_0013","FL","2023-11-07",144,0,"COMPLETE",9,true
"RCP_005912","SHP_005988","PO_007011","BP_0019","BP","2023-11-07",90,0,"COMPLETE",2,true
"RCP_005913","SHP_005973","PO_006240","FL_0013","FL","2023-11-07",156,0,"COMPLETE",-1,true
"RCP_005914","SHP_005841","PO_001661","BP_0007","BP","2023-11-07",61,0,"COMPLETE",0,true
"RCP_005915","SHP_005839","PO_000127","BP_0013","BP","2023-11-08",121,0,"COMPLETE",5,true
"RCP_005916","SHP_005976","PO_000195","UO_0018","UO","2023-11-08",135,0,"COMPLETE",1,true
"RCP_005917","SHP_005924","PO_008373","BP_0001","BP","2023-11-08",28,0,"PARTIAL",5,true
"RCP_005918","SHP_005960","PO_003994","FL_0007","FL","2023-11-08",174,0,"COMPLETE",1,true
"RCP_005919","SHP_006007","PO_007707","BP_0009","BP","2023-11-08",66,2,"PARTIAL",-1,true
"RCP_005920","SHP_005992","PO_009670","FL_0016","FL","2023-11-08",153,0,"COMPLETE",-1,true
"RCP_005921","SHP_005851","PO_010089","FL_0010","FL","2023-11-08",59,0,"COMPLETE",6,true
"RCP_005922","SHP_005777","PO_006025","FL_0012","FL","2023-11-08",31,0,"COMPLETE",11,true
"RCP_005923","SHP_006008","PO_007966","BP_0012","BP","2023-11-08",119,0,"COMPLETE",-1,true
"RCP_005924","SHP_005984","PO_005973","UO_0020","UO","2023-11-08",49,0,"COMPLETE",1,true
"RCP_005925","SHP_005794","PO_001934","BP_0005","BP","2023-11-08",177,0,"COMPLETE",4,true
"RCP_005926","SHP_005857","PO_003367","FL_0005","FL","2023-11-08",140,0,"PARTIAL",5,true
"RCP_005927","SHP_005987","PO_006988","UO_0006","UO","2023-11-08",187,0,"COMPLETE",1,true
"RCP_005928","SHP_005958","PO_000148","FL_0014","FL","2023-11-09",53,0,"COMPLETE",2,true
"RCP_005929","SHP_005961","PO_005011","FL_0004","FL","2023-11-09",184,0,"COMPLETE",2,true
"RCP_005930","SHP_005879","PO_008563","BP_0014","BP","2023-11-09",107,0,"PARTIAL",0,true
"RCP_005931","SHP_005806","PO_008704","FL_0004","FL","2023-11-09",136,0,"COMPLETE",10,true
"RCP_005932","SHP_005951","PO_005515","UO_0005","UO","2023-11-09",63,0,"COMPLETE",5,true
"RCP_005933","SHP_006046","PO_005600","BP_0013","BP","2023-11-09",77,0,"COMPLETE",0,true
"RCP_005934","SHP_005920","PO_005638","BP_0008","BP","2023-11-09",123,0,"PARTIAL",1,true
"RCP_005935","SHP_005824","PO_009388","FL_0002","FL","2023-11-09",75,0,"COMPLETE",9,true
"RCP_005936","SHP_005916","PO_004540","FL_0007","FL","2023-11-09",81,0,"COMPLETE",1,true
"RCP_005937","SHP_006000","PO_003157","FL_0003","FL","2023-11-09",183,0,"COMPLETE",-1,true
"RCP_005938","SHP_005895","PO_008059","FL_0004","FL","2023-11-09",176,0,"COMPLETE",4,true
"RCP_005939","SHP_006006","PO_007280","BP_0017","BP","2023-11-09",176,0,"COMPLETE",-1,true
"RCP_005940","SHP_005795","PO_002293","FL_0007","FL","2023-11-09",123,0,"PARTIAL",10,true
"RCP_005941","SHP_005964","PO_006268","FL_0017","FL","2023-11-09",124,0,"COMPLETE",2,true
"RCP_005942","SHP_005883","PO_000811","BP_0008","BP","2023-11-09",36,0,"COMPLETE",-1,true
"RCP_005943","SHP_006093","PO_007938","UO_0012","UO","2023-11-09",198,4,"COMPLETE",-1,true
"RCP_005944","SHP_005910","PO_009513","FL_0016","FL","2023-11-09",33,0,"PARTIAL",3,true
"RCP_005945","SHP_005866","PO_000171","FL_0007","FL","2023-11-10",32,0,"PARTIAL",6,true
"RCP_005946","SHP_005918","PO_005297","FL_0001","FL","2023-11-10",123,0,"COMPLETE",3,true
"RCP_005947","SHP_005878","PO_008400","FL_0001","FL","2023-11-10",100,0,"COMPLETE",5,true
"RCP_005948","SHP_005831","PO_004020","FL_0011","FL","2023-11-10",67,0,"PARTIAL",9,true
"RCP_005949","SHP_005863","PO_009137","FL_0011","FL","2023-11-10",162,0,"COMPLETE",7,true
"RCP_005950","SHP_005810","PO_010028","FL_0006","FL","2023-11-10",190,0,"COMPLETE",11,true
"RCP_005951","SHP_005977","PO_001239","FL_0010","FL","2023-11-10",15,0,"COMPLETE",1,true
"RCP_005952","SHP_005953","PO_006998","BP_0014","BP","2023-11-10",19,0,"COMPLETE",5,true
"RCP_005953","SHP_005856","PO_002769","FL_0003","FL","2023-11-10",129,0,"COMPLETE",7,true
"RCP_005954","SHP_005991","PO_009398","UO_0007","UO","2023-11-10",21,0,"PARTIAL",3,true
"RCP_005955","SHP_006109","PO_008133","UO_0002","UO","2023-11-10",187,0,"COMPLETE",-1,true
"RCP_005956","SHP_005874","PO_004257","BP_0004","BP","2023-11-10",156,0,"COMPLETE",1,true
"RCP_005957","SHP_005827","PO_001569","BP_0007","BP","2023-11-10",38,0,"COMPLETE",8,true
"RCP_005958","SHP_005826","PO_000307","BP_0017","BP","2023-11-11",106,0,"COMPLETE",5,true
"RCP_005959","SHP_005941","PO_001044","FL_0009","FL","2023-11-11",17,0,"COMPLETE",2,true
"RCP_005960","SHP_005837","PO_009766","BP_0012","BP","2023-11-11",69,0,"COMPLETE",5,true
"RCP_005961","SHP_005911","PO_000605","FL_0014","FL","2023-11-11",53,0,"COMPLETE",3,true
"RCP_005962","SHP_006009","PO_009283","FL_0001","FL","2023-11-11",91,0,"PARTIAL",1,true
"RCP_005963","SHP_005998","PO_002090","BP_0010","BP","2023-11-11",52,0,"COMPLETE",2,true
"RCP_005964","SHP_005818","PO_006672","UO_0017","UO","2023-11-11",111,0,"PARTIAL",11,true
"RCP_005965","SHP_006027","PO_002522","BP_0018","BP","2023-11-11",113,0,"PARTIAL",0,true
"RCP_005966","SHP_005978","PO_001679","FL_0010","FL","2023-11-11",76,0,"COMPLETE",2,true
"RCP_005967","SHP_005970","PO_002851","BP_0018","BP","2023-11-11",152,0,"COMPLETE",3,true
"RCP_005968","SHP_005899","PO_000329","BP_0004","BP","2023-11-12",59,0,"COMPLETE",5,true
"RCP_005969","SHP_006040","PO_000512","UO_0002","UO","2023-11-12",94,0,"COMPLETE",1,true
"RCP_005970","SHP_005974","PO_008708","BP_0010","BP","2023-11-12",139,0,"COMPLETE",5,true
"RCP_005971","SHP_005817","PO_006421","FL_0008","FL","2023-11-12",117,0,"COMPLETE",12,true
"RCP_005972","SHP_005930","PO_009929","FL_0009","FL","2023-11-12",24,0,"COMPLETE",5,true
"RCP_005973","SHP_005849","PO_009190","BP_0016","BP","2023-11-12",139,0,"COMPLETE",5,true
"RCP_005974","SHP_005892","PO_007183","BP_0006","BP","2023-11-12",170,6,"COMPLETE",2,true
"RCP_005975","SHP_006013","PO_001337","BP_0015","BP","2023-11-12",183,0,"COMPLETE",2,true
"RCP_005976","SHP_006033","PO_007646","FL_0019","FL","2023-11-12",77,0,"COMPLETE",0,true
"RCP_005977","SHP_006038","PO_000351","FL_0008","FL","2023-11-13",198,0,"COMPLETE",0,true
"RCP_005978","SHP_005975","PO_008765","FL_0019","FL","2023-11-13",96,0,"COMPLETE",0,true
"RCP_005979","SHP_005946","PO_007884","BP_0013","BP","2023-11-13",40,0,"COMPLETE",3,true
"RCP_005980","SHP_005876","PO_005213","BP_0006","BP","2023-11-13",30,0,"COMPLETE",8,true
"RCP_005981","SHP_005971","PO_003069","BP_0020","BP","2023-11-13",45,0,"COMPLETE",5,true
"RCP_005982","SHP_005887","PO_003202","BP_0012","BP","2023-11-13",66,0,"COMPLETE",7,true
"RCP_005983","SHP_006001","PO_003280","UO_0010","UO","2023-11-13",106,0,"COMPLETE",5,true
"RCP_005984","SHP_006042","PO_001820","UO_0015","UO","2023-11-13",133,0,"COMPLETE",2,true
"RCP_005985","SHP_006120","PO_006887","BP_0006","BP","2023-11-13",173,0,"COMPLETE",-1,true
"RCP_005986","SHP_005996","PO_001684","UO_0013","UO","2023-11-13",172,0,"PARTIAL",5,true
"RCP_005987","SHP_005914","PO_002746","FL_0017","FL","2023-11-13",35,0,"COMPLETE",5,true
"RCP_005988","SHP_006121","PO_007589","BP_0013","BP","2023-11-13",21,0,"COMPLETE",-1,true
"RCP_005989","SHP_005908","PO_007374","UO_0014","UO","2023-11-13",44,0,"PARTIAL",7,true
"RCP_005990","SHP_005875","PO_004610","FL_0009","FL","2023-11-14",109,0,"PARTIAL",10,true
"RCP_005991","SHP_005917","PO_004670","FL_0012","FL","2023-11-14",125,0,"PARTIAL",7,true
"RCP_005992","SHP_005963","PO_005590","FL_0019","FL","2023-11-14",44,0,"PARTIAL",3,true
"RCP_005993","SHP_006087","PO_003527","BP_0007","BP","2023-11-14",166,0,"COMPLETE",2,true
"RCP_005994","SHP_006055","PO_001611","FL_0003","FL","2023-11-14",61,0,"COMPLETE",0,true
"RCP_005995","SHP_006084","PO_000632","BP_0004","BP","2023-11-14",53,0,"COMPLETE",2,true
"RCP_005996","SHP_005945","PO_006059","BP_0013","BP","2023-11-14",107,0,"PARTIAL",0,true
"RCP_005997","SHP_006005","PO_004971","FL_0003","FL","2023-11-15",34,0,"COMPLETE",1,true
"RCP_005998","SHP_006131","PO_005183","BP_0002","BP","2023-11-15",177,0,"COMPLETE",0,true
"RCP_005999","SHP_006069","PO_004024","BP_0003","BP","2023-11-15",126,0,"COMPLETE",1,true
"RCP_006000","SHP_006004","PO_004533","FL_0010","FL","2023-11-15",159,0,"COMPLETE",0,true
"RCP_006001","SHP_006012","PO_000707","UO_0019","UO","2023-11-15",90,0,"PARTIAL",2,true
"RCP_006002","SHP_006057","PO_007856","BP_0016","BP","2023-11-15",30,1,"COMPLETE",2,true
"RCP_006003","SHP_006082","PO_009424","BP_0013","BP","2023-11-15",158,0,"PARTIAL",0,true
"RCP_006004","SHP_006123","PO_009504","UO_0010","UO","2023-11-15",78,0,"COMPLETE",-1,true
"RCP_006005","SHP_006037","PO_009755","BP_0002","BP","2023-11-15",125,0,"COMPLETE",4,true
"RCP_006006","SHP_006062","PO_000643","BP_0006","BP","2023-11-15",158,0,"PARTIAL",0,true
"RCP_006007","SHP_006114","PO_003241","UO_0009","UO","2023-11-15",99,0,"PARTIAL",-1,true
"RCP_006008","SHP_006066","PO_001344","FL_0002","FL","2023-11-15",139,0,"COMPLETE",0,true
"RCP_006009","SHP_006024","PO_008835","BP_0019","BP","2023-11-15",22,0,"PARTIAL",5,true
"RCP_006010","SHP_005943","PO_002843","FL_0002","FL","2023-11-15",159,0,"COMPLETE",5,true
"RCP_006011","SHP_006028","PO_003816","UO_0012","UO","2023-11-15",98,0,"COMPLETE",1,true
"RCP_006012","SHP_006059","PO_008082","UO_0001","UO","2023-11-15",126,0,"COMPLETE",-1,true
"RCP_006013","SHP_005947","PO_009648","FL_0005","FL","2023-11-15",113,0,"COMPLETE",6,true
"RCP_006014","SHP_006112","PO_000164","BP_0009","BP","2023-11-16",23,0,"PARTIAL",-1,true
"RCP_006015","SHP_005990","PO_008644","BP_0019","BP","2023-11-16",88,0,"PARTIAL",2,true
"RCP_006016","SHP_006103","PO_005343","BP_0002","BP","2023-11-16",38,0,"COMPLETE",-1,true
"RCP_006017","SHP_006089","PO_004338","FL_0010","FL","2023-11-16",122,0,"COMPLETE",0,true
"RCP_006018","SHP_005884","PO_001068","FL_0012","FL","2023-11-16",180,0,"COMPLETE",11,true
"RCP_006019","SHP_006032","PO_007075","BP_0005","BP","2023-11-16",40,0,"COMPLETE",5,true
"RCP_006020","SHP_006054","PO_001541","BP_0012","BP","2023-11-16",179,0,"COMPLETE",3,true
"RCP_006021","SHP_006140","PO_007211","BP_0016","BP","2023-11-16",87,0,"COMPLETE",0,true
"RCP_006022","SHP_006092","PO_007892","FL_0002","FL","2023-11-16",122,0,"COMPLETE",0,true
"RCP_006023","SHP_006043","PO_001945","BP_0019","BP","2023-11-16",183,0,"COMPLETE",4,true
"RCP_006024","SHP_006076","PO_007299","BP_0005","BP","2023-11-16",193,0,"COMPLETE",2,true
"RCP_006025","SHP_005979","PO_001738","FL_0016","FL","2023-11-16",149,0,"COMPLETE",2,true
"RCP_006026","SHP_006039","PO_000463","FL_0013","FL","2023-11-17",123,0,"PARTIAL",-1,true
"RCP_006027","SHP_005919","PO_005379","FL_0006","FL","2023-11-17",165,0,"PARTIAL",10,true
"RCP_006028","SHP_006088","PO_004326","FL_0005","FL","2023-11-17",150,0,"COMPLETE",1,true
"RCP_006029","SHP_006079","PO_007776","FL_0005","FL","2023-11-17",177,0,"COMPLETE",2,true
"RCP_006030","SHP_006025","PO_009803","UO_0015","UO","2023-11-17",96,0,"COMPLETE",4,true
"RCP_006031","SHP_006145","PO_010026","BP_0003","BP","2023-11-17",94,0,"PARTIAL",1,true
"RCP_006032","SHP_006168","PO_010064","BP_0015","BP","2023-11-17",140,0,"COMPLETE",-1,true
"RCP_006033","SHP_006097","PO_000562","BP_0014","BP","2023-11-17",57,0,"COMPLETE",1,true
"RCP_006034","SHP_005972","PO_003357","FL_0004","FL","2023-11-17",161,0,"COMPLETE",5,true
"RCP_006035","SHP_006077","PO_007401","BP_0001","BP","2023-11-17",197,0,"COMPLETE",2,true
"RCP_006036","SHP_006110","PO_008673","FL_0005","FL","2023-11-17",181,0,"COMPLETE",0,true
"RCP_006037","SHP_006149","PO_002757","UO_0019","UO","2023-11-17",30,0,"COMPLETE",2,true
"RCP_006038","SHP_005889","PO_004860","FL_0013","FL","2023-11-17",65,0,"COMPLETE",12,true
"RCP_006039","SHP_006095","PO_008127","FL_0007","FL","2023-11-17",148,6,"COMPLETE",1,true
"RCP_006040","SHP_005948","PO_001098","FL_0011","FL","2023-11-17",98,4,"COMPLETE",7,true
"RCP_006041","SHP_006029","PO_004575","FL_0011","FL","2023-11-18",23,0,"COMPLETE",1,true
"RCP_006042","SHP_006130","PO_004682","BP_0009","BP","2023-11-18",167,0,"PARTIAL",-1,true
"RCP_006043","SHP_006035","PO_008425","BP_0005","BP","2023-11-18",77,0,"COMPLETE",1,true
"RCP_006044","SHP_006104","PO_005434","FL_0014","FL","2023-11-18",16,0,"COMPLETE",1,true
"RCP_006045","SHP_006122","PO_008271","BP_0002","BP","2023-11-18",146,0,"COMPLETE",0,true
"RCP_006046","SHP_006011","PO_000633","FL_0001","FL","2023-11-18",142,0,"PARTIAL",3,true
"RCP_006047","SHP_006116","PO_005890","UO_0008","UO","2023-11-18",128,0,"PARTIAL",2,true
"RCP_006048","SHP_005940","PO_010132","BP_0012","BP","2023-11-18",39,0,"COMPLETE",5,true
"RCP_006049","SHP_005952","PO_005849","FL_0004","FL","2023-11-18",78,0,"COMPLETE",8,true
"RCP_006050","SHP_006163","PO_001903","BP_0001","BP","2023-11-18",15,0,"COMPLETE",0,true
"RCP_006051","SHP_006053","PO_000739","FL_0002","FL","2023-11-18",121,0,"PARTIAL",-1,true
"RCP_006052","SHP_006026","PO_001236","FL_0003","FL","2023-11-18",150,0,"COMPLETE",1,true
"RCP_006053","SHP_006017","PO_006699","FL_0007","FL","2023-11-18",103,0,"PARTIAL",2,true
"RCP_006054","SHP_006128","PO_004264","UO_0020","UO","2023-11-18",14,1,"COMPLETE",1,true
"RCP_006055","SHP_005985","PO_006752","FL_0012","FL","2023-11-18",107,0,"PARTIAL",5,true
"RCP_006056","SHP_006061","PO_000200","FL_0006","FL","2023-11-19",44,0,"COMPLETE",-1,true
"RCP_006057","SHP_006044","PO_004745","FL_0009","FL","2023-11-19",26,0,"PARTIAL",2,true
"RCP_006058","SHP_006080","PO_008763","UO_0002","UO","2023-11-19",100,0,"PARTIAL",0,true
"RCP_006059","SHP_006132","PO_006499","BP_0017","BP","2023-11-19",153,0,"COMPLETE",0,true
"RCP_006060","SHP_005966","PO_007902","BP_0010","BP","2023-11-19",134,0,"COMPLETE",7,true
"RCP_006061","SHP_005954","PO_008248","BP_0010","BP","2023-11-19",89,0,"COMPLETE",4,true
"RCP_006062","SHP_005995","PO_001166","FL_0010","FL","2023-11-19",185,0,"COMPLETE",4,true
"RCP_006063","SHP_005929","PO_009703","FL_0007","FL","2023-11-19",147,0,"COMPLETE",12,true
"RCP_006064","SHP_005968","PO_010019","BP_0018","BP","2023-11-19",46,0,"COMPLETE",7,true
"RCP_006065","SHP_006098","PO_001238","FL_0014","FL","2023-11-19",54,0,"COMPLETE",2,true
"RCP_006066","SHP_006100","PO_003378","UO_0003","UO","2023-11-19",35,0,"PARTIAL",0,true
"RCP_006067","SHP_006015","PO_005841","UO_0004","UO","2023-11-19",172,0,"COMPLETE",4,true
"RCP_006068","SHP_006019","PO_007407","FL_0005","FL","2023-11-19",44,0,"COMPLETE",4,true
"RCP_006069","SHP_005950","PO_002655","BP_0017","BP","2023-11-19",100,0,"COMPLETE",4,true
"RCP_006070","SHP_006111","PO_009212","BP_0004","BP","2023-11-19",83,0,"PARTIAL",2,true
"RCP_006071","SHP_006099","PO_002499","BP_0005","BP","2023-11-19",121,3,"COMPLETE",3,true
"RCP_006072","SHP_006127","PO_002839","BP_0017","BP","2023-11-19",53,0,"PARTIAL",0,true
"RCP_006073","SHP_006070","PO_005202","FL_0008","FL","2023-11-20",122,0,"PARTIAL",0,true
"RCP_006074","SHP_006209","PO_005972","BP_0020","BP","2023-11-20",88,0,"COMPLETE",-1,true
"RCP_006075","SHP_006150","PO_002925","FL_0014","FL","2023-11-20",167,0,"COMPLETE",-1,true
"RCP_006076","SHP_006113","PO_001345","BP_0013","BP","2023-11-20",200,0,"COMPLETE",2,true
"RCP_006077","SHP_006184","PO_008872","UO_0006","UO","2023-11-20",143,0,"COMPLETE",-1,true
"RCP_006078","SHP_006018","PO_007371","BP_0007","BP","2023-11-20",48,0,"PARTIAL",4,true
"RCP_006079","SHP_006073","PO_005822","UO_0017","UO","2023-11-20",156,0,"COMPLETE",1,true
"RCP_006080","SHP_006075","PO_006728","FL_0013","FL","2023-11-20",130,0,"COMPLETE",1,true
"RCP_006081","SHP_006048","PO_006634","UO_0007","UO","2023-11-20",161,0,"COMPLETE",3,true
"RCP_006082","SHP_006167","PO_006547","UO_0003","UO","2023-11-20",141,0,"PARTIAL",0,true
"RCP_006083","SHP_005969","PO_000695","FL_0019","FL","2023-11-20",15,0,"PARTIAL",8,true
"RCP_006084","SHP_005981","PO_003691","FL_0005","FL","2023-11-20",65,0,"COMPLETE",7,true
"RCP_006085","SHP_006157","PO_009425","BP_0013","BP","2023-11-21",82,0,"COMPLETE",1,true
"RCP_006086","SHP_006125","PO_009976","UO_0001","UO","2023-11-21",122,0,"COMPLETE",5,true
"RCP_006087","SHP_006161","PO_001442","FL_0009","FL","2023-11-21",77,0,"COMPLETE",-1,true
"RCP_006088","SHP_006068","PO_001655","FL_0005","FL","2023-11-21",102,0,"COMPLETE",1,true
"RCP_006089","SHP_006083","PO_000523","FL_0010","FL","2023-11-21",55,0,"COMPLETE",0,true
"RCP_006090","SHP_006152","PO_003120","BP_0013","BP","2023-11-21",43,0,"COMPLETE",0,true
"RCP_006091","SHP_006020","PO_007456","UO_0019","UO","2023-11-21",157,0,"COMPLETE",6,true
"RCP_006092","SHP_005986","PO_006805","BP_0016","BP","2023-11-21",139,0,"COMPLETE",3,true
"RCP_006093","SHP_006014","PO_003162","FL_0004","FL","2023-11-21",178,0,"COMPLETE",6,true
"RCP_006094","SHP_005993","PO_000138","FL_0003","FL","2023-11-22",179,0,"COMPLETE",8,true
"RCP_006095","SHP_006207","PO_005393","UO_0002","UO","2023-11-22",186,0,"COMPLETE",-1,true
"RCP_006096","SHP_006156","PO_009026","BP_0013","BP","2023-11-22",178,0,"PARTIAL",1,true
"RCP_006097","SHP_006085","PO_001216","FL_0002","FL","2023-11-22",61,0,"PARTIAL",1,true
"RCP_006098","SHP_005962","PO_005141","FL_0012","FL","2023-11-22",184,0,"COMPLETE",11,true
"RCP_006099","SHP_006090","PO_006064","UO_0003","UO","2023-11-22",60,0,"COMPLETE",4,true
"RCP_006100","SHP_006146","PO_010112","FL_0013","FL","2023-11-22",35,0,"COMPLETE",2,true
"RCP_006101","SHP_006136","PO_000834","UO_0013","UO","2023-11-22",192,0,"COMPLETE",4,true
"RCP_006102","SHP_006067","PO_001511","BP_0015","BP","2023-11-22",108,0,"COMPLETE",2,true
"RCP_006103","SHP_006021","PO_007787","FL_0012","FL","2023-11-22",133,0,"PARTIAL",7,true
"RCP_006104","SHP_005994","PO_001100","UO_0005","UO","2023-11-22",32,0,"PARTIAL",8,true
"RCP_006105","SHP_006065","PO_000921","FL_0020","FL","2023-11-22",56,1,"PARTIAL",3,true
"RCP_006106","SHP_006183","PO_008706","BP_0009","BP","2023-11-23",177,0,"COMPLETE",0,true
"RCP_006107","SHP_006214","PO_008711","BP_0015","BP","2023-11-23",25,0,"COMPLETE",2,true
"RCP_006108","SHP_006074","PO_006216","FL_0013","FL","2023-11-23",54,0,"COMPLETE",4,true
"RCP_006109","SHP_006155","PO_006331","BP_0001","BP","2023-11-23",49,0,"COMPLETE",3,true
"RCP_006110","SHP_006153","PO_003721","FL_0007","FL","2023-11-23",74,0,"COMPLETE",2,true
"RCP_006111","SHP_006166","PO_005740","FL_0006","FL","2023-11-23",93,0,"COMPLETE",1,true
"RCP_006112","SHP_006227","PO_005753","UO_0015","UO","2023-11-23",85,0,"COMPLETE",-1,true
"RCP_006113","SHP_006115","PO_005763","FL_0012","FL","2023-11-23",106,0,"COMPLETE",1,true
"RCP_006114","SHP_006139","PO_006781","UO_0017","UO","2023-11-23",150,0,"COMPLETE",5,true
"RCP_006115","SHP_006179","PO_006936","BP_0007","BP","2023-11-23",129,0,"PARTIAL",1,true
"RCP_006116","SHP_006191","PO_004335","FL_0004","FL","2023-11-23",64,0,"COMPLETE",-1,true
"RCP_006117","SHP_006016","PO_006248","BP_0006","BP","2023-11-23",136,0,"COMPLETE",7,true
"RCP_006118","SHP_006031","PO_005069","BP_0017","BP","2023-11-23",58,3,"COMPLETE",2,true
"RCP_006119","SHP_006231","PO_009057","BP_0001","BP","2023-11-23",195,0,"COMPLETE",1,true
"RCP_006120","SHP_006190","PO_003068","FL_0011","FL","2023-11-23",44,0,"COMPLETE",-1,true
"RCP_006121","SHP_006199","PO_000152","UO_0017","UO","2023-11-24",19,1,"PARTIAL",1,true
"RCP_006122","SHP_006186","PO_000160","FL_0020","FL","2023-11-24",27,0,"COMPLETE",0,true
"RCP_006123","SHP_006135","PO_000346","BP_0019","BP","2023-11-24",134,0,"COMPLETE",4,true
"RCP_006124","SHP_006192","PO_005048","FL_0002","FL","2023-11-24",35,0,"COMPLETE",0,true
"RCP_006125","SHP_006224","PO_005050","BP_0007","BP","2023-11-24",101,0,"COMPLETE",2,true
"RCP_006126","SHP_006259","PO_005148","BP_0019","BP","2023-11-24",170,0,"COMPLETE",-1,true
"RCP_006127","SHP_006096","PO_008733","FL_0008","FL","2023-11-24",118,0,"COMPLETE",3,true
"RCP_006128","SHP_006169","PO_001022","BP_0014","BP","2023-11-24",169,0,"COMPLETE",2,true
"RCP_006129","SHP_006198","PO_009742","FL_0001","FL","2023-11-24",193,0,"COMPLETE",0,true
"RCP_006130","SHP_006052","PO_000636","FL_0018","FL","2023-11-24",49,0,"PARTIAL",6,true
"RCP_006131","SHP_006151","PO_003048","UO_0002","UO","2023-11-24",147,0,"COMPLETE",5,true
"RCP_006132","SHP_006050","PO_008939","BP_0010","BP","2023-11-24",40,0,"COMPLETE",2,true
"RCP_006133","SHP_006160","PO_000929","FL_0009","FL","2023-11-24",189,0,"COMPLETE",2,true
"RCP_006134","SHP_006147","PO_010167","BP_0013","BP","2023-11-24",82,0,"COMPLETE",5,true
"RCP_006135","SHP_006106","PO_005980","FL_0005","FL","2023-11-24",61,0,"COMPLETE",2,true
"RCP_006136","SHP_006164","PO_003018","FL_0002","FL","2023-11-24",63,0,"COMPLETE",2,true
"RCP_006137","SHP_006200","PO_001552","UO_0008","UO","2023-11-24",157,0,"COMPLETE",1,true
"RCP_006138","SHP_006237","PO_005559","UO_0003","UO","2023-11-24",81,0,"COMPLETE",-1,true
"RCP_006139","SHP_006045","PO_005162","BP_0004","BP","2023-11-25",56,0,"COMPLETE",3,true
"RCP_006140","SHP_006023","PO_008664","BP_0010","BP","2023-11-25",187,0,"COMPLETE",5,true
"RCP_006141","SHP_006174","PO_004077","UO_0012","UO","2023-11-25",103,0,"COMPLETE",4,true
"RCP_006142","SHP_005999","PO_002177","FL_0004","FL","2023-11-25",143,0,"COMPLETE",11,true
"RCP_006143","SHP_006195","PO_008234","FL_0012","FL","2023-11-25",48,1,"COMPLETE",1,true
"RCP_006144","SHP_006197","PO_009034","BP_0009","BP","2023-11-25",81,0,"COMPLETE",1,true
"RCP_006145","SHP_006041","PO_001192","UO_0017","UO","2023-11-25",77,0,"PARTIAL",8,true
"RCP_006146","SHP_006162","PO_001888","BP_0018","BP","2023-11-25",97,0,"PARTIAL",3,true
"RCP_006147","SHP_006036","PO_009365","BP_0008","BP","2023-11-25",92,0,"COMPLETE",8,true
"RCP_006148","SHP_006072","PO_005641","FL_0007","FL","2023-11-25",83,0,"PARTIAL",6,true
"RCP_006149","SHP_006201","PO_002688","FL_0016","FL","2023-11-25",177,3,"COMPLETE",0,true
"RCP_006150","SHP_006108","PO_007670","FL_0016","FL","2023-11-25",69,0,"PARTIAL",4,true
"RCP_006151","SHP_006064","PO_000883","BP_0017","BP","2023-11-25",67,0,"PARTIAL",5,true
"RCP_006152","SHP_006189","PO_002776","UO_0010","UO","2023-11-25",113,0,"COMPLETE",3,true
"RCP_006153","SHP_006254","PO_000009","BP_0010","BP","2023-11-26",109,0,"COMPLETE",1,true
"RCP_006154","SHP_006216","PO_000479","FL_0002","FL","2023-11-26",44,0,"COMPLETE",0,true
"RCP_006155","SHP_006175","PO_004290","UO_0003","UO","2023-11-26",125,0,"COMPLETE",5,true
"RCP_006156","SHP_006003","PO_004321","FL_0005","FL","2023-11-26",61,0,"COMPLETE",12,true
"RCP_006157","SHP_006289","PO_010160","UO_0016","UO","2023-11-26",100,0,"COMPLETE",1,true
"RCP_006158","SHP_006143","PO_008948","UO_0007","UO","2023-11-26",111,0,"COMPLETE",2,true
"RCP_006159","SHP_006246","PO_001468","BP_0020","BP","2023-11-26",106,0,"COMPLETE",2,true
"RCP_006160","SHP_006193","PO_007298","FL_0010","FL","2023-11-26",62,0,"COMPLETE",2,true
"RCP_006161","SHP_006078","PO_007452","BP_0015","BP","2023-11-26",144,0,"COMPLETE",2,true
"RCP_006162","SHP_006222","PO_003957","FL_0007","FL","2023-11-27",14,0,"COMPLETE",1,true
"RCP_006163","SHP_006071","PO_005415","BP_0008","BP","2023-11-27",130,0,"COMPLETE",3,true
"RCP_006164","SHP_006022","PO_008292","FL_0007","FL","2023-11-27",96,0,"PARTIAL",12,true
"RCP_006165","SHP_006295","PO_006133","BP_0005","BP","2023-11-27",31,0,"COMPLETE",-1,true
"RCP_006166","SHP_006247","PO_003375","BP_0010","BP","2023-11-27",101,0,"PARTIAL",-1,true
"RCP_006167","SHP_006221","PO_002022","FL_0014","FL","2023-11-27",12,0,"PARTIAL",1,true
"RCP_006168","SHP_006211","PO_006848","FL_0008","FL","2023-11-27",24,0,"COMPLETE",2,true
"RCP_006169","SHP_006119","PO_006849","BP_0005","BP","2023-11-27",176,0,"COMPLETE",0,true
"RCP_006170","SHP_006049","PO_007444","FL_0005","FL","2023-11-27",45,0,"PARTIAL",10,true
"RCP_006171","SHP_006229","PO_006715","FL_0001","FL","2023-11-27",30,0,"COMPLETE",1,true
"RCP_006172","SHP_006010","PO_009817","BP_0019","BP","2023-11-27",108,0,"PARTIAL",12,true
"RCP_006173","SHP_006047","PO_006235","UO_0013","UO","2023-11-27",182,0,"COMPLETE",10,true
"RCP_006174","SHP_006208","PO_005791","FL_0003","FL","2023-11-27",28,0,"COMPLETE",2,true
"RCP_006175","SHP_006171","PO_001480","FL_0010","FL","2023-11-27",176,0,"COMPLETE",-1,true
"RCP_006176","SHP_006058","PO_007910","BP_0007","BP","2023-11-27",42,0,"COMPLETE",4,true
"RCP_006177","SHP_006249","PO_003877","FL_0012","FL","2023-11-28",21,0,"COMPLETE",0,true
"RCP_006178","SHP_006272","PO_002340","BP_0020","BP","2023-11-28",140,0,"COMPLETE",2,true
"RCP_006179","SHP_006213","PO_008241","BP_0010","BP","2023-11-28",91,0,"COMPLETE",3,true
"RCP_006180","SHP_006182","PO_008298","UO_0004","UO","2023-11-28",170,0,"COMPLETE",3,true
"RCP_006181","SHP_006187","PO_001163","FL_0001","FL","2023-11-28",167,0,"COMPLETE",-1,true
"RCP_006182","SHP_006315","PO_009813","BP_0009","BP","2023-11-28",130,0,"COMPLETE",-1,true
"RCP_006183","SHP_006225","PO_005724","BP_0014","BP","2023-11-28",184,0,"COMPLETE",2,true
"RCP_006184","SHP_006060","PO_008953","FL_0007","FL","2023-11-28",157,0,"PARTIAL",10,true
"RCP_006185","SHP_006220","PO_001602","FL_0019","FL","2023-11-28",30,0,"COMPLETE",2,true
"RCP_006186","SHP_006260","PO_005194","UO_0019","UO","2023-11-28",119,0,"COMPLETE",1,true
"RCP_006187","SHP_006094","PO_008112","BP_0010","BP","2023-11-28",49,0,"COMPLETE",3,true
"RCP_006188","SHP_006223","PO_004209","FL_0016","FL","2023-11-28",30,0,"COMPLETE",2,true
"RCP_006189","SHP_006234","PO_003586","FL_0003","FL","2023-11-28",30,0,"COMPLETE",1,true
"RCP_006190","SHP_006034","PO_007656","FL_0019","FL","2023-11-28",55,0,"PARTIAL",12,true
"RCP_006191","SHP_006091","PO_006733","FL_0009","FL","2023-11-28",15,0,"PARTIAL",8,true
"RCP_006192","SHP_006118","PO_006364","BP_0017","BP","2023-11-28",152,0,"COMPLETE",1,true
"RCP_006193","SHP_006142","PO_008210","BP_0002","BP","2023-11-28",34,0,"COMPLETE",-1,true
"RCP_006194","SHP_006081","PO_009403","BP_0008","BP","2023-11-28",56,0,"COMPLETE",8,true
"RCP_006195","SHP_006063","PO_000698","BP_0015","BP","2023-11-28",182,0,"COMPLETE",4,true
"RCP_006196","SHP_006316","PO_000239","UO_0014","UO","2023-11-29",186,0,"COMPLETE",1,true
"RCP_006197","SHP_006205","PO_004129","FL_0011","FL","2023-11-29",30,0,"PARTIAL",0,true
"RCP_006198","SHP_006217","PO_000949","BP_0012","BP","2023-11-29",63,0,"COMPLETE",4,true
"RCP_006199","SHP_006215","PO_009460","BP_0020","BP","2023-11-29",198,0,"COMPLETE",5,true
"RCP_006200","SHP_006269","PO_009471","FL_0002","FL","2023-11-29",108,0,"COMPLETE",0,true
"RCP_006201","SHP_006196","PO_008265","FL_0020","FL","2023-11-29",83,0,"COMPLETE",1,true
"RCP_006202","SHP_006276","PO_006391","FL_0009","FL","2023-11-29",185,0,"COMPLETE",-1,true
"RCP_006203","SHP_006277","PO_006666","BP_0007","BP","2023-11-29",76,0,"COMPLETE",-1,true
"RCP_006204","SHP_006056","PO_005830","FL_0014","FL","2023-11-29",179,0,"COMPLETE",11,true
"RCP_006205","SHP_006233","PO_002081","BP_0015","BP","2023-11-29",79,0,"COMPLETE",2,true
"RCP_006206","SHP_006266","PO_007410","FL_0019","FL","2023-11-29",55,0,"COMPLETE",0,true
"RCP_006207","SHP_006107","PO_006775","FL_0016","FL","2023-11-29",50,0,"COMPLETE",8,true
"RCP_006208","SHP_006124","PO_009869","FL_0019","FL","2023-11-29",130,0,"PARTIAL",7,true
"RCP_006209","SHP_006257","PO_001326","FL_0012","FL","2023-11-29",35,0,"COMPLETE",0,true
"RCP_006210","SHP_006101","PO_003702","BP_0009","BP","2023-11-29",100,0,"COMPLETE",3,true
"RCP_006211","SHP_006138","PO_006772","BP_0006","BP","2023-11-29",45,0,"PARTIAL",0,true
"RCP_006212","SHP_006134","PO_009405","FL_0009","FL","2023-11-29",96,0,"COMPLETE",6,true
"RCP_006213","SHP_006242","PO_009490","BP_0012","BP","2023-11-29",69,0,"COMPLETE",3,true
"RCP_006214","SHP_006051","PO_000330","FL_0011","FL","2023-11-30",135,0,"COMPLETE",12,true
"RCP_006215","SHP_006129","PO_004630","BP_0003","BP","2023-11-30",18,0,"COMPLETE",2,true
"RCP_006216","SHP_006158","PO_000467","FL_0019","FL","2023-11-30",193,0,"COMPLETE",3,true
"RCP_006217","SHP_006274","PO_004489","UO_0014","UO","2023-11-30",192,0,"COMPLETE",2,true
"RCP_006218","SHP_006176","PO_004538","FL_0004","FL","2023-11-30",25,0,"COMPLETE",3,true
"RCP_006219","SHP_006210","PO_005996","BP_0016","BP","2023-11-30",54,0,"PARTIAL",5,true
"RCP_006220","SHP_006263","PO_006258","UO_0006","UO","2023-11-30",70,0,"PARTIAL",3,true
"RCP_006221","SHP_006180","PO_007559","FL_0008","FL","2023-11-30",134,0,"COMPLETE",3,true
"RCP_006222","SHP_006204","PO_003732","UO_0001","UO","2023-11-30",22,0,"COMPLETE",1,true
"RCP_006223","SHP_006086","PO_001365","BP_0007","BP","2023-11-30",128,0,"PARTIAL",5,true
"RCP_006224","SHP_006144","PO_009954","BP_0016","BP","2023-11-30",124,3,"COMPLETE",5,true
"RCP_006225","SHP_006297","PO_006809","BP_0020","BP","2023-11-30",189,4,"COMPLETE",2,true
"RCP_006226","SHP_006181","PO_007635","FL_0013","FL","2023-11-30",69,0,"COMPLETE",2,true
"RCP_006227","SHP_006284","PO_004897","BP_0008","BP","2023-12-01",53,0,"COMPLETE",1,true
"RCP_006228","SHP_006165","PO_005155","FL_0012","FL","2023-12-01",133,0,"COMPLETE",5,true
"RCP_006229","SHP_006355","PO_001002","UO_0003","UO","2023-12-01",86,0,"COMPLETE",0,true
"RCP_006230","SHP_006230","PO_008088","BP_0014","BP","2023-12-01",107,0,"COMPLETE",5,true
"RCP_006231","SHP_006271","PO_009873","FL_0009","FL","2023-12-01",22,0,"COMPLETE",2,true
"RCP_006232","SHP_006159","PO_000608","BP_0018","BP","2023-12-01",129,0,"COMPLETE",4,true
"RCP_006233","SHP_006250","PO_004370","UO_0017","UO","2023-12-01",29,0,"COMPLETE",5,true
"RCP_006234","SHP_006265","PO_006973","BP_0009","BP","2023-12-01",84,0,"COMPLETE",3,true
"RCP_006235","SHP_006105","PO_005949","BP_0005","BP","2023-12-01",148,0,"COMPLETE",9,true
"RCP_006236","SHP_006203","PO_003207","FL_0014","FL","2023-12-01",16,0,"PARTIAL",2,true
"RCP_006237","SHP_006102","PO_004684","BP_0020","BP","2023-12-02",93,0,"COMPLETE",10,true
"RCP_006238","SHP_006285","PO_005058","BP_0006","BP","2023-12-02",29,0,"PARTIAL",2,true
"RCP_006239","SHP_006339","PO_004227","BP_0014","BP","2023-12-02",20,0,"COMPLETE",1,true
"RCP_006240","SHP_006367","PO_009046","UO_0008","UO","2023-12-02",86,0,"COMPLETE",1,true
"RCP_006241","SHP_006311","PO_007176","FL_0008","FL","2023-12-02",92,0,"COMPLETE",-1,true
"RCP_006242","SHP_006117","PO_005907","FL_0007","FL","2023-12-02",195,0,"COMPLETE",10,true
"RCP_006243","SHP_006378","PO_005823","UO_0016","UO","2023-12-02",164,0,"COMPLETE",0,true
"RCP_006244","SHP_006133","PO_009063","BP_0009","BP","2023-12-02",132,0,"COMPLETE",4,true
"RCP_006245","SHP_006218","PO_001281","FL_0019","FL","2023-12-02",171,0,"COMPLETE",1,true
"RCP_006246","SHP_006268","PO_009271","BP_0005","BP","2023-12-02",14,0,"COMPLETE",3,true
"RCP_006247","SHP_006310","PO_006299","FL_0017","FL","2023-12-02",200,0,"COMPLETE",-1,true
"RCP_006248","SHP_006292","PO_002303","FL_0017","FL","2023-12-02",170,0,"COMPLETE",0,true
"RCP_006249","SHP_006245","PO_000317","UO_0007","UO","2023-12-03",24,0,"COMPLETE",3,true
"RCP_006250","SHP_006307","PO_004427","FL_0017","FL","2023-12-03",75,0,"PARTIAL",0,true
"RCP_006251","SHP_006202","PO_002918","FL_0018","FL","2023-12-03",102,0,"PARTIAL",3,true
"RCP_006252","SHP_006359","PO_003727","UO_0007","UO","2023-12-03",159,0,"COMPLETE",2,true
"RCP_006253","SHP_006170","PO_001314","BP_0007","BP","2023-12-03",132,0,"COMPLETE",1,true
"RCP_006254","SHP_006308","PO_005825","UO_0008","UO","2023-12-03",198,0,"COMPLETE",2,true
"RCP_006255","SHP_006126","PO_001905","UO_0002","UO","2023-12-03",100,0,"COMPLETE",10,true
"RCP_006256","SHP_006332","PO_009732","BP_0015","BP","2023-12-03",37,0,"COMPLETE",0,true
"RCP_006257","SHP_006364","PO_007544","BP_0007","BP","2023-12-03",80,0,"COMPLETE",0,true
"RCP_006258","SHP_006253","PO_009619","FL_0002","FL","2023-12-03",138,0,"COMPLETE",0,true
"RCP_006259","SHP_006264","PO_006829","FL_0017","FL","2023-12-03",142,0,"COMPLETE",0,true
"RCP_006260","SHP_006270","PO_009681","BP_0015","BP","2023-12-03",67,0,"COMPLETE",4,true
"RCP_006261","SHP_006325","PO_004275","FL_0008","FL","2023-12-04",43,0,"COMPLETE",0,true
"RCP_006262","SHP_006178","PO_006509","FL_0012","FL","2023-12-04",9,0,"PARTIAL",7,true
"RCP_006263","SHP_006212","PO_008200","BP_0019","BP","2023-12-04",150,0,"COMPLETE",4,true
"RCP_006264","SHP_006251","PO_006709","FL_0003","FL","2023-12-04",53,0,"COMPLETE",2,true
"RCP_006265","SHP_006219","PO_001301","BP_0001","BP","2023-12-04",31,0,"PARTIAL",3,true
"RCP_006266","SHP_006347","PO_001972","BP_0001","BP","2023-12-04",118,0,"COMPLETE",2,true
"RCP_006267","SHP_006329","PO_007545","FL_0014","FL","2023-12-04",192,0,"COMPLETE",0,true
"RCP_006268","SHP_006384","PO_008259","BP_0006","BP","2023-12-04",24,0,"COMPLETE",0,true
"RCP_006269","SHP_006206","PO_004333","BP_0020","BP","2023-12-04",45,0,"PARTIAL",0,true
"RCP_006270","SHP_006390","PO_002542","BP_0017","BP","2023-12-04",41,0,"COMPLETE",-1,true
"RCP_006271","SHP_006300","PO_009205","UO_0006","UO","2023-12-04",52,0,"PARTIAL",0,true
"RCP_006272","SHP_006173","PO_003858","FL_0009","FL","2023-12-04",71,0,"COMPLETE",7,true
"RCP_006273","SHP_006401","PO_007842","BP_0002","BP","2023-12-04",133,0,"COMPLETE",-1,true
"RCP_006274","SHP_006258","PO_004635","UO_0013","UO","2023-12-05",98,0,"PARTIAL",2,true
"RCP_006275","SHP_006360","PO_004960","BP_0007","BP","2023-12-05",38,0,"PARTIAL",-1,true
"RCP_006276","SHP_006154","PO_004082","BP_0012","BP","2023-12-05",26,0,"COMPLETE",5,true
"RCP_006277","SHP_006137","PO_004097","FL_0009","FL","2023-12-05",88,0,"COMPLETE",11,true
"RCP_006278","SHP_006304","PO_002333","FL_0013","FL","2023-12-05",164,0,"COMPLETE",2,true
"RCP_006279","SHP_006301","PO_009298","BP_0009","BP","2023-12-05",78,0,"COMPLETE",3,true
"RCP_006280","SHP_006148","PO_001743","FL_0004","FL","2023-12-05",110,0,"COMPLETE",10,true
"RCP_006281","SHP_006188","PO_002673","BP_0018","BP","2023-12-05",105,0,"COMPLETE",2,true
"RCP_006282","SHP_006314","PO_009447","FL_0020","FL","2023-12-05",129,0,"COMPLETE",2,true
"RCP_006283","SHP_006238","PO_006037","FL_0019","FL","2023-12-05",91,0,"COMPLETE",3,true
"RCP_006284","SHP_006398","PO_006563","BP_0010","BP","2023-12-05",180,0,"COMPLETE",0,true
"RCP_006285","SHP_006327","PO_004633","FL_0002","FL","2023-12-06",122,0,"COMPLETE",2,true
"RCP_006286","SHP_006394","PO_004802","BP_0016","BP","2023-12-06",182,0,"COMPLETE",1,true
"RCP_006287","SHP_006236","PO_005535","FL_0009","FL","2023-12-06",97,0,"PARTIAL",4,true
"RCP_006288","SHP_006340","PO_005609","FL_0013","FL","2023-12-06",175,0,"COMPLETE",1,true
"RCP_006289","SHP_006141","PO_008146","BP_0014","BP","2023-12-06",155,0,"COMPLETE",11,true
"RCP_006290","SHP_006369","PO_009435","FL_0006","FL","2023-12-06",155,0,"COMPLETE",-1,true
"RCP_006291","SHP_006240","PO_007601","FL_0012","FL","2023-12-06",104,0,"PARTIAL",4,true
"RCP_006292","SHP_006396","PO_005842","UO_0001","UO","2023-12-06",170,0,"COMPLETE",-1,true
"RCP_006293","SHP_006172","PO_003085","BP_0002","BP","2023-12-06",164,0,"COMPLETE",4,true
"RCP_006294","SHP_006303","PO_000669","BP_0015","BP","2023-12-06",30,0,"COMPLETE",4,true
"RCP_006295","SHP_006226","PO_005730","FL_0007","FL","2023-12-06",80,0,"COMPLETE",6,true
"RCP_006296","SHP_006365","PO_007734","FL_0018","FL","2023-12-06",191,3,"COMPLETE",-1,true
"RCP_006297","SHP_006377","PO_004465","UO_0012","UO","2023-12-06",174,0,"COMPLETE",0,true
"RCP_006298","SHP_006333","PO_000711","FL_0014","FL","2023-12-06",141,0,"COMPLETE",1,true
"RCP_006299","SHP_006320","PO_001291","BP_0009","BP","2023-12-06",47,0,"PARTIAL",2,true
"RCP_006300","SHP_006354","PO_008737","BP_0006","BP","2023-12-07",136,0,"COMPLETE",2,true
"RCP_006301","SHP_006338","PO_004012","UO_0002","UO","2023-12-07",143,0,"COMPLETE",0,true
"RCP_006302","SHP_006177","PO_005387","BP_0012","BP","2023-12-07",183,0,"COMPLETE",5,true
"RCP_006303","SHP_006294","PO_005417","FL_0001","FL","2023-12-07",26,0,"PARTIAL",1,true
"RCP_006304","SHP_006286","PO_005633","FL_0001","FL","2023-12-07",112,0,"COMPLETE",1,true
"RCP_006305","SHP_006336","PO_002161","FL_0001","FL","2023-12-07",183,0,"COMPLETE",2,true
"RCP_006306","SHP_006185","PO_010100","FL_0014","FL","2023-12-07",132,0,"PARTIAL",10,true
"RCP_006307","SHP_006379","PO_006342","FL_0016","FL","2023-12-07",185,0,"COMPLETE",-1,true
"RCP_006308","SHP_006309","PO_005893","BP_0010","BP","2023-12-07",200,0,"COMPLETE",5,true
"RCP_006309","SHP_006362","PO_006670","BP_0017","BP","2023-12-07",100,0,"COMPLETE",1,true
"RCP_006310","SHP_006406","PO_001590","UO_0002","UO","2023-12-07",80,0,"PARTIAL",-1,true
"RCP_006311","SHP_006363","PO_007241","BP_0019","BP","2023-12-07",66,0,"PARTIAL",0,true
"RCP_006312","SHP_006370","PO_010043","FL_0018","FL","2023-12-07",122,0,"COMPLETE",0,true
"RCP_006313","SHP_006380","PO_007411","FL_0006","FL","2023-12-07",69,0,"COMPLETE",-1,true
"RCP_006314","SHP_006375","PO_002514","BP_0002","BP","2023-12-07",88,0,"COMPLETE",0,true
"RCP_006315","SHP_006287","PO_005900","FL_0019","FL","2023-12-07",169,0,"COMPLETE",1,true
"RCP_006316","SHP_006389","PO_002534","UO_0017","UO","2023-12-07",105,5,"PARTIAL",0,true
"RCP_006317","SHP_006345","PO_000093","FL_0002","FL","2023-12-08",200,0,"COMPLETE",2,true
"RCP_006318","SHP_006387","PO_000325","UO_0009","UO","2023-12-08",77,0,"COMPLETE",1,true
"RCP_006319","SHP_006288","PO_007923","FL_0005","FL","2023-12-08",187,0,"COMPLETE",2,true
"RCP_006320","SHP_006383","PO_007990","FL_0016","FL","2023-12-08",98,0,"COMPLETE",0,true
"RCP_006321","SHP_006451","PO_008103","BP_0015","BP","2023-12-08",158,0,"COMPLETE",-1,true
"RCP_006322","SHP_006267","PO_009038","FL_0009","FL","2023-12-08",45,0,"COMPLETE",4,true
"RCP_006323","SHP_006232","PO_009319","BP_0019","BP","2023-12-08",160,0,"COMPLETE",3,true
"RCP_006324","SHP_006243","PO_009565","BP_0005","BP","2023-12-08",16,0,"COMPLETE",2,true
"RCP_006325","SHP_006349","PO_006023","BP_0003","BP","2023-12-08",152,0,"COMPLETE",3,true
"RCP_006326","SHP_006436","PO_006851","BP_0020","BP","2023-12-08",77,0,"COMPLETE",0,true
"RCP_006327","SHP_006342","PO_007605","BP_0020","BP","2023-12-08",83,3,"PARTIAL",4,true
"RCP_006328","SHP_006352","PO_007561","FL_0012","FL","2023-12-08",122,0,"COMPLETE",2,true
"RCP_006329","SHP_006323","PO_003766","FL_0003","FL","2023-12-08",93,0,"COMPLETE",-1,true
"RCP_006330","SHP_006194","PO_007337","BP_0018","BP","2023-12-08",103,0,"COMPLETE",5,true
"RCP_006331","SHP_006280","PO_000753","UO_0006","UO","2023-12-08",32,0,"COMPLETE",5,true
"RCP_006332","SHP_006321","PO_002054","BP_0016","BP","2023-12-08",178,0,"COMPLETE",5,true
"RCP_006333","SHP_006228","PO_006567","FL_0008","FL","2023-12-08",61,0,"COMPLETE",8,true
"RCP_006334","SHP_006275","PO_004513","UO_0015","UO","2023-12-09",27,0,"PARTIAL",5,true
"RCP_006335","SHP_006241","PO_007936","FL_0007","FL","2023-12-09",78,0,"PARTIAL",8,true
"RCP_006336","SHP_006374","PO_002330","BP_0018","BP","2023-12-09",24,0,"PARTIAL",2,true
"RCP_006337","SHP_006417","PO_010122","BP_0008","BP","2023-12-09",119,0,"COMPLETE",-1,true
"RCP_006338","SHP_006431","PO_003765","BP_0001","BP","2023-12-09",95,0,"COMPLETE",1,true
"RCP_006339","SHP_006386","PO_009777","FL_0005","FL","2023-12-09",25,0,"COMPLETE",1,true
"RCP_006340","SHP_006413","PO_004133","FL_0008","FL","2023-12-09",89,0,"COMPLETE",-1,true
"RCP_006341","SHP_006317","PO_000713","FL_0011","FL","2023-12-09",77,0,"PARTIAL",1,true
"RCP_006342","SHP_006372","PO_000618","UO_0004","UO","2023-12-09",62,0,"COMPLETE",3,true
"RCP_006343","SHP_006278","PO_007451","FL_0017","FL","2023-12-09",18,0,"COMPLETE",4,true
"RCP_006344","SHP_006290","PO_000133","FL_0002","FL","2023-12-10",26,0,"COMPLETE",4,true
"RCP_006345","SHP_006415","PO_004803","FL_0009","FL","2023-12-10",143,0,"COMPLETE",0,true
"RCP_006346","SHP_006235","PO_005369","FL_0019","FL","2023-12-10",29,0,"COMPLETE",9,true
"RCP_006347","SHP_006312","PO_009177","UO_0009","UO","2023-12-10",82,0,"COMPLETE",3,true
"RCP_006348","SHP_006440","PO_009548","BP_0010","BP","2023-12-10",50,0,"COMPLETE",2,true
"RCP_006349","SHP_006429","PO_003518","BP_0004","BP","2023-12-10",149,0,"COMPLETE",2,true
"RCP_006350","SHP_006306","PO_003660","BP_0012","BP","2023-12-10",128,0,"COMPLETE",2,true
"RCP_006351","SHP_006334","PO_001348","UO_0015","UO","2023-12-10",103,0,"COMPLETE",3,true
"RCP_006352","SHP_006376","PO_002869","FL_0005","FL","2023-12-10",153,0,"COMPLETE",2,true
"RCP_006353","SHP_006296","PO_006630","BP_0002","BP","2023-12-10",59,0,"COMPLETE",-1,true
"RCP_006354","SHP_006344","PO_000090","FL_0016","FL","2023-12-11",81,0,"COMPLETE",0,true
"RCP_006355","SHP_006293","PO_004749","FL_0011","FL","2023-12-11",44,0,"COMPLETE",4,true
"RCP_006356","SHP_006353","PO_007739","BP_0008","BP","2023-12-11",129,0,"COMPLETE",5,true
"RCP_006357","SHP_006371","PO_000555","BP_0020","BP","2023-12-11",43,0,"COMPLETE",4,true
"RCP_006358","SHP_006337","PO_002940","UO_0012","UO","2023-12-11",152,2,"COMPLETE",4,true
"RCP_006359","SHP_006299","PO_008942","BP_0002","BP","2023-12-11",23,0,"COMPLETE",4,true
"RCP_006360","SHP_006437","PO_006896","FL_0009","FL","2023-12-11",132,0,"COMPLETE",-1,true
"RCP_006361","SHP_006466","PO_008080","BP_0020","BP","2023-12-11",191,0,"COMPLETE",1,true
"RCP_006362","SHP_006404","PO_009611","FL_0005","FL","2023-12-11",17,0,"COMPLETE",2,true
"RCP_006363","SHP_006244","PO_009939","BP_0005","BP","2023-12-11",159,0,"COMPLETE",5,true
"RCP_006364","SHP_006328","PO_007224","FL_0016","FL","2023-12-11",121,0,"COMPLETE",2,true
"RCP_006365","SHP_006458","PO_001785","BP_0005","BP","2023-12-11",68,1,"COMPLETE",1,true
"RCP_006366","SHP_006407","PO_001654","BP_0001","BP","2023-12-11",20,0,"COMPLETE",1,true
"RCP_006367","SHP_006356","PO_001528","UO_0002","UO","2023-12-11",103,0,"COMPLETE",0,true
"RCP_006368","SHP_006239","PO_006963","BP_0007","BP","2023-12-11",170,0,"COMPLETE",5,true
"RCP_006369","SHP_006255","PO_000502","BP_0009","BP","2023-12-12",27,0,"COMPLETE",4,true
"RCP_006370","SHP_006252","PO_008630","UO_0016","UO","2023-12-12",138,0,"PARTIAL",10,true
"RCP_006371","SHP_006273","PO_004195","FL_0017","FL","2023-12-12",60,0,"PARTIAL",8,true
"RCP_006372","SHP_006343","PO_007760","FL_0004","FL","2023-12-12",73,0,"COMPLETE",2,true
"RCP_006373","SHP_006422","PO_007821","UO_0006","UO","2023-12-12",151,0,"COMPLETE",-1,true
"RCP_006374","SHP_006302","PO_009643","UO_0005","UO","2023-12-12",50,0,"COMPLETE",6,true
"RCP_006375","SHP_006319","PO_001222","BP_0006","BP","2023-12-12",90,0,"COMPLETE",-1,true
"RCP_006376","SHP_006350","PO_006374","BP_0013","BP","2023-12-12",119,0,"COMPLETE",1,true
"RCP_006377","SHP_006248","PO_003647","FL_0001","FL","2023-12-12",93,0,"COMPLETE",10,true
"RCP_006378","SHP_006373","PO_001576","BP_0002","BP","2023-12-12",69,0,"COMPLETE",5,true
"RCP_006379","SHP_006382","PO_007888","FL_0007","FL","2023-12-12",77,2,"COMPLETE",-1,true
"RCP_006380","SHP_006442","PO_000240","FL_0020","FL","2023-12-13",105,5,"COMPLETE",0,true
"RCP_006381","SHP_006425","PO_000504","FL_0002","FL","2023-12-13",141,0,"COMPLETE",1,true
"RCP_006382","SHP_006261","PO_005325","BP_0001","BP","2023-12-13",151,8,"COMPLETE",9,true
"RCP_006383","SHP_006421","PO_006424","UO_0006","UO","2023-12-13",107,0,"COMPLETE",4,true
"RCP_006384","SHP_006490","PO_007725","UO_0015","UO","2023-12-13",156,0,"COMPLETE",-1,true
"RCP_006385","SHP_006281","PO_001074","FL_0003","FL","2023-12-13",158,0,"COMPLETE",8,true
"RCP_006386","SHP_006330","PO_008010","UO_0007","UO","2023-12-13",54,0,"COMPLETE",5,true
"RCP_006387","SHP_006313","PO_009414","UO_0020","UO","2023-12-13",14,0,"COMPLETE",6,true
"RCP_006388","SHP_006346","PO_000642","FL_0020","FL","2023-12-13",172,0,"COMPLETE",3,true
"RCP_006389","SHP_006335","PO_002088","BP_0018","BP","2023-12-13",160,0,"COMPLETE",3,true
"RCP_006390","SHP_006400","PO_007220","BP_0020","BP","2023-12-13",73,0,"PARTIAL",4,true
"RCP_006391","SHP_006471","PO_000839","BP_0007","BP","2023-12-13",133,0,"PARTIAL",2,true
"RCP_006392","SHP_006479","PO_009871","BP_0014","BP","2023-12-13",95,0,"COMPLETE",2,true
"RCP_006393","SHP_006444","PO_002112","FL_0020","FL","2023-12-13",61,0,"COMPLETE",0,true
"RCP_006394","SHP_006449","PO_007533","BP_0016","BP","2023-12-13",129,0,"COMPLETE",1,true
"RCP_006395","SHP_006256","PO_001319","UO_0007","UO","2023-12-13",13,0,"PARTIAL",10,true
"RCP_006396","SHP_006279","PO_008334","FL_0017","FL","2023-12-14",129,0,"COMPLETE",10,true
"RCP_006397","SHP_006397","PO_006470","BP_0013","BP","2023-12-14",195,5,"COMPLETE",0,true
"RCP_006398","SHP_006505","PO_008153","BP_0007","BP","2023-12-14",190,0,"COMPLETE",1,true
"RCP_006399","SHP_006452","PO_008230","FL_0006","FL","2023-12-14",82,0,"COMPLETE",1,true
"RCP_006400","SHP_006283","PO_003004","BP_0019","BP","2023-12-14",53,0,"COMPLETE",8,true
"RCP_006401","SHP_006487","PO_006106","BP_0009","BP","2023-12-14",21,0,"COMPLETE",2,true
"RCP_006402","SHP_006305","PO_003422","FL_0014","FL","2023-12-14",138,8,"PARTIAL",7,true
"RCP_006403","SHP_006322","PO_003723","BP_0015","BP","2023-12-14",108,0,"PARTIAL",1,true
"RCP_006404","SHP_006388","PO_001933","UO_0018","UO","2023-12-14",107,0,"PARTIAL",3,true
"RCP_006405","SHP_006282","PO_001079","BP_0019","BP","2023-12-14",131,0,"PARTIAL",8,true
"RCP_006406","SHP_006472","PO_001273","FL_0011","FL","2023-12-14",22,0,"COMPLETE",-1,true
"RCP_006407","SHP_006430","PO_003743","FL_0014","FL","2023-12-14",125,0,"COMPLETE",2,true
"RCP_006408","SHP_006495","PO_000111","BP_0004","BP","2023-12-15",91,0,"COMPLETE",-1,true
"RCP_006409","SHP_006414","PO_004651","UO_0005","UO","2023-12-15",124,0,"COMPLETE",3,true
"RCP_006410","SHP_006469","PO_000373","FL_0008","FL","2023-12-15",192,0,"COMPLETE",0,true
"RCP_006411","SHP_006477","PO_005319","FL_0004","FL","2023-12-15",59,0,"COMPLETE",0,true
"RCP_006412","SHP_006476","PO_004787","FL_0016","FL","2023-12-15",188,0,"COMPLETE",0,true
"RCP_006413","SHP_006403","PO_008617","FL_0017","FL","2023-12-15",112,0,"PARTIAL",2,true
"RCP_006414","SHP_006331","PO_008187","BP_0001","BP","2023-12-15",109,0,"COMPLETE",6,true
"RCP_006415","SHP_006424","PO_009770","BP_0012","BP","2023-12-15",65,0,"COMPLETE",5,true
"RCP_006416","SHP_006405","PO_000634","UO_0004","UO","2023-12-15",87,0,"PARTIAL",1,true
"RCP_006417","SHP_006262","PO_006193","FL_0019","FL","2023-12-15",115,0,"PARTIAL",12,true
"RCP_006418","SHP_006474","PO_003477","UO_0001","UO","2023-12-15",57,0,"PARTIAL",2,true
"RCP_006419","SHP_006489","PO_007674","UO_0001","UO","2023-12-15",197,0,"COMPLETE",1,true
"RCP_006420","SHP_006409","PO_002072","FL_0018","FL","2023-12-15",116,0,"COMPLETE",1,true
"RCP_006421","SHP_006497","PO_002308","UO_0012","UO","2023-12-15",192,0,"COMPLETE",0,true
"RCP_006422","SHP_006504","PO_005902","UO_0002","UO","2023-12-15",108,0,"COMPLETE",0,true
"RCP_006423","SHP_006455","PO_000736","FL_0002","FL","2023-12-15",60,0,"COMPLETE",1,true
"RCP_006424","SHP_006496","PO_000181","UO_0014","UO","2023-12-16",155,0,"COMPLETE",1,true
"RCP_006425","SHP_006298","PO_008575","BP_0019","BP","2023-12-16",41,0,"COMPLETE",9,true
"RCP_006426","SHP_006351","PO_006467","BP_0014","BP","2023-12-16",198,0,"COMPLETE",1,true
"RCP_006427","SHP_006381","PO_007876","FL_0008","FL","2023-12-16",165,0,"COMPLETE",3,true
"RCP_006428","SHP_006418","PO_002248","FL_0005","FL","2023-12-16",44,0,"COMPLETE",1,true
"RCP_006429","SHP_006453","PO_009065","UO_0013","UO","2023-12-16",193,0,"COMPLETE",5,true
"RCP_006430","SHP_006460","PO_003131","FL_0007","FL","2023-12-16",149,0,"COMPLETE",2,true
"RCP_006431","SHP_006482","PO_001350","FL_0007","FL","2023-12-16",184,0,"COMPLETE",0,true
"RCP_006432","SHP_006465","PO_007579","BP_0020","BP","2023-12-16",182,0,"COMPLETE",2,true
"RCP_006433","SHP_006473","PO_001524","FL_0007","FL","2023-12-16",193,0,"COMPLETE",1,true
"RCP_006434","SHP_006540","PO_007911","BP_0003","BP","2023-12-16",119,0,"COMPLETE",0,true
"RCP_006435","SHP_006468","PO_009860","BP_0006","BP","2023-12-16",91,2,"COMPLETE",2,true
"RCP_006436","SHP_006488","PO_006801","FL_0007","FL","2023-12-16",54,0,"COMPLETE",0,true
"RCP_006437","SHP_006500","PO_003255","UO_0019","UO","2023-12-16",199,0,"COMPLETE",1,true
"RCP_006438","SHP_006291","PO_000510","FL_0017","FL","2023-12-17",31,0,"COMPLETE",11,true
"RCP_006439","SHP_006541","PO_008432","UO_0003","UO","2023-12-17",138,0,"COMPLETE",-1,true
"RCP_006440","SHP_006572","PO_003997","UO_0020","UO","2023-12-17",103,0,"COMPLETE",0,true
"RCP_006441","SHP_006506","PO_009675","FL_0006","FL","2023-12-17",58,0,"COMPLETE",0,true
"RCP_006442","SHP_006494","PO_009836","BP_0002","BP","2023-12-17",26,1,"COMPLETE",2,true
"RCP_006443","SHP_006412","PO_003577","FL_0004","FL","2023-12-17",155,0,"COMPLETE",3,true
"RCP_006444","SHP_006511","PO_003606","FL_0010","FL","2023-12-17",65,0,"COMPLETE",-1,true
"RCP_006445","SHP_006525","PO_005354","BP_0003","BP","2023-12-17",173,0,"COMPLETE",2,true
"RCP_006446","SHP_006428","PO_002976","FL_0014","FL","2023-12-17",160,0,"PARTIAL",1,true
"RCP_006447","SHP_006326","PO_004597","FL_0003","FL","2023-12-18",185,0,"PARTIAL",10,true
"RCP_006448","SHP_006492","PO_008393","FL_0011","FL","2023-12-18",18,0,"COMPLETE",2,true
"RCP_006449","SHP_006485","PO_004999","FL_0006","FL","2023-12-18",153,0,"COMPLETE",2,true
"RCP_006450","SHP_006461","PO_006493","FL_0004","FL","2023-12-18",104,0,"COMPLETE",-1,true
"RCP_006451","SHP_006536","PO_006005","BP_0010","BP","2023-12-18",91,0,"PARTIAL",-1,true
"RCP_006452","SHP_006361","PO_006136","BP_0009","BP","2023-12-18",62,0,"PARTIAL",6,true
"RCP_006453","SHP_006318","PO_000770","UO_0016","UO","2023-12-18",62,2,"COMPLETE",10,true
"RCP_006454","SHP_006464","PO_006799","FL_0016","FL","2023-12-18",115,0,"PARTIAL",-1,true
"RCP_006455","SHP_006478","PO_007231","UO_0005","UO","2023-12-18",65,0,"COMPLETE",5,true
"RCP_006456","SHP_006528","PO_006633","FL_0006","FL","2023-12-18",82,0,"COMPLETE",-1,true
"RCP_006457","SHP_006446","PO_004006","UO_0014","UO","2023-12-18",58,2,"COMPLETE",3,true
"RCP_006458","SHP_006358","PO_002608","BP_0006","BP","2023-12-18",60,0,"PARTIAL",6,true
"RCP_006459","SHP_006439","PO_007448","UO_0012","UO","2023-12-18",104,0,"COMPLETE",4,true
"RCP_006460","SHP_006427","PO_002738","BP_0003","BP","2023-12-18",18,0,"COMPLETE",1,true
"RCP_006461","SHP_006571","PO_002566","BP_0001","BP","2023-12-18",29,0,"COMPLETE",-1,true
"RCP_006462","SHP_006348","PO_004755","FL_0002","FL","2023-12-19",55,0,"PARTIAL",9,true
"RCP_006463","SHP_006470","PO_000530","FL_0006","FL","2023-12-19",88,0,"COMPLETE",0,true
"RCP_006464","SHP_006395","PO_005016","BP_0015","BP","2023-12-19",180,0,"COMPLETE",5,true
"RCP_006465","SHP_006568","PO_008662","BP_0003","BP","2023-12-19",78,0,"COMPLETE",1,true
"RCP_006466","SHP_006475","PO_004080","FL_0017","FL","2023-12-19",114,0,"COMPLETE",0,true
"RCP_006467","SHP_006450","PO_007742","FL_0001","FL","2023-12-19",191,0,"COMPLETE",2,true
"RCP_006468","SHP_006467","PO_008186","BP_0007","BP","2023-12-19",188,0,"COMPLETE",0,true
"RCP_006469","SHP_006613","PO_009184","UO_0009","UO","2023-12-19",101,0,"COMPLETE",0,true
"RCP_006470","SHP_006516","PO_009345","BP_0020","BP","2023-12-19",190,0,"COMPLETE",1,true
"RCP_006471","SHP_006577","PO_006090","BP_0010","BP","2023-12-19",26,0,"PARTIAL",0,true
"RCP_006472","SHP_006341","PO_006327","BP_0015","BP","2023-12-19",71,0,"COMPLETE",5,true
"RCP_006473","SHP_006454","PO_010140","FL_0003","FL","2023-12-19",149,0,"COMPLETE",1,true
"RCP_006474","SHP_006368","PO_009185","FL_0003","FL","2023-12-19",187,0,"COMPLETE",8,true
"RCP_006475","SHP_006435","PO_006450","FL_0002","FL","2023-12-19",107,0,"COMPLETE",2,true
"RCP_006476","SHP_006547","PO_004895","BP_0019","BP","2023-12-19",40,0,"PARTIAL",-1,true
"RCP_006477","SHP_006410","PO_002198","FL_0018","FL","2023-12-19",178,5,"COMPLETE",5,true
"RCP_006478","SHP_006554","PO_000079","BP_0020","BP","2023-12-20",121,0,"COMPLETE",2,true
"RCP_006479","SHP_006512","PO_003874","FL_0001","FL","2023-12-20",179,0,"COMPLETE",2,true
"RCP_006480","SHP_006524","PO_004282","FL_0013","FL","2023-12-20",142,0,"COMPLETE",1,true
"RCP_006481","SHP_006591","PO_006309","BP_0013","BP","2023-12-20",111,0,"COMPLETE",0,true
"RCP_006482","SHP_006515","PO_007031","BP_0004","BP","2023-12-20",31,0,"PARTIAL",2,true
"RCP_006483","SHP_006531","PO_001876","FL_0013","FL","2023-12-20",149,0,"COMPLETE",0,true
"RCP_006484","SHP_006324","PO_004112","FL_0014","FL","2023-12-20",100,0,"PARTIAL",12,true
"RCP_006485","SHP_006560","PO_002360","BP_0006","BP","2023-12-20",96,0,"COMPLETE",2,true
"RCP_006486","SHP_006399","PO_007151","BP_0004","BP","2023-12-20",140,0,"COMPLETE",2,true
"RCP_006487","SHP_006411","PO_003332","BP_0006","BP","2023-12-20",168,0,"COMPLETE",5,true
"RCP_006488","SHP_006552","PO_007668","FL_0014","FL","2023-12-20",116,3,"COMPLETE",-1,true
"RCP_006489","SHP_006574","PO_004609","UO_0014","UO","2023-12-21",30,1,"COMPLETE",0,true
"RCP_006490","SHP_006517","PO_000367","FL_0001","FL","2023-12-21",54,0,"COMPLETE",2,true
"RCP_006491","SHP_006393","PO_004661","FL_0008","FL","2023-12-21",106,0,"COMPLETE",8,true
"RCP_006492","SHP_006513","PO_005251","UO_0009","UO","2023-12-21",91,0,"COMPLETE",5,true
"RCP_006493","SHP_006548","PO_005088","FL_0006","FL","2023-12-21",153,0,"COMPLETE",0,true
"RCP_006494","SHP_006498","PO_002309","FL_0017","FL","2023-12-21",185,0,"COMPLETE",-1,true
"RCP_006495","SHP_006543","PO_009987","BP_0001","BP","2023-12-21",149,0,"COMPLETE",2,true
"RCP_006496","SHP_006556","PO_000599","FL_0007","FL","2023-12-21",120,0,"COMPLETE",-1,true
"RCP_006497","SHP_006545","PO_000879","BP_0007","BP","2023-12-21",110,0,"COMPLETE",0,true
"RCP_006498","SHP_006456","PO_000872","UO_0016","UO","2023-12-21",76,0,"PARTIAL",3,true
"RCP_006499","SHP_006463","PO_006596","FL_0016","FL","2023-12-21",89,0,"PARTIAL",3,true
"RCP_006500","SHP_006563","PO_003855","BP_0017","BP","2023-12-21",107,0,"PARTIAL",0,true
"RCP_006501","SHP_006562","PO_003564","BP_0004","BP","2023-12-21",113,0,"COMPLETE",0,true
"RCP_006502","SHP_006539","PO_007630","BP_0016","BP","2023-12-21",91,0,"COMPLETE",1,true
"RCP_006503","SHP_006357","PO_001825","BP_0018","BP","2023-12-21",130,0,"PARTIAL",9,true
"RCP_006504","SHP_006459","PO_001969","FL_0013","FL","2023-12-21",122,3,"COMPLETE",3,true
"RCP_006505","SHP_006546","PO_001293","UO_0014","UO","2023-12-21",191,0,"COMPLETE",2,true
"RCP_006506","SHP_006575","PO_004800","BP_0001","BP","2023-12-21",103,0,"COMPLETE",2,true
"RCP_006507","SHP_006480","PO_000051","FL_0003","FL","2023-12-22",139,0,"PARTIAL",1,true
"RCP_006508","SHP_006481","PO_000147","FL_0012","FL","2023-12-22",196,0,"COMPLETE",2,true
"RCP_006509","SHP_006443","PO_000328","FL_0014","FL","2023-12-22",34,0,"COMPLETE",5,true
"RCP_006510","SHP_006576","PO_004935","BP_0003","BP","2023-12-22",31,0,"PARTIAL",0,true
"RCP_006511","SHP_006402","PO_008364","FL_0002","FL","2023-12-22",15,0,"COMPLETE",9,true
"RCP_006512","SHP_006566","PO_008514","FL_0013","FL","2023-12-22",28,0,"COMPLETE",0,true
"RCP_006513","SHP_006432","PO_005137","BP_0016","BP","2023-12-22",87,3,"PARTIAL",5,true
"RCP_006514","SHP_006486","PO_005573","FL_0019","FL","2023-12-22",123,0,"COMPLETE",2,true
"RCP_006515","SHP_006423","PO_008006","BP_0019","BP","2023-12-22",167,5,"COMPLETE",6,true
"RCP_006516","SHP_006510","PO_002435","FL_0007","FL","2023-12-22",76,0,"COMPLETE",-1,true
"RCP_006517","SHP_006445","PO_003417","BP_0018","BP","2023-12-22",114,0,"COMPLETE",4,true
"RCP_006518","SHP_006580","PO_006853","FL_0020","FL","2023-12-22",154,0,"COMPLETE",-1,true
"RCP_006519","SHP_006457","PO_001220","FL_0005","FL","2023-12-22",113,0,"COMPLETE",3,true
"RCP_006520","SHP_006555","PO_000264","UO_0019","UO","2023-12-23",109,0,"COMPLETE",3,true
"RCP_006521","SHP_006532","PO_002162","BP_0012","BP","2023-12-23",187,0,"COMPLETE",4,true
"RCP_006522","SHP_006366","PO_008104","BP_0007","BP","2023-12-23",64,0,"COMPLETE",11,true
"RCP_006523","SHP_006441","PO_009588","FL_0009","FL","2023-12-23",53,0,"COMPLETE",7,true
"RCP_006524","SHP_006535","PO_003458","UO_0019","UO","2023-12-23",30,0,"PARTIAL",5,true
"RCP_006525","SHP_006448","PO_006916","BP_0004","BP","2023-12-23",113,0,"COMPLETE",1,true
"RCP_006526","SHP_006519","PO_000762","BP_0020","BP","2023-12-23",57,0,"COMPLETE",4,true
"RCP_006527","SHP_006438","PO_007194","FL_0005","FL","2023-12-23",166,0,"PARTIAL",7,true
"RCP_006528","SHP_006503","PO_005259","FL_0020","FL","2023-12-24",147,0,"PARTIAL",2,true
"RCP_006529","SHP_006416","PO_005942","BP_0003","BP","2023-12-24",198,0,"COMPLETE",5,true
"RCP_006530","SHP_006447","PO_005699","BP_0007","BP","2023-12-24",41,0,"COMPLETE",2,true
"RCP_006531","SHP_006385","PO_008892","FL_0001","FL","2023-12-24",21,0,"COMPLETE",12,true
"RCP_006532","SHP_006391","PO_003758","FL_0010","FL","2023-12-24",109,0,"COMPLETE",11,true
"RCP_006533","SHP_006615","PO_001964","UO_0010","UO","2023-12-24",164,0,"COMPLETE",0,true
"RCP_006534","SHP_006608","PO_006763","FL_0002","FL","2023-12-24",72,0,"COMPLETE",-1,true
"RCP_006535","SHP_006433","PO_005927","FL_0006","FL","2023-12-24",36,0,"COMPLETE",8,true
"RCP_006536","SHP_006558","PO_001817","UO_0003","UO","2023-12-24",140,0,"COMPLETE",4,true
"RCP_006537","SHP_006392","PO_004613","FL_0019","FL","2023-12-25",101,0,"PARTIAL",12,true
"RCP_006538","SHP_006619","PO_003878","UO_0003","UO","2023-12-25",164,6,"COMPLETE",1,true
"RCP_006539","SHP_006420","PO_004186","BP_0006","BP","2023-12-25",98,0,"COMPLETE",5,true
"RCP_006540","SHP_006529","PO_008991","FL_0002","FL","2023-12-25",136,0,"PARTIAL",1,true
"RCP_006541","SHP_006499","PO_002417","FL_0004","FL","2023-12-25",66,0,"COMPLETE",4,true
"RCP_006542","SHP_006434","PO_006053","FL_0018","FL","2023-12-25",34,0,"COMPLETE",9,true
"RCP_006543","SHP_006526","PO_005673","BP_0013","BP","2023-12-25",96,0,"COMPLETE",1,true
"RCP_006544","SHP_006678","PO_007025","BP_0020","BP","2023-12-25",24,0,"COMPLETE",-1,true
"RCP_006545","SHP_006623","PO_007641","FL_0018","FL","2023-12-25",112,0,"COMPLETE",-1,true
"RCP_006546","SHP_006683","PO_008696","UO_0001","UO","2023-12-25",40,0,"COMPLETE",1,true
"RCP_006547","SHP_006605","PO_005709","FL_0019","FL","2023-12-25",27,0,"COMPLETE",0,true
"RCP_006548","SHP_006570","PO_001950","FL_0011","FL","2023-12-25",65,0,"COMPLETE",2,true
"RCP_006549","SHP_006567","PO_008615","BP_0007","BP","2023-12-25",181,0,"COMPLETE",4,true
"RCP_006550","SHP_006533","PO_002491","BP_0018","BP","2023-12-25",74,0,"PARTIAL",5,true
"RCP_006551","SHP_006614","PO_001581","FL_0001","FL","2023-12-25",82,0,"COMPLETE",-1,true
"RCP_006552","SHP_006679","PO_007758","UO_0008","UO","2023-12-26",113,0,"COMPLETE",2,true
"RCP_006553","SHP_006493","PO_009693","BP_0002","BP","2023-12-26",145,0,"PARTIAL",1,true
"RCP_006554","SHP_006718","PO_003082","UO_0005","UO","2023-12-26",83,0,"COMPLETE",-1,true
"RCP_006555","SHP_006426","PO_002646","BP_0015","BP","2023-12-26",90,0,"COMPLETE",5,true
"RCP_006556","SHP_006408","PO_001836","FL_0011","FL","2023-12-26",16,0,"PARTIAL",12,true
"RCP_006557","SHP_006607","PO_006164","UO_0017","UO","2023-12-26",129,0,"COMPLETE",-1,true
"RCP_006558","SHP_006491","PO_007947","FL_0019","FL","2023-12-26",123,0,"COMPLETE",5,true
"RCP_006559","SHP_006622","PO_007468","FL_0002","FL","2023-12-26",107,0,"COMPLETE",0,true
"RCP_006560","SHP_006621","PO_006540","BP_0005","BP","2023-12-26",20,0,"COMPLETE",0,true
"RCP_006561","SHP_006627","PO_009831","FL_0016","FL","2023-12-26",88,0,"COMPLETE",0,true
"RCP_006562","SHP_006648","PO_003895","FL_0013","FL","2023-12-27",27,0,"COMPLETE",-1,true
"RCP_006563","SHP_006625","PO_008554","FL_0014","FL","2023-12-27",156,0,"COMPLETE",1,true
"RCP_006564","SHP_006649","PO_005502","FL_0005","FL","2023-12-27",111,0,"COMPLETE",-1,true
"RCP_006565","SHP_006710","PO_007920","BP_0002","BP","2023-12-27",174,0,"COMPLETE",-1,true
"RCP_006566","SHP_006594","PO_008971","BP_0012","BP","2023-12-27",91,0,"COMPLETE",3,true
"RCP_006567","SHP_006583","PO_008976","FL_0012","FL","2023-12-27",49,0,"COMPLETE",-1,true
"RCP_006568","SHP_006638","PO_009734","FL_0011","FL","2023-12-27",188,0,"COMPLETE",0,true
"RCP_006569","SHP_006628","PO_010113","FL_0014","FL","2023-12-27",24,0,"PARTIAL",1,true
"RCP_006570","SHP_006689","PO_005984","UO_0007","UO","2023-12-27",87,4,"COMPLETE",2,true
"RCP_006571","SHP_006631","PO_002924","BP_0003","BP","2023-12-27",75,0,"COMPLETE",1,true
"RCP_006572","SHP_006549","PO_006072","UO_0012","UO","2023-12-27",116,0,"COMPLETE",4,true
"RCP_006573","SHP_006618","PO_003566","UO_0020","UO","2023-12-27",89,0,"COMPLETE",3,true
"RCP_006574","SHP_006670","PO_002488","BP_0001","BP","2023-12-27",73,0,"COMPLETE",1,true
"RCP_006575","SHP_006585","PO_002039","BP_0006","BP","2023-12-27",124,0,"PARTIAL",4,true
"RCP_006576","SHP_006635","PO_007187","UO_0007","UO","2023-12-27",178,0,"COMPLETE",2,true
"RCP_006577","SHP_006624","PO_007705","UO_0007","UO","2023-12-27",182,0,"COMPLETE",-1,true
"RCP_006578","SHP_006522","PO_003724","BP_0003","BP","2023-12-27",112,0,"PARTIAL",-1,true
"RCP_006579","SHP_006527","PO_006611","BP_0004","BP","2023-12-27",87,0,"COMPLETE",-1,true
"RCP_006580","SHP_006520","PO_002700","FL_0002","FL","2023-12-27",36,0,"COMPLETE",4,true
"RCP_006581","SHP_006565","PO_007331","FL_0005","FL","2023-12-27",55,0,"COMPLETE",0,true
"RCP_006582","SHP_006502","PO_004724","BP_0003","BP","2023-12-28",70,0,"PARTIAL",6,true
"RCP_006583","SHP_006483","PO_003883","BP_0020","BP","2023-12-28",92,0,"COMPLETE",7,true
"RCP_006584","SHP_006573","PO_004254","UO_0010","UO","2023-12-28",145,0,"PARTIAL",3,true
"RCP_006585","SHP_006557","PO_000950","FL_0005","FL","2023-12-28",97,0,"COMPLETE",1,true
"RCP_006586","SHP_006544","PO_010123","FL_0011","FL","2023-12-28",164,0,"COMPLETE",4,true
"RCP_006587","SHP_006419","PO_003138","BP_0016","BP","2023-12-28",106,0,"PARTIAL",12,true
"RCP_006588","SHP_006578","PO_006179","FL_0001","FL","2023-12-28",65,0,"COMPLETE",1,true
"RCP_006589","SHP_006501","PO_003620","FL_0011","FL","2023-12-28",46,0,"COMPLETE",7,true
"RCP_006590","SHP_006660","PO_003735","UO_0004","UO","2023-12-28",170,0,"COMPLETE",1,true
"RCP_006591","SHP_006530","PO_000786","FL_0018","FL","2023-12-28",69,0,"PARTIAL",4,true
"RCP_006592","SHP_006636","PO_007459","BP_0002","BP","2023-12-28",181,0,"COMPLETE",1,true
"RCP_006593","SHP_006629","PO_000088","FL_0005","FL","2023-12-29",63,0,"COMPLETE",2,true
"RCP_006594","SHP_006518","PO_000456","FL_0008","FL","2023-12-29",49,0,"COMPLETE",5,true
"RCP_006595","SHP_006590","PO_004970","FL_0008","FL","2023-12-29",32,0,"COMPLETE",1,true
"RCP_006596","SHP_006666","PO_008321","FL_0007","FL","2023-12-29",50,0,"COMPLETE",0,true
"RCP_006597","SHP_006693","PO_008423","BP_0016","BP","2023-12-29",46,0,"COMPLETE",-1,true
"RCP_006598","SHP_006582","PO_008470","FL_0007","FL","2023-12-29",174,0,"PARTIAL",2,true
"RCP_006599","SHP_006514","PO_005428","FL_0012","FL","2023-12-29",129,0,"PARTIAL",7,true
"RCP_006600","SHP_006701","PO_004201","UO_0004","UO","2023-12-29",14,0,"COMPLETE",-1,true
"RCP_006601","SHP_006702","PO_004215","BP_0008","BP","2023-12-29",58,0,"COMPLETE",1,true
"RCP_006602","SHP_006616","PO_002235","BP_0004","BP","2023-12-29",196,0,"COMPLETE",3,true
"RCP_006603","SHP_006550","PO_006174","FL_0004","FL","2023-12-29",157,0,"COMPLETE",3,true
"RCP_006604","SHP_006579","PO_006312","FL_0017","FL","2023-12-29",85,0,"COMPLETE",1,true
"RCP_006605","SHP_006551","PO_007053","BP_0006","BP","2023-12-29",48,0,"COMPLETE",-1,true
"RCP_006606","SHP_006538","PO_007602","FL_0012","FL","2023-12-29",32,0,"COMPLETE",4,true
"RCP_006607","SHP_006690","PO_006285","BP_0020","BP","2023-12-29",55,0,"COMPLETE",-1,true
"RCP_006608","SHP_006606","PO_005883","FL_0013","FL","2023-12-29",129,0,"COMPLETE",0,true
"RCP_006609","SHP_006664","PO_007843","FL_0017","FL","2023-12-29",28,0,"PARTIAL",0,true
"RCP_006610","SHP_006599","PO_001182","UO_0002","UO","2023-12-29",102,0,"COMPLETE",2,true
"RCP_006611","SHP_006484","PO_004703","BP_0016","BP","2023-12-30",77,0,"PARTIAL",5,true
"RCP_006612","SHP_006637","PO_008717","BP_0006","BP","2023-12-30",152,0,"COMPLETE",4,true
"RCP_006613","SHP_006523","PO_004098","BP_0018","BP","2023-12-30",179,0,"COMPLETE",6,true
"RCP_006614","SHP_006462","PO_006500","UO_0012","UO","2023-12-30",176,0,"COMPLETE",12,true
"RCP_006615","SHP_006521","PO_002908","BP_0005","BP","2023-12-30",140,0,"COMPLETE",2,true
"RCP_006616","SHP_006534","PO_002999","BP_0015","BP","2023-12-30",54,0,"PARTIAL",1,true
"RCP_006617","SHP_006674","PO_003746","UO_0005","UO","2023-12-30",71,0,"COMPLETE",2,true
"RCP_006618","SHP_006724","PO_005453","BP_0015","BP","2023-12-30",124,0,"COMPLETE",1,true
"RCP_006619","SHP_006673","PO_003684","UO_0007","UO","2023-12-30",23,0,"COMPLETE",2,true
"RCP_006620","SHP_006671","PO_003062","UO_0017","UO","2023-12-30",197,0,"COMPLETE",2,true
"RCP_006621","SHP_006644","PO_003013","UO_0015","UO","2023-12-30",108,0,"COMPLETE",4,true
"RCP_006622","SHP_006645","PO_003557","FL_0007","FL","2023-12-30",187,0,"COMPLETE",2,true
"RCP_006623","SHP_006705","PO_005124","FL_0002","FL","2023-12-31",12,0,"COMPLETE",-1,true
"RCP_006624","SHP_006564","PO_004205","FL_0007","FL","2023-12-31",23,0,"PARTIAL",5,true
"RCP_006625","SHP_006713","PO_009612","FL_0019","FL","2023-12-31",21,0,"COMPLETE",-1,true
"RCP_006626","SHP_006668","PO_009922","FL_0013","FL","2023-12-31",147,0,"COMPLETE",2,true
"RCP_006627","SHP_006650","PO_005777","UO_0014","UO","2023-12-31",115,0,"COMPLETE",5,true
"RCP_006628","SHP_006581","PO_008466","FL_0005","FL","2023-12-31",122,5,"PARTIAL",4,true
"RCP_006629","SHP_006667","PO_008841","FL_0008","FL","2023-12-31",108,0,"COMPLETE",2,true
"RCP_006630","SHP_006707","PO_006743","FL_0002","FL","2023-12-31",155,5,"COMPLETE",-1,true
"RCP_006631","SHP_006508","PO_001834","BP_0014","BP","2023-12-31",50,0,"PARTIAL",4,true
"RCP_006632","SHP_006542","PO_009068","FL_0013","FL","2023-12-31",107,0,"PARTIAL",7,true
"RCP_006633","SHP_006643","PO_002953","UO_0001","UO","2023-12-31",30,0,"COMPLETE",5,true
"RCP_006634","SHP_006768","PO_004028","UO_0006","UO","2023-12-31",127,3,"COMPLETE",0,true
"RCP_006635","SHP_006655","PO_000059","BP_0013","BP","2024-01-01",91,0,"PARTIAL",3,true
"RCP_006636","SHP_006680","PO_007790","FL_0002","FL","2024-01-01",146,0,"COMPLETE",2,true
"RCP_006637","SHP_006682","PO_007981","FL_0004","FL","2024-01-01",75,0,"COMPLETE",2,true
"RCP_006638","SHP_006647","PO_003756","FL_0016","FL","2024-01-01",50,0,"COMPLETE",-1,true
"RCP_006639","SHP_006696","PO_009373","BP_0008","BP","2024-01-01",36,0,"COMPLETE",2,true
"RCP_006640","SHP_006677","PO_006797","FL_0009","FL","2024-01-01",133,0,"COMPLETE",2,true
"RCP_006641","SHP_006609","PO_007235","FL_0016","FL","2024-01-01",75,0,"COMPLETE",3,true
"RCP_006642","SHP_006509","PO_002229","FL_0001","FL","2024-01-01",181,0,"COMPLETE",10,true
"RCP_006643","SHP_006725","PO_008022","FL_0013","FL","2024-01-01",93,2,"COMPLETE",-1,true
"RCP_006644","SHP_006641","PO_001868","FL_0020","FL","2024-01-01",110,0,"COMPLETE",0,true
"RCP_006645","SHP_006727","PO_009964","FL_0003","FL","2024-01-01",83,0,"COMPLETE",-1,true
"RCP_006646","SHP_006611","PO_008035","FL_0014","FL","2024-01-02",41,0,"COMPLETE",3,true
"RCP_006647","SHP_006734","PO_009091","BP_0008","BP","2024-01-02",28,0,"COMPLETE",0,true
"RCP_006648","SHP_006779","PO_009599","UO_0003","UO","2024-01-02",153,7,"PARTIAL",2,true
"RCP_006649","SHP_006626","PO_009730","FL_0017","FL","2024-01-02",139,0,"COMPLETE",2,true
"RCP_006650","SHP_006658","PO_002890","FL_0014","FL","2024-01-02",66,0,"PARTIAL",0,true
"RCP_006651","SHP_006728","PO_001875","FL_0014","FL","2024-01-02",58,0,"COMPLETE",-1,true
"RCP_006652","SHP_006733","PO_007752","BP_0013","BP","2024-01-02",103,0,"COMPLETE",-1,true
"RCP_006653","SHP_006600","PO_002153","FL_0013","FL","2024-01-02",40,2,"COMPLETE",4,true
"RCP_006654","SHP_006652","PO_008866","FL_0008","FL","2024-01-02",69,1,"COMPLETE",1,true
"RCP_006655","SHP_006659","PO_003301","FL_0003","FL","2024-01-02",61,2,"COMPLETE",-1,true
"RCP_006656","SHP_006632","PO_004296","FL_0013","FL","2024-01-02",61,0,"COMPLETE",2,true
"RCP_006657","SHP_006736","PO_000814","BP_0016","BP","2024-01-02",141,0,"COMPLETE",2,true
"RCP_006658","SHP_006675","PO_004608","UO_0015","UO","2024-01-03",84,0,"PARTIAL",2,true
"RCP_006659","SHP_006770","PO_004776","BP_0009","BP","2024-01-03",16,0,"COMPLETE",1,true
"RCP_006660","SHP_006684","PO_008726","FL_0020","FL","2024-01-03",58,2,"COMPLETE",-1,true
"RCP_006661","SHP_006731","PO_004415","FL_0006","FL","2024-01-03",58,0,"COMPLETE",0,true
"RCP_006662","SHP_006681","PO_007967","UO_0018","UO","2024-01-03",16,0,"COMPLETE",2,true
"RCP_006663","SHP_006711","PO_008968","FL_0011","FL","2024-01-03",94,0,"COMPLETE",2,true
"RCP_006664","SHP_006805","PO_008276","BP_0019","BP","2024-01-03",12,0,"COMPLETE",-1,true
"RCP_006665","SHP_006561","PO_002978","BP_0018","BP","2024-01-03",31,0,"COMPLETE",3,true
"RCP_006666","SHP_006730","PO_003077","BP_0018","BP","2024-01-03",32,0,"COMPLETE",1,true
"RCP_006667","SHP_006588","PO_003154","FL_0006","FL","2024-01-03",93,0,"COMPLETE",5,true
"RCP_006668","SHP_006742","PO_006236","BP_0018","BP","2024-01-03",146,0,"PARTIAL",-1,true
"RCP_006669","SHP_006630","PO_002653","FL_0009","FL","2024-01-03",119,0,"COMPLETE",2,true
"RCP_006670","SHP_006788","PO_006655","BP_0017","BP","2024-01-03",132,0,"COMPLETE",0,true
"RCP_006671","SHP_006687","PO_002125","BP_0010","BP","2024-01-03",71,0,"PARTIAL",4,true
"RCP_006672","SHP_006714","PO_009751","BP_0013","BP","2024-01-03",48,0,"COMPLETE",3,true
"RCP_006673","SHP_006692","PO_008209","UO_0004","UO","2024-01-03",46,0,"COMPLETE",1,true
"RCP_006674","SHP_006507","PO_000838","UO_0004","UO","2024-01-03",55,0,"COMPLETE",12,true
"RCP_006675","SHP_006559","PO_001980","BP_0017","BP","2024-01-03",128,0,"PARTIAL",7,true
"RCP_006676","SHP_006807","PO_008611","BP_0004","BP","2024-01-03",43,0,"COMPLETE",-1,true
"RCP_006677","SHP_006809","PO_009713","BP_0019","BP","2024-01-03",143,7,"PARTIAL",-1,true
"RCP_006678","SHP_006735","PO_000143","BP_0008","BP","2024-01-04",198,0,"COMPLETE",0,true
"RCP_006679","SHP_006633","PO_004765","FL_0005","FL","2024-01-04",69,0,"COMPLETE",3,true
"RCP_006680","SHP_006745","PO_008695","BP_0010","BP","2024-01-04",31,0,"COMPLETE",0,true
"RCP_006681","SHP_006653","PO_009351","UO_0008","UO","2024-01-04",119,0,"COMPLETE",5,true
"RCP_006682","SHP_006789","PO_009523","BP_0006","BP","2024-01-04",14,0,"COMPLETE",1,true
"RCP_006683","SHP_006537","PO_007205","BP_0018","BP","2024-01-04",12,0,"COMPLETE",10,true
"RCP_006684","SHP_006706","PO_006282","BP_0014","BP","2024-01-04",142,0,"COMPLETE",3,true
"RCP_006685","SHP_006553","PO_010009","BP_0002","BP","2024-01-04",33,0,"COMPLETE",5,true
"RCP_006686","SHP_006688","PO_003646","FL_0018","FL","2024-01-04",136,0,"COMPLETE",0,true
"RCP_006687","SHP_006842","PO_000190","UO_0018","UO","2024-01-05",127,0,"COMPLETE",-1,true
"RCP_006688","SHP_006694","PO_008457","FL_0012","FL","2024-01-05",48,0,"COMPLETE",1,true
"RCP_006689","SHP_006598","PO_001037","BP_0004","BP","2024-01-05",46,0,"COMPLETE",2,true
"RCP_006690","SHP_006676","PO_005701","FL_0018","FL","2024-01-05",196,0,"COMPLETE",2,true
"RCP_006691","SHP_006763","PO_001787","BP_0009","BP","2024-01-05",198,0,"COMPLETE",-1,true
"RCP_006692","SHP_006803","PO_008020","BP_0020","BP","2024-01-05",18,0,"COMPLETE",1,true
"RCP_006693","SHP_006603","PO_003641","FL_0018","FL","2024-01-05",35,0,"COMPLETE",7,true
"RCP_006694","SHP_006589","PO_003432","UO_0007","UO","2024-01-05",156,0,"COMPLETE",8,true
"RCP_006695","SHP_006695","PO_009011","FL_0001","FL","2024-01-05",93,0,"COMPLETE",0,true
"RCP_006696","SHP_006642","PO_002773","FL_0019","FL","2024-01-05",162,5,"COMPLETE",4,true
"RCP_006697","SHP_006719","PO_003597","UO_0002","UO","2024-01-05",99,0,"COMPLETE",5,true
"RCP_006698","SHP_006820","PO_000361","UO_0014","UO","2024-01-06",59,0,"PARTIAL",2,true
"RCP_006699","SHP_006771","PO_005334","BP_0001","BP","2024-01-06",26,0,"COMPLETE",1,true
"RCP_006700","SHP_006662","PO_006457","FL_0010","FL","2024-01-06",63,0,"COMPLETE",4,true
"RCP_006701","SHP_006592","PO_007813","FL_0018","FL","2024-01-06",10,0,"PARTIAL",9,true
"RCP_006702","SHP_006764","PO_003022","UO_0004","UO","2024-01-06",95,0,"COMPLETE",2,true
"RCP_006703","SHP_006750","PO_000766","FL_0005","FL","2024-01-06",67,0,"COMPLETE",1,true
"RCP_006704","SHP_006753","PO_002480","UO_0018","UO","2024-01-06",109,0,"COMPLETE",3,true
"RCP_006705","SHP_006790","PO_009905","UO_0014","UO","2024-01-06",182,0,"COMPLETE",1,true
"RCP_006706","SHP_006814","PO_007023","BP_0014","BP","2024-01-06",104,0,"COMPLETE",1,true
"RCP_006707","SHP_006744","PO_007414","FL_0005","FL","2024-01-06",177,0,"COMPLETE",2,true
"RCP_006708","SHP_006651","PO_006868","BP_0017","BP","2024-01-06",174,0,"COMPLETE",0,true
"RCP_006709","SHP_006610","PO_007777","BP_0008","BP","2024-01-06",108,0,"PARTIAL",3,true
"RCP_006710","SHP_006741","PO_005292","UO_0003","UO","2024-01-07",112,0,"COMPLETE",5,true
"RCP_006711","SHP_006593","PO_008421","BP_0004","BP","2024-01-07",112,0,"PARTIAL",9,true
"RCP_006712","SHP_006584","PO_001090","FL_0014","FL","2024-01-07",42,0,"PARTIAL",10,true
"RCP_006713","SHP_006601","PO_002265","BP_0006","BP","2024-01-07",19,0,"COMPLETE",4,true
"RCP_006714","SHP_006595","PO_009360","BP_0015","BP","2024-01-07",107,0,"COMPLETE",5,true
"RCP_006715","SHP_006657","PO_000645","FL_0006","FL","2024-01-07",13,1,"COMPLETE",4,true
"RCP_006716","SHP_006786","PO_006162","FL_0014","FL","2024-01-07",70,0,"COMPLETE",0,true
"RCP_006717","SHP_006569","PO_001543","FL_0010","FL","2024-01-07",11,0,"PARTIAL",11,true
"RCP_006718","SHP_006587","PO_002726","BP_0002","BP","2024-01-07",134,0,"COMPLETE",9,true
"RCP_006719","SHP_006828","PO_007130","UO_0009","UO","2024-01-07",77,0,"COMPLETE",-1,true
"RCP_006720","SHP_006586","PO_002621","BP_0020","BP","2024-01-07",83,0,"PARTIAL",9,true
"RCP_006721","SHP_006773","PO_006280","FL_0005","FL","2024-01-07",53,0,"COMPLETE",1,true
"RCP_006722","SHP_006726","PO_009187","FL_0009","FL","2024-01-07",13,0,"PARTIAL",1,true
"RCP_006723","SHP_006755","PO_003354","FL_0018","FL","2024-01-07",90,0,"COMPLETE",2,true
"RCP_006724","SHP_006602","PO_002555","BP_0008","BP","2024-01-07",143,0,"PARTIAL",4,true
"RCP_006725","SHP_006597","PO_000168","BP_0003","BP","2024-01-08",179,0,"COMPLETE",9,true
"RCP_006726","SHP_006722","PO_004748","FL_0020","FL","2024-01-08",85,0,"COMPLETE",1,true
"RCP_006727","SHP_006848","PO_005010","BP_0004","BP","2024-01-08",23,0,"COMPLETE",0,true
"RCP_006728","SHP_006797","PO_005040","FL_0011","FL","2024-01-08",16,0,"COMPLETE",0,true
"RCP_006729","SHP_006617","PO_003176","BP_0009","BP","2024-01-08",34,0,"COMPLETE",4,true
"RCP_006730","SHP_006691","PO_006841","BP_0018","BP","2024-01-08",45,1,"COMPLETE",-1,true
"RCP_006731","SHP_006802","PO_007200","BP_0008","BP","2024-01-08",29,0,"COMPLETE",0,true
"RCP_006732","SHP_006743","PO_007302","FL_0019","FL","2024-01-08",12,0,"COMPLETE",-1,true
"RCP_006733","SHP_006748","PO_000588","BP_0019","BP","2024-01-08",80,0,"COMPLETE",3,true
"RCP_006734","SHP_006737","PO_003247","BP_0003","BP","2024-01-08",144,0,"COMPLETE",5,true
"RCP_006735","SHP_006738","PO_003770","FL_0009","FL","2024-01-08",111,0,"PARTIAL",0,true
"RCP_006736","SHP_006777","PO_007844","FL_0005","FL","2024-01-08",19,0,"COMPLETE",2,true
"RCP_006737","SHP_006620","PO_005926","FL_0006","FL","2024-01-08",124,0,"COMPLETE",9,true
"RCP_006738","SHP_006798","PO_005244","FL_0003","FL","2024-01-09",26,0,"COMPLETE",1,true
"RCP_006739","SHP_006866","PO_008570","BP_0017","BP","2024-01-09",86,0,"COMPLETE",0,true
"RCP_006740","SHP_006799","PO_005597","FL_0016","FL","2024-01-09",188,0,"COMPLETE",1,true
"RCP_006741","SHP_006732","PO_005622","UO_0020","UO","2024-01-09",91,0,"COMPLETE",4,true
"RCP_006742","SHP_006782","PO_002204","FL_0003","FL","2024-01-09",124,4,"COMPLETE",2,true
"RCP_006743","SHP_006840","PO_009357","UO_0014","UO","2024-01-09",99,0,"PARTIAL",0,true
"RCP_006744","SHP_006654","PO_009549","UO_0006","UO","2024-01-09",93,0,"COMPLETE",8,true
"RCP_006745","SHP_006747","PO_009875","FL_0006","FL","2024-01-09",41,0,"COMPLETE",1,true
"RCP_006746","SHP_006596","PO_009935","FL_0014","FL","2024-01-09",121,0,"PARTIAL",12,true
"RCP_006747","SHP_006661","PO_004549","FL_0008","FL","2024-01-09",48,0,"PARTIAL",7,true
"RCP_006748","SHP_006697","PO_010102","FL_0014","FL","2024-01-09",31,0,"COMPLETE",4,true
"RCP_006749","SHP_006756","PO_003395","BP_0013","BP","2024-01-09",140,0,"COMPLETE",5,true
"RCP_006750","SHP_006823","PO_001736","FL_0012","FL","2024-01-09",16,0,"COMPLETE",-1,true
"RCP_006751","SHP_006685","PO_009527","FL_0006","FL","2024-01-09",28,0,"COMPLETE",6,true
"RCP_006752","SHP_006831","PO_010022","FL_0017","FL","2024-01-09",166,0,"COMPLETE",-1,true
"RCP_006753","SHP_006612","PO_009018","FL_0008","FL","2024-01-09",8,0,"PARTIAL",11,true
"RCP_006754","SHP_006793","PO_001140","BP_0012","BP","2024-01-09",71,0,"PARTIAL",1,true
"RCP_006755","SHP_006604","PO_004160","FL_0013","FL","2024-01-09",66,0,"COMPLETE",11,true
"RCP_006756","SHP_006776","PO_007751","BP_0002","BP","2024-01-09",196,0,"COMPLETE",3,true
"RCP_006757","SHP_006791","PO_000169","BP_0007","BP","2024-01-10",18,0,"COMPLETE",2,true
"RCP_006758","SHP_006686","PO_000407","FL_0011","FL","2024-01-10",182,0,"COMPLETE",5,true
"RCP_006759","SHP_006829","PO_008358","FL_0011","FL","2024-01-10",195,0,"COMPLETE",0,true
"RCP_006760","SHP_006729","PO_002189","UO_0003","UO","2024-01-10",112,0,"COMPLETE",5,true
"RCP_006761","SHP_006700","PO_001038","FL_0013","FL","2024-01-10",41,0,"COMPLETE",5,true
"RCP_006762","SHP_006766","PO_003221","BP_0012","BP","2024-01-10",46,0,"COMPLETE",4,true
"RCP_006763","SHP_006835","PO_006076","FL_0014","FL","2024-01-10",132,5,"COMPLETE",-1,true
"RCP_006764","SHP_006849","PO_006914","UO_0008","UO","2024-01-10",46,0,"COMPLETE",0,true
"RCP_006765","SHP_006758","PO_004854","FL_0006","FL","2024-01-10",105,0,"COMPLETE",1,true
"RCP_006766","SHP_006806","PO_008467","FL_0013","FL","2024-01-10",48,0,"COMPLETE",2,true
"RCP_006767","SHP_006780","PO_009637","BP_0006","BP","2024-01-10",195,0,"COMPLETE",4,true
"RCP_006768","SHP_006825","PO_003356","BP_0003","BP","2024-01-10",164,0,"COMPLETE",1,true
"RCP_006769","SHP_006769","PO_004551","FL_0012","FL","2024-01-11",14,0,"PARTIAL",1,true
"RCP_006770","SHP_006795","PO_004075","BP_0001","BP","2024-01-11",38,0,"COMPLETE",4,true
"RCP_006771","SHP_006853","PO_008831","FL_0008","FL","2024-01-11",146,0,"COMPLETE",-1,true
"RCP_006772","SHP_006720","PO_004348","BP_0006","BP","2024-01-11",53,0,"COMPLETE",4,true
"RCP_006773","SHP_006752","PO_002167","FL_0016","FL","2024-01-11",142,0,"PARTIAL",1,true
"RCP_006774","SHP_006800","PO_006022","BP_0002","BP","2024-01-11",111,1,"COMPLETE",4,true
"RCP_006775","SHP_006846","PO_004806","UO_0016","UO","2024-01-11",178,4,"COMPLETE",1,true
"RCP_006776","SHP_006749","PO_000743","FL_0014","FL","2024-01-11",95,4,"PARTIAL",1,true
"RCP_006777","SHP_006830","PO_009377","FL_0014","FL","2024-01-11",192,0,"COMPLETE",1,true
"RCP_006778","SHP_006841","PO_010179","BP_0017","BP","2024-01-11",37,0,"COMPLETE",0,true
"RCP_006779","SHP_006819","PO_010068","FL_0011","FL","2024-01-11",146,0,"COMPLETE",2,true
"RCP_006780","SHP_006804","PO_008115","UO_0002","UO","2024-01-11",114,0,"COMPLETE",5,true
"RCP_006781","SHP_006640","PO_001591","BP_0013","BP","2024-01-11",61,0,"PARTIAL",9,true
"RCP_006782","SHP_006656","PO_000419","FL_0005","FL","2024-01-12",112,0,"COMPLETE",10,true
"RCP_006783","SHP_006909","PO_000547","BP_0007","BP","2024-01-12",59,0,"COMPLETE",-1,true
"RCP_006784","SHP_006862","PO_005330","FL_0019","FL","2024-01-12",49,0,"COMPLETE",-1,true
"RCP_006785","SHP_006703","PO_004485","FL_0013","FL","2024-01-12",92,0,"PARTIAL",7,true
"RCP_006786","SHP_006852","PO_008168","FL_0008","FL","2024-01-12",129,0,"COMPLETE",0,true
"RCP_006787","SHP_006822","PO_001143","FL_0018","FL","2024-01-12",128,0,"COMPLETE",2,true
"RCP_006788","SHP_006672","PO_003181","FL_0011","FL","2024-01-12",125,2,"COMPLETE",9,true
"RCP_006789","SHP_006787","PO_006403","BP_0013","BP","2024-01-12",115,0,"COMPLETE",5,true
"RCP_006790","SHP_006739","PO_003795","BP_0007","BP","2024-01-12",116,0,"COMPLETE",-1,true
"RCP_006791","SHP_006817","PO_008934","UO_0005","UO","2024-01-12",185,0,"COMPLETE",5,true
"RCP_006792","SHP_006783","PO_002513","FL_0013","FL","2024-01-12",112,0,"COMPLETE",0,true
"RCP_006793","SHP_006717","PO_002567","FL_0006","FL","2024-01-12",32,0,"COMPLETE",6,true
"RCP_006794","SHP_006708","PO_006994","UO_0019","UO","2024-01-12",90,0,"COMPLETE",7,true
"RCP_006795","SHP_006839","PO_008954","FL_0003","FL","2024-01-12",51,0,"COMPLETE",1,true
"RCP_006796","SHP_006634","PO_005857","UO_0002","UO","2024-01-12",49,0,"COMPLETE",12,true
"RCP_006797","SHP_006792","PO_000312","UO_0009","UO","2024-01-13",92,0,"COMPLETE",3,true
"RCP_006798","SHP_006721","PO_004612","BP_0002","BP","2024-01-13",36,0,"COMPLETE",2,true
"RCP_006799","SHP_006843","PO_000405","FL_0011","FL","2024-01-13",130,0,"COMPLETE",1,true
"RCP_006800","SHP_006902","PO_008424","UO_0017","UO","2024-01-13",117,0,"COMPLETE",-1,true
"RCP_006801","SHP_006813","PO_005142","BP_0009","BP","2024-01-13",119,0,"COMPLETE",5,true
"RCP_006802","SHP_006775","PO_007080","FL_0009","FL","2024-01-13",150,0,"COMPLETE",3,true
"RCP_006803","SHP_006639","PO_001017","FL_0010","FL","2024-01-13",18,0,"PARTIAL",12,true
"RCP_006804","SHP_006698","PO_001033","FL_0006","FL","2024-01-13",158,0,"PARTIAL",8,true
"RCP_006805","SHP_006665","PO_008131","UO_0001","UO","2024-01-13",151,0,"COMPLETE",11,true
"RCP_006806","SHP_006712","PO_009147","FL_0012","FL","2024-01-13",192,0,"COMPLETE",8,true
"RCP_006807","SHP_006894","PO_009453","UO_0010","UO","2024-01-13",162,0,"PARTIAL",0,true
"RCP_006808","SHP_006845","PO_002407","BP_0018","BP","2024-01-13",159,0,"COMPLETE",1,true
"RCP_006809","SHP_006891","PO_005880","UO_0009","UO","2024-01-13",20,0,"COMPLETE",0,true
"RCP_006810","SHP_006938","PO_008306","BP_0019","BP","2024-01-13",189,0,"COMPLETE",-1,true
"RCP_006811","SHP_006943","PO_001105","UO_0002","UO","2024-01-13",107,0,"COMPLETE",0,true
"RCP_006812","SHP_006810","PO_001996","BP_0018","BP","2024-01-13",104,0,"PARTIAL",5,true
"RCP_006813","SHP_006669","PO_002030","BP_0013","BP","2024-01-13",128,0,"COMPLETE",5,true
"RCP_006814","SHP_006646","PO_003560","BP_0010","BP","2024-01-13",75,0,"COMPLETE",11,true
"RCP_006815","SHP_006855","PO_009759","FL_0002","FL","2024-01-13",151,0,"COMPLETE",1,true
"RCP_006816","SHP_006715","PO_000441","BP_0004","BP","2024-01-14",196,0,"COMPLETE",3,true
"RCP_006817","SHP_006723","PO_005237","UO_0008","UO","2024-01-14",39,0,"COMPLETE",8,true
"RCP_006818","SHP_006796","PO_004790","FL_0007","FL","2024-01-14",92,0,"PARTIAL",2,true
"RCP_006819","SHP_006740","PO_005086","FL_0008","FL","2024-01-14",169,0,"COMPLETE",6,true
"RCP_006820","SHP_006870","PO_000662","BP_0009","BP","2024-01-14",191,0,"COMPLETE",1,true
"RCP_006821","SHP_006772","PO_005871","BP_0019","BP","2024-01-14",90,0,"COMPLETE",-1,true
"RCP_006822","SHP_006890","PO_005818","FL_0001","FL","2024-01-14",31,0,"COMPLETE",-1,true
"RCP_006823","SHP_006663","PO_007737","FL_0012","FL","2024-01-14",112,0,"COMPLETE",12,true
"RCP_006824","SHP_006893","PO_009055","FL_0012","FL","2024-01-14",41,0,"COMPLETE",-1,true
"RCP_006825","SHP_006765","PO_003156","BP_0020","BP","2024-01-14",143,0,"COMPLETE",-1,true
"RCP_006826","SHP_006920","PO_009912","BP_0008","BP","2024-01-14",75,0,"PARTIAL",1,true
"RCP_006827","SHP_006892","PO_006579","FL_0004","FL","2024-01-14",165,0,"COMPLETE",-1,true
"RCP_006828","SHP_006851","PO_008125","BP_0013","BP","2024-01-14",81,0,"COMPLETE",2,true
"RCP_006829","SHP_006850","PO_007099","FL_0018","FL","2024-01-14",78,0,"COMPLETE",2,true
"RCP_006830","SHP_006882","PO_000043","FL_0009","FL","2024-01-15",189,0,"COMPLETE",0,true
"RCP_006831","SHP_006889","PO_004086","BP_0020","BP","2024-01-15",17,0,"COMPLETE",1,true
"RCP_006832","SHP_006921","PO_009919","BP_0012","BP","2024-01-15",117,0,"COMPLETE",2,true
"RCP_006833","SHP_006784","PO_003404","BP_0007","BP","2024-01-15",143,0,"COMPLETE",-1,true
"RCP_006834","SHP_006874","PO_003448","FL_0006","FL","2024-01-15",188,0,"COMPLETE",1,true
"RCP_006835","SHP_006751","PO_001444","FL_0014","FL","2024-01-15",142,0,"COMPLETE",6,true
"RCP_006836","SHP_006821","PO_000803","FL_0003","FL","2024-01-15",13,0,"COMPLETE",0,true
"RCP_006837","SHP_006754","PO_002568","FL_0018","FL","2024-01-15",188,0,"COMPLETE",5,true
"RCP_006838","SHP_007016","PO_000149","UO_0018","UO","2024-01-16",62,0,"COMPLETE",-1,true
"RCP_006839","SHP_006757","PO_004649","BP_0005","BP","2024-01-16",20,0,"PARTIAL",6,true
"RCP_006840","SHP_006908","PO_000391","FL_0010","FL","2024-01-16",159,0,"COMPLETE",-1,true
"RCP_006841","SHP_006900","PO_004869","UO_0015","UO","2024-01-16",86,0,"COMPLETE",2,true
"RCP_006842","SHP_006704","PO_004968","FL_0004","FL","2024-01-16",112,0,"PARTIAL",11,true
"RCP_006843","SHP_006785","PO_005495","BP_0013","BP","2024-01-16",119,0,"PARTIAL",4,true
"RCP_006844","SHP_006876","PO_006510","BP_0001","BP","2024-01-16",64,0,"PARTIAL",2,true
"RCP_006845","SHP_006861","PO_003444","UO_0002","UO","2024-01-16",72,0,"COMPLETE",5,true
"RCP_006846","SHP_006762","PO_000747","FL_0004","FL","2024-01-16",12,0,"PARTIAL",6,true
"RCP_006847","SHP_006886","PO_002763","FL_0013","FL","2024-01-16",59,0,"COMPLETE",1,true
"RCP_006848","SHP_006873","PO_001753","FL_0007","FL","2024-01-16",125,0,"COMPLETE",2,true
"RCP_006849","SHP_007007","PO_007945","UO_0001","UO","2024-01-16",87,0,"COMPLETE",0,true
"RCP_006850","SHP_006912","PO_002672","FL_0002","FL","2024-01-16",100,0,"COMPLETE",-1,true
"RCP_006851","SHP_006970","PO_000594","BP_0016","BP","2024-01-16",155,0,"COMPLETE",-1,true
"RCP_006852","SHP_006815","PO_007950","UO_0001","UO","2024-01-16",57,0,"COMPLETE",3,true
"RCP_006853","SHP_006812","PO_005113","FL_0007","FL","2024-01-16",151,0,"COMPLETE",2,true
"RCP_006854","SHP_006759","PO_006471","FL_0005","FL","2024-01-16",113,0,"PARTIAL",7,true
"RCP_006855","SHP_006883","PO_000046","UO_0008","UO","2024-01-17",179,0,"COMPLETE",4,true
"RCP_006856","SHP_006931","PO_003947","FL_0004","FL","2024-01-17",67,0,"COMPLETE",-1,true
"RCP_006857","SHP_006880","PO_008694","BP_0020","BP","2024-01-17",73,0,"COMPLETE",3,true
"RCP_006858","SHP_006808","PO_008768","FL_0005","FL","2024-01-17",182,0,"COMPLETE",5,true
"RCP_006859","SHP_006699","PO_001036","FL_0016","FL","2024-01-17",20,0,"COMPLETE",12,true
"RCP_006860","SHP_006927","PO_002282","UO_0010","UO","2024-01-17",110,0,"PARTIAL",1,true
"RCP_006861","SHP_006811","PO_002311","BP_0004","BP","2024-01-17",77,0,"PARTIAL",3,true
"RCP_006862","SHP_006867","PO_009432","BP_0015","BP","2024-01-17",54,0,"COMPLETE",4,true
"RCP_006863","SHP_006760","PO_009478","BP_0012","BP","2024-01-17",63,0,"COMPLETE",3,true
"RCP_006864","SHP_006832","PO_010097","UO_0016","UO","2024-01-17",84,0,"COMPLETE",3,true
"RCP_006865","SHP_006929","PO_002984","FL_0008","FL","2024-01-17",154,0,"COMPLETE",-1,true
"RCP_006866","SHP_006826","PO_003394","BP_0015","BP","2024-01-17",15,0,"PARTIAL",2,true
"RCP_006867","SHP_006859","PO_002759","FL_0009","FL","2024-01-17",109,0,"PARTIAL",0,true
"RCP_006868","SHP_006824","PO_002708","UO_0007","UO","2024-01-17",177,0,"COMPLETE",3,true
"RCP_006869","SHP_006709","PO_007138","FL_0016","FL","2024-01-17",73,0,"COMPLETE",12,true
"RCP_006870","SHP_006834","PO_005892","BP_0002","BP","2024-01-17",112,0,"COMPLETE",1,true
"RCP_006871","SHP_006917","PO_006206","FL_0006","FL","2024-01-17",126,0,"COMPLETE",0,true
"RCP_006872","SHP_006896","PO_001364","BP_0018","BP","2024-01-17",34,1,"COMPLETE",1,true
"RCP_006873","SHP_006761","PO_000653","BP_0001","BP","2024-01-17",199,0,"COMPLETE",2,true
"RCP_006874","SHP_006905","PO_000189","FL_0013","FL","2024-01-18",138,0,"COMPLETE",1,true
"RCP_006875","SHP_006907","PO_000298","BP_0012","BP","2024-01-18",70,0,"COMPLETE",1,true
"RCP_006876","SHP_006958","PO_000311","UO_0001","UO","2024-01-18",14,0,"COMPLETE",0,true
"RCP_006877","SHP_006816","PO_007973","FL_0018","FL","2024-01-18",93,0,"PARTIAL",4,true
"RCP_006878","SHP_006925","PO_001153","FL_0010","FL","2024-01-18",70,0,"COMPLETE",0,true
"RCP_006879","SHP_006895","PO_000574","UO_0006","UO","2024-01-18",121,0,"COMPLETE",0,true
"RCP_006880","SHP_006858","PO_001223","BP_0013","BP","2024-01-18",66,0,"COMPLETE",5,true
"RCP_006881","SHP_006978","PO_006310","UO_0001","UO","2024-01-18",117,0,"COMPLETE",-1,true
"RCP_006882","SHP_006949","PO_003742","BP_0019","BP","2024-01-18",137,0,"COMPLETE",0,true
"RCP_006883","SHP_006781","PO_010172","BP_0019","BP","2024-01-18",192,0,"COMPLETE",7,true
"RCP_006884","SHP_006924","PO_000858","FL_0010","FL","2024-01-18",126,0,"COMPLETE",0,true
"RCP_006885","SHP_006716","PO_001175","BP_0019","BP","2024-01-18",37,0,"PARTIAL",11,true
"RCP_006886","SHP_006888","PO_003990","BP_0019","BP","2024-01-18",95,0,"PARTIAL",3,true
"RCP_006887","SHP_006869","PO_000256","FL_0017","FL","2024-01-19",50,0,"COMPLETE",1,true
"RCP_006888","SHP_007021","PO_005505","BP_0008","BP","2024-01-19",41,0,"COMPLETE",0,true
"RCP_006889","SHP_006911","PO_002275","FL_0016","FL","2024-01-19",90,0,"COMPLETE",2,true
"RCP_006890","SHP_006887","PO_003220","BP_0012","BP","2024-01-19",53,0,"COMPLETE",5,true
"RCP_006891","SHP_006966","PO_006145","BP_0010","BP","2024-01-19",127,0,"COMPLETE",-1,true
"RCP_006892","SHP_006967","PO_006173","BP_0016","BP","2024-01-19",96,0,"PARTIAL",-1,true
"RCP_006893","SHP_006767","PO_003262","BP_0018","BP","2024-01-19",74,0,"COMPLETE",8,true
"RCP_006894","SHP_006954","PO_006876","FL_0005","FL","2024-01-19",57,0,"COMPLETE",0,true
"RCP_006895","SHP_006875","PO_006094","FL_0007","FL","2024-01-19",28,0,"COMPLETE",0,true
"RCP_006896","SHP_006794","PO_003711","FL_0009","FL","2024-01-19",114,0,"PARTIAL",7,true
"RCP_006897","SHP_006774","PO_006855","FL_0018","FL","2024-01-19",147,0,"PARTIAL",9,true
"RCP_006898","SHP_006877","PO_006742","BP_0016","BP","2024-01-19",168,0,"COMPLETE",0,true
"RCP_006899","SHP_006940","PO_000506","FL_0001","FL","2024-01-20",52,0,"COMPLETE",1,true
"RCP_006900","SHP_006827","PO_004868","FL_0017","FL","2024-01-20",131,0,"COMPLETE",5,true
"RCP_006901","SHP_006975","PO_005131","BP_0009","BP","2024-01-20",34,0,"PARTIAL",0,true
"RCP_006902","SHP_006844","PO_002156","FL_0012","FL","2024-01-20",21,0,"PARTIAL",4,true
"RCP_006903","SHP_006969","PO_009334","BP_0009","BP","2024-01-20",127,0,"PARTIAL",0,true
"RCP_006904","SHP_006857","PO_000624","FL_0008","FL","2024-01-20",10,0,"PARTIAL",3,true
"RCP_006905","SHP_006860","PO_003316","UO_0005","UO","2024-01-20",99,0,"PARTIAL",3,true
"RCP_006906","SHP_006962","PO_003338","BP_0007","BP","2024-01-20",50,0,"COMPLETE",1,true
"RCP_006907","SHP_006973","PO_003506","BP_0018","BP","2024-01-20",40,0,"COMPLETE",-1,true
"RCP_006908","SHP_006928","PO_002585","FL_0018","FL","2024-01-20",142,0,"COMPLETE",2,true
"RCP_006909","SHP_007042","PO_000773","BP_0010","BP","2024-01-20",184,0,"COMPLETE",-1,true
"RCP_006910","SHP_007057","PO_007573","BP_0018","BP","2024-01-20",189,0,"COMPLETE",-1,true
"RCP_006911","SHP_006836","PO_006737","BP_0010","BP","2024-01-20",68,0,"COMPLETE",4,true
"RCP_006912","SHP_007085","PO_010008","UO_0013","UO","2024-01-20",93,0,"COMPLETE",-1,true
"RCP_006913","SHP_006904","PO_010168","FL_0016","FL","2024-01-20",17,0,"PARTIAL",0,true
"RCP_006914","SHP_006746","PO_009256","FL_0010","FL","2024-01-20",145,0,"PARTIAL",12,true
"RCP_006915","SHP_006926","PO_001307","FL_0009","FL","2024-01-20",32,0,"COMPLETE",2,true
"RCP_006916","SHP_006964","PO_004261","FL_0010","FL","2024-01-20",65,0,"COMPLETE",0,true
"RCP_006917","SHP_007062","PO_000720","UO_0005","UO","2024-01-20",92,0,"COMPLETE",0,true
"RCP_006918","SHP_006856","PO_000369","BP_0001","BP","2024-01-21",61,0,"COMPLETE",-1,true
"RCP_006919","SHP_007018","PO_004822","BP_0008","BP","2024-01-21",72,0,"COMPLETE",2,true
"RCP_006920","SHP_007010","PO_008557","FL_0016","FL","2024-01-21",78,0,"COMPLETE",-1,true
"RCP_006921","SHP_006952","PO_006302","BP_0001","BP","2024-01-21",44,0,"COMPLETE",2,true
"RCP_006922","SHP_006956","PO_007552","UO_0015","UO","2024-01-21",186,0,"COMPLETE",4,true
"RCP_006923","SHP_006953","PO_006811","FL_0008","FL","2024-01-21",184,0,"COMPLETE",2,true
"RCP_006924","SHP_006955","PO_007304","BP_0013","BP","2024-01-21",193,0,"COMPLETE",3,true
"RCP_006925","SHP_006947","PO_002299","BP_0005","BP","2024-01-21",17,0,"COMPLETE",2,true
"RCP_006926","SHP_006818","PO_009470","BP_0020","BP","2024-01-21",97,0,"PARTIAL",7,true
"RCP_006927","SHP_006910","PO_000781","BP_0002","BP","2024-01-21",119,0,"COMPLETE",4,true
"RCP_006928","SHP_006946","PO_001682","FL_0018","FL","2024-01-21",55,0,"COMPLETE",2,true
"RCP_006929","SHP_006922","PO_000211","BP_0008","BP","2024-01-22",113,0,"PARTIAL",5,true
"RCP_006930","SHP_006906","PO_000245","UO_0019","UO","2024-01-22",46,0,"PARTIAL",1,true
"RCP_006931","SHP_006847","PO_004941","BP_0019","BP","2024-01-22",150,0,"COMPLETE",5,true
"RCP_006932","SHP_007001","PO_005101","FL_0001","FL","2024-01-22",169,0,"COMPLETE",0,true
"RCP_006933","SHP_007061","PO_009489","UO_0016","UO","2024-01-22",40,0,"COMPLETE",-1,true
"RCP_006934","SHP_006898","PO_003695","UO_0013","UO","2024-01-22",34,0,"PARTIAL",4,true
"RCP_006935","SHP_006878","PO_007590","FL_0006","FL","2024-01-22",78,0,"COMPLETE",3,true
"RCP_006936","SHP_006863","PO_005888","BP_0014","BP","2024-01-22",19,0,"COMPLETE",0,true
"RCP_006937","SHP_006988","PO_010011","FL_0018","FL","2024-01-22",50,0,"COMPLETE",1,true
"RCP_006938","SHP_006936","PO_006783","FL_0010","FL","2024-01-22",70,0,"COMPLETE",-1,true
"RCP_006939","SHP_006778","PO_008528","FL_0014","FL","2024-01-22",34,0,"PARTIAL",12,true
"RCP_006940","SHP_007076","PO_003014","BP_0016","BP","2024-01-22",151,0,"COMPLETE",-1,true
"RCP_006941","SHP_006963","PO_003486","BP_0010","BP","2024-01-22",57,0,"COMPLETE",3,true
"RCP_006942","SHP_006976","PO_005314","FL_0012","FL","2024-01-23",60,0,"COMPLETE",2,true
"RCP_006943","SHP_007051","PO_004070","BP_0013","BP","2024-01-23",111,0,"COMPLETE",-1,true
"RCP_006944","SHP_006915","PO_004206","UO_0006","UO","2024-01-23",108,0,"COMPLETE",2,true
"RCP_006945","SHP_006992","PO_002219","BP_0001","BP","2024-01-23",22,0,"COMPLETE",1,true
"RCP_006946","SHP_007024","PO_008052","UO_0014","UO","2024-01-23",179,0,"COMPLETE",2,true
"RCP_006947","SHP_006979","PO_006366","BP_0018","BP","2024-01-23",42,0,"COMPLETE",3,true
"RCP_006948","SHP_006974","PO_003787","BP_0015","BP","2024-01-23",36,0,"COMPLETE",2,true
"RCP_006949","SHP_006997","PO_003802","UO_0016","UO","2024-01-23",87,0,"COMPLETE",3,true
"RCP_006950","SHP_006801","PO_006961","FL_0010","FL","2024-01-23",87,0,"COMPLETE",11,true
"RCP_006951","SHP_006884","PO_000915","FL_0005","FL","2024-01-23",178,0,"COMPLETE",4,true
"RCP_006952","SHP_006971","PO_002553","FL_0011","FL","2024-01-23",12,0,"COMPLETE",2,true
"RCP_006953","SHP_007033","PO_002676","BP_0015","BP","2024-01-23",194,0,"COMPLETE",0,true
"RCP_006954","SHP_007029","PO_000823","FL_0014","FL","2024-01-23",13,1,"COMPLETE",-1,true
"RCP_006955","SHP_006980","PO_006782","FL_0005","FL","2024-01-23",40,0,"COMPLETE",2,true
"RCP_006956","SHP_006959","PO_002753","BP_0001","BP","2024-01-23",122,0,"PARTIAL",4,true
"RCP_006957","SHP_006865","PO_008122","FL_0019","FL","2024-01-23",101,0,"COMPLETE",5,true
"RCP_006958","SHP_006999","PO_004958","FL_0008","FL","2024-01-23",146,0,"COMPLETE",1,true
"RCP_006959","SHP_006991","PO_002110","BP_0008","BP","2024-01-23",61,0,"COMPLETE",1,true
"RCP_006960","SHP_006941","PO_000813","UO_0012","UO","2024-01-23",61,0,"PARTIAL",0,true
"RCP_006961","SHP_006989","PO_000260","FL_0019","FL","2024-01-24",148,0,"COMPLETE",2,true
"RCP_006962","SHP_007074","PO_000404","UO_0003","UO","2024-01-24",130,0,"COMPLETE",-1,true
"RCP_006963","SHP_007052","PO_005182","FL_0014","FL","2024-01-24",161,0,"COMPLETE",-1,true
"RCP_006964","SHP_006934","PO_005545","FL_0008","FL","2024-01-24",18,0,"COMPLETE",1,true
"RCP_006965","SHP_006919","PO_009555","FL_0011","FL","2024-01-24",123,0,"COMPLETE",2,true
"RCP_006966","SHP_007037","PO_009937","FL_0018","FL","2024-01-24",162,0,"COMPLETE",0,true
"RCP_006967","SHP_006881","PO_009988","BP_0005","BP","2024-01-24",40,0,"COMPLETE",5,true
"RCP_006968","SHP_006914","PO_003155","UO_0016","UO","2024-01-24",195,0,"COMPLETE",3,true
"RCP_006969","SHP_007005","PO_006051","BP_0019","BP","2024-01-24",62,0,"COMPLETE",2,true
"RCP_006970","SHP_007049","PO_003843","UO_0007","UO","2024-01-24",91,0,"COMPLETE",1,true
"RCP_006971","SHP_007112","PO_002064","UO_0017","UO","2024-01-24",59,1,"COMPLETE",0,true
"RCP_006972","SHP_007020","PO_005188","UO_0016","UO","2024-01-24",139,0,"COMPLETE",-1,true
"RCP_006973","SHP_007088","PO_002358","BP_0018","BP","2024-01-24",16,0,"COMPLETE",0,true
"RCP_006974","SHP_007000","PO_005003","BP_0005","BP","2024-01-24",91,0,"COMPLETE",3,true
"RCP_006975","SHP_006972","PO_003172","BP_0008","BP","2024-01-24",92,0,"COMPLETE",4,true
"RCP_006976","SHP_006913","PO_003010","UO_0020","UO","2024-01-24",134,0,"PARTIAL",5,true
"RCP_006977","SHP_007054","PO_005462","FL_0006","FL","2024-01-24",100,0,"COMPLETE",-1,true
"RCP_006978","SHP_006864","PO_006624","BP_0020","BP","2024-01-24",60,0,"COMPLETE",2,true
"RCP_006979","SHP_006933","PO_004828","FL_0003","FL","2024-01-25",31,0,"COMPLETE",3,true
"RCP_006980","SHP_006977","PO_005521","FL_0002","FL","2024-01-25",154,0,"COMPLETE",-1,true
"RCP_006981","SHP_007041","PO_000658","FL_0018","FL","2024-01-25",92,0,"COMPLETE",0,true
"RCP_006982","SHP_006854","PO_008963","FL_0014","FL","2024-01-25",85,0,"PARTIAL",9,true
"RCP_006983","SHP_007015","PO_010041","BP_0009","BP","2024-01-25",125,0,"COMPLETE",3,true
"RCP_006984","SHP_006885","PO_001207","BP_0007","BP","2024-01-25",43,0,"COMPLETE",5,true
"RCP_006985","SHP_007023","PO_007007","FL_0008","FL","2024-01-25",140,0,"COMPLETE",2,true
"RCP_006986","SHP_006897","PO_001601","FL_0013","FL","2024-01-25",163,0,"PARTIAL",4,true
"RCP_006987","SHP_006833","PO_001747","BP_0008","BP","2024-01-25",18,0,"COMPLETE",5,true
"RCP_006988","SHP_007063","PO_001691","FL_0007","FL","2024-01-25",125,3,"COMPLETE",-1,true
"RCP_006989","SHP_006981","PO_007289","FL_0020","FL","2024-01-25",76,0,"COMPLETE",0,true
"RCP_006990","SHP_007035","PO_004849","UO_0002","UO","2024-01-25",153,0,"COMPLETE",3,true
"RCP_006991","SHP_006990","PO_000884","BP_0020","BP","2024-01-25",139,0,"PARTIAL",4,true
"RCP_006992","SHP_007013","PO_009095","BP_0015","BP","2024-01-25",155,7,"COMPLETE",3,true
"RCP_006993","SHP_007073","PO_010163","BP_0005","BP","2024-01-25",129,0,"PARTIAL",0,true
"RCP_006994","SHP_007034","PO_003986","FL_0013","FL","2024-01-25",34,0,"PARTIAL",1,true
"RCP_006995","SHP_007006","PO_007770","BP_0014","BP","2024-01-25",150,0,"COMPLETE",3,true
"RCP_006996","SHP_007070","PO_007974","FL_0009","FL","2024-01-26",58,0,"COMPLETE",0,true
"RCP_006997","SHP_007044","PO_001234","FL_0017","FL","2024-01-26",156,0,"COMPLETE",1,true
"RCP_006998","SHP_007080","PO_006177","UO_0001","UO","2024-01-26",108,0,"COMPLETE",1,true
"RCP_006999","SHP_006996","PO_003534","BP_0002","BP","2024-01-26",79,0,"COMPLETE",4,true
"RCP_007000","SHP_006985","PO_008889","UO_0003","UO","2024-01-26",185,0,"COMPLETE",3,true
"RCP_007001","SHP_007079","PO_005819","BP_0005","BP","2024-01-26",133,0,"COMPLETE",0,true
"RCP_007002","SHP_007045","PO_001742","UO_0018","UO","2024-01-26",80,0,"PARTIAL",3,true
"RCP_007003","SHP_006984","PO_008804","FL_0001","FL","2024-01-26",167,0,"COMPLETE",0,true
"RCP_007004","SHP_007009","PO_008143","FL_0016","FL","2024-01-26",71,0,"PARTIAL",0,true
"RCP_007005","SHP_006942","PO_000835","FL_0010","FL","2024-01-26",135,0,"COMPLETE",2,true
"RCP_007006","SHP_006837","PO_007094","FL_0006","FL","2024-01-26",86,0,"COMPLETE",11,true
"RCP_007007","SHP_006838","PO_008800","FL_0010","FL","2024-01-26",58,0,"COMPLETE",11,true
"RCP_007008","SHP_006868","PO_000074","BP_0001","BP","2024-01-27",104,2,"COMPLETE",8,true
"RCP_007009","SHP_007095","PO_000322","BP_0006","BP","2024-01-27",186,0,"COMPLETE",2,true
"RCP_007010","SHP_007084","PO_008684","BP_0006","BP","2024-01-27",198,0,"COMPLETE",0,true
"RCP_007011","SHP_007060","PO_008764","FL_0020","FL","2024-01-27",155,0,"COMPLETE",2,true
"RCP_007012","SHP_006899","PO_004524","FL_0009","FL","2024-01-27",110,0,"COMPLETE",7,true
"RCP_007013","SHP_006923","PO_000688","BP_0005","BP","2024-01-27",48,2,"COMPLETE",4,true
"RCP_007014","SHP_007096","PO_000690","BP_0020","BP","2024-01-27",101,0,"COMPLETE",2,true
"RCP_007015","SHP_007012","PO_008988","BP_0008","BP","2024-01-27",65,0,"PARTIAL",5,true
"RCP_007016","SHP_007046","PO_003059","FL_0014","FL","2024-01-27",35,0,"COMPLETE",2,true
"RCP_007017","SHP_006948","PO_003617","FL_0020","FL","2024-01-27",51,0,"COMPLETE",3,true
"RCP_007018","SHP_007058","PO_007648","FL_0010","FL","2024-01-27",170,0,"COMPLETE",2,true
"RCP_007019","SHP_006965","PO_005349","FL_0009","FL","2024-01-27",119,0,"COMPLETE",3,true
"RCP_007020","SHP_007040","PO_000631","UO_0004","UO","2024-01-27",76,0,"PARTIAL",4,true
"RCP_007021","SHP_006916","PO_004663","BP_0015","BP","2024-01-28",149,0,"PARTIAL",2,true
"RCP_007022","SHP_006879","PO_008360","BP_0016","BP","2024-01-28",166,2,"COMPLETE",5,true
"RCP_007023","SHP_007025","PO_008054","FL_0018","FL","2024-01-28",110,0,"COMPLETE",0,true
"RCP_007024","SHP_007071","PO_008102","FL_0016","FL","2024-01-28",114,0,"COMPLETE",2,true
"RCP_007025","SHP_007027","PO_009275","FL_0007","FL","2024-01-28",185,0,"COMPLETE",0,true
"RCP_007026","SHP_006994","PO_002406","BP_0020","BP","2024-01-28",194,0,"COMPLETE",1,true
"RCP_007027","SHP_007014","PO_009783","UO_0009","UO","2024-01-28",28,0,"PARTIAL",4,true
"RCP_007028","SHP_006961","PO_003121","FL_0020","FL","2024-01-28",62,0,"PARTIAL",4,true
"RCP_007029","SHP_007077","PO_003132","FL_0019","FL","2024-01-28",30,1,"COMPLETE",1,true
"RCP_007030","SHP_007065","PO_003284","FL_0001","FL","2024-01-28",168,0,"COMPLETE",2,true
"RCP_007031","SHP_006872","PO_001694","UO_0006","UO","2024-01-28",120,0,"PARTIAL",10,true
"RCP_007032","SHP_006968","PO_008614","BP_0005","BP","2024-01-28",115,0,"COMPLETE",-1,true
"RCP_007033","SHP_006960","PO_003038","UO_0009","UO","2024-01-28",81,0,"PARTIAL",4,true
"RCP_007034","SHP_006930","PO_003823","BP_0013","BP","2024-01-28",132,0,"COMPLETE",1,true
"RCP_007035","SHP_007086","PO_000151","BP_0005","BP","2024-01-29",52,0,"COMPLETE",1,true
"RCP_007036","SHP_007078","PO_004559","BP_0006","BP","2024-01-29",62,0,"COMPLETE",2,true
"RCP_007037","SHP_007120","PO_008351","FL_0020","FL","2024-01-29",51,0,"PARTIAL",-1,true
"RCP_007038","SHP_006998","PO_003885","FL_0005","FL","2024-01-29",94,0,"PARTIAL",3,true
"RCP_007039","SHP_006939","PO_008665","BP_0005","BP","2024-01-29",52,0,"COMPLETE",2,true
"RCP_007040","SHP_007116","PO_005585","FL_0018","FL","2024-01-29",38,0,"COMPLETE",-1,true
"RCP_007041","SHP_007115","PO_004387","FL_0016","FL","2024-01-29",151,0,"COMPLETE",-1,true
"RCP_007042","SHP_007151","PO_006664","BP_0016","BP","2024-01-29",51,0,"COMPLETE",0,true
"RCP_007043","SHP_007082","PO_007385","FL_0011","FL","2024-01-29",150,0,"COMPLETE",2,true
"RCP_007044","SHP_007031","PO_001961","FL_0009","FL","2024-01-29",151,4,"COMPLETE",1,true
"RCP_007045","SHP_006871","PO_001168","FL_0005","FL","2024-01-29",21,0,"PARTIAL",11,true
"RCP_007046","SHP_007022","PO_006325","FL_0005","FL","2024-01-29",101,0,"PARTIAL",2,true
"RCP_007047","SHP_007090","PO_002775","BP_0015","BP","2024-01-29",151,0,"COMPLETE",2,true
"RCP_007048","SHP_007106","PO_009381","FL_0010","FL","2024-01-29",69,0,"COMPLETE",0,true
"RCP_007049","SHP_006903","PO_009723","FL_0008","FL","2024-01-29",162,0,"COMPLETE",9,true
"RCP_007050","SHP_007122","PO_008595","BP_0016","BP","2024-01-30",175,0,"COMPLETE",0,true
"RCP_007051","SHP_006983","PO_008641","FL_0004","FL","2024-01-30",39,0,"COMPLETE",4,true
"RCP_007052","SHP_007180","PO_008795","BP_0002","BP","2024-01-30",63,0,"COMPLETE",-1,true
"RCP_007053","SHP_007098","PO_002239","UO_0017","UO","2024-01-30",43,0,"COMPLETE",3,true
"RCP_007054","SHP_007157","PO_009575","BP_0006","BP","2024-01-30",27,0,"COMPLETE",1,true
"RCP_007055","SHP_007163","PO_006013","BP_0017","BP","2024-01-30",184,0,"COMPLETE",0,true
"RCP_007056","SHP_007004","PO_005661","FL_0002","FL","2024-01-30",68,0,"COMPLETE",4,true
"RCP_007057","SHP_007111","PO_001692","FL_0004","FL","2024-01-30",32,0,"COMPLETE",0,true
"RCP_007058","SHP_007179","PO_007097","BP_0010","BP","2024-01-30",95,0,"COMPLETE",-1,true
"RCP_007059","SHP_007100","PO_004926","BP_0018","BP","2024-01-30",125,0,"COMPLETE",1,true
"RCP_007060","SHP_006945","PO_001660","BP_0018","BP","2024-01-30",30,0,"PARTIAL",6,true
"RCP_007061","SHP_007053","PO_005355","UO_0018","UO","2024-01-30",96,0,"COMPLETE",3,true
"RCP_007062","SHP_007072","PO_009716","FL_0020","FL","2024-01-30",104,0,"PARTIAL",-1,true
"RCP_007063","SHP_007089","PO_002454","UO_0019","UO","2024-01-30",24,0,"COMPLETE",4,true
"RCP_007064","SHP_007130","PO_000364","BP_0009","BP","2024-01-31",15,0,"PARTIAL",-1,true
"RCP_007065","SHP_007204","PO_005117","UO_0016","UO","2024-01-31",139,0,"COMPLETE",0,true
"RCP_007066","SHP_007059","PO_008658","UO_0002","UO","2024-01-31",180,0,"COMPLETE",2,true
"RCP_007067","SHP_007148","PO_005653","BP_0009","BP","2024-01-31",81,0,"PARTIAL",-1,true
"RCP_007068","SHP_007126","PO_006465","BP_0016","BP","2024-01-31",19,0,"COMPLETE",0,true
"RCP_007069","SHP_006918","PO_007808","FL_0010","FL","2024-01-31",198,0,"COMPLETE",10,true
"RCP_007070","SHP_006986","PO_009032","FL_0002","FL","2024-01-31",167,7,"COMPLETE",5,true
"RCP_007071","SHP_006944","PO_001312","FL_0013","FL","2024-01-31",49,0,"COMPLETE",8,true
"RCP_007072","SHP_007017","PO_001687","UO_0006","UO","2024-01-31",92,0,"PARTIAL",4,true
"RCP_007073","SHP_007003","PO_005457","FL_0014","FL","2024-01-31",176,0,"PARTIAL",5,true
"RCP_007074","SHP_007149","PO_005691","BP_0007","BP","2024-01-31",23,0,"COMPLETE",2,true
"RCP_007075","SHP_006987","PO_009106","FL_0008","FL","2024-01-31",196,0,"COMPLETE",6,true
"RCP_007076","SHP_007026","PO_008256","BP_0007","BP","2024-01-31",34,0,"PARTIAL",3,true
"RCP_007077","SHP_006901","PO_005815","FL_0019","FL","2024-01-31",121,0,"PARTIAL",11,true
"RCP_007078","SHP_007146","PO_005214","UO_0012","UO","2024-01-31",61,0,"COMPLETE",0,true
"RCP_007079","SHP_007102","PO_006050","FL_0008","FL","2024-01-31",122,0,"COMPLETE",2,true
"RCP_007080","SHP_007136","PO_006469","BP_0019","BP","2024-01-31",84,0,"COMPLETE",0,true
"RCP_007081","SHP_007129","PO_000078","FL_0009","FL","2024-02-01",170,0,"COMPLETE",0,true
"RCP_007082","SHP_007091","PO_005551","FL_0018","FL","2024-02-01",130,0,"COMPLETE",-1,true
"RCP_007083","SHP_007156","PO_009318","FL_0017","FL","2024-02-01",152,0,"COMPLETE",-1,true
"RCP_007084","SHP_007113","PO_002944","BP_0008","BP","2024-02-01",190,0,"COMPLETE",3,true
"RCP_007085","SHP_007055","PO_006244","FL_0008","FL","2024-02-01",116,0,"COMPLETE",2,true
"RCP_007086","SHP_007200","PO_002874","UO_0013","UO","2024-02-01",87,0,"COMPLETE",1,true
"RCP_007087","SHP_006993","PO_002348","UO_0019","UO","2024-02-01",42,0,"COMPLETE",6,true
"RCP_007088","SHP_007087","PO_001584","BP_0017","BP","2024-02-01",67,0,"COMPLETE",4,true
"RCP_007089","SHP_006935","PO_006006","BP_0017","BP","2024-02-01",109,0,"COMPLETE",5,true
"RCP_007090","SHP_006957","PO_007574","BP_0013","BP","2024-02-01",34,0,"COMPLETE",4,true
"RCP_007091","SHP_007043","PO_000925","FL_0018","FL","2024-02-01",15,0,"PARTIAL",2,true
"RCP_007092","SHP_007081","PO_006678","UO_0018","UO","2024-02-01",55,0,"PARTIAL",3,true
"RCP_007093","SHP_006932","PO_004142","FL_0017","FL","2024-02-02",197,0,"COMPLETE",11,true
"RCP_007094","SHP_007155","PO_008746","FL_0006","FL","2024-02-02",25,0,"COMPLETE",0,true
"RCP_007095","SHP_007134","PO_002411","FL_0005","FL","2024-02-02",74,0,"COMPLETE",1,true
"RCP_007096","SHP_007107","PO_000640","BP_0008","BP","2024-02-02",20,0,"COMPLETE",4,true
"RCP_007097","SHP_007048","PO_003509","FL_0011","FL","2024-02-02",85,0,"COMPLETE",3,true
"RCP_007098","SHP_007141","PO_001993","FL_0016","FL","2024-02-02",151,0,"COMPLETE",0,true
"RCP_007099","SHP_006937","PO_006906","UO_0006","UO","2024-02-02",143,0,"COMPLETE",11,true
"RCP_007100","SHP_007097","PO_001299","FL_0006","FL","2024-02-02",74,0,"PARTIAL",0,true
"RCP_007101","SHP_006982","PO_007366","FL_0014","FL","2024-02-02",54,0,"COMPLETE",8,true
"RCP_007102","SHP_007124","PO_001171","FL_0001","FL","2024-02-02",16,0,"COMPLETE",2,true
"RCP_007103","SHP_006950","PO_003777","UO_0010","UO","2024-02-02",94,0,"COMPLETE",10,true
"RCP_007104","SHP_007176","PO_004694","BP_0003","BP","2024-02-03",61,0,"COMPLETE",-1,true
"RCP_007105","SHP_007189","PO_004697","BP_0005","BP","2024-02-03",95,0,"COMPLETE",2,true
"RCP_007106","SHP_007028","PO_000461","BP_0009","BP","2024-02-03",61,0,"COMPLETE",1,true
"RCP_007107","SHP_007177","PO_004902","BP_0003","BP","2024-02-03",86,0,"PARTIAL",-1,true
"RCP_007108","SHP_007069","PO_007887","BP_0007","BP","2024-02-03",162,0,"COMPLETE",3,true
"RCP_007109","SHP_006995","PO_003315","BP_0010","BP","2024-02-03",28,0,"COMPLETE",3,true
"RCP_007110","SHP_007184","PO_001436","UO_0016","UO","2024-02-03",116,0,"PARTIAL",0,true
"RCP_007111","SHP_007133","PO_002143","FL_0009","FL","2024-02-03",179,0,"COMPLETE",2,true
"RCP_007112","SHP_007205","PO_006656","UO_0017","UO","2024-02-03",137,0,"COMPLETE",-1,true
"RCP_007113","SHP_007139","PO_000453","FL_0004","FL","2024-02-03",94,0,"COMPLETE",1,true
"RCP_007114","SHP_007206","PO_008171","BP_0006","BP","2024-02-03",77,2,"COMPLETE",1,true
"RCP_007115","SHP_007236","PO_003168","BP_0010","BP","2024-02-03",155,0,"COMPLETE",-1,true
"RCP_007116","SHP_007271","PO_005263","UO_0001","UO","2024-02-04",100,0,"COMPLETE",0,true
"RCP_007117","SHP_007067","PO_004816","BP_0018","BP","2024-02-04",77,0,"COMPLETE",4,true
"RCP_007118","SHP_007153","PO_008354","FL_0003","FL","2024-02-04",23,0,"COMPLETE",2,true
"RCP_007119","SHP_007002","PO_005440","UO_0014","UO","2024-02-04",82,0,"COMPLETE",9,true
"RCP_007120","SHP_007137","PO_008987","BP_0001","BP","2024-02-04",106,0,"PARTIAL",4,true
"RCP_007121","SHP_007047","PO_003288","FL_0011","FL","2024-02-04",49,0,"COMPLETE",6,true
"RCP_007122","SHP_007030","PO_001746","BP_0006","BP","2024-02-04",136,0,"COMPLETE",6,true
"RCP_007123","SHP_007036","PO_005542","FL_0014","FL","2024-02-04",102,0,"COMPLETE",7,true
"RCP_007124","SHP_007032","PO_002429","FL_0012","FL","2024-02-04",146,0,"PARTIAL",7,true
"RCP_007125","SHP_007011","PO_008919","FL_0006","FL","2024-02-04",69,0,"PARTIAL",9,true
"RCP_007126","SHP_007164","PO_006659","UO_0012","UO","2024-02-04",37,0,"PARTIAL",3,true
"RCP_007127","SHP_007083","PO_007943","FL_0017","FL","2024-02-04",18,0,"COMPLETE",3,true
"RCP_007128","SHP_007056","PO_007028","BP_0007","BP","2024-02-04",36,0,"COMPLETE",5,true
"RCP_007129","SHP_007038","PO_000423","FL_0005","FL","2024-02-05",76,0,"PARTIAL",7,true
"RCP_007130","SHP_007190","PO_005324","FL_0002","FL","2024-02-05",163,0,"COMPLETE",0,true
"RCP_007131","SHP_007008","PO_007993","UO_0009","UO","2024-02-05",143,0,"PARTIAL",10,true
"RCP_007132","SHP_007226","PO_008137","BP_0013","BP","2024-02-05",91,0,"COMPLETE",2,true
"RCP_007133","SHP_007105","PO_009278","FL_0007","FL","2024-02-05",26,0,"PARTIAL",3,true
"RCP_007134","SHP_007182","PO_009281","FL_0019","FL","2024-02-05",40,0,"COMPLETE",1,true
"RCP_007135","SHP_007114","PO_003390","FL_0007","FL","2024-02-05",107,0,"COMPLETE",2,true
"RCP_007136","SHP_007248","PO_001317","BP_0013","BP","2024-02-05",116,0,"COMPLETE",0,true
"RCP_007137","SHP_006951","PO_006046","BP_0017","BP","2024-02-05",175,0,"COMPLETE",12,true
"RCP_007138","SHP_007232","PO_001247","BP_0010","BP","2024-02-05",49,0,"COMPLETE",1,true
"RCP_007139","SHP_007128","PO_008918","BP_0012","BP","2024-02-05",139,0,"COMPLETE",5,true
"RCP_007140","SHP_007144","PO_003818","BP_0010","BP","2024-02-05",121,0,"COMPLETE",3,true
"RCP_007141","SHP_007282","PO_001103","UO_0016","UO","2024-02-05",145,9,"PARTIAL",0,true
"RCP_007142","SHP_007118","PO_006535","BP_0005","BP","2024-02-05",73,0,"COMPLETE",1,true
"RCP_007143","SHP_007221","PO_005909","BP_0018","BP","2024-02-05",85,0,"COMPLETE",2,true
"RCP_007144","SHP_007259","PO_009167","BP_0009","BP","2024-02-05",20,0,"COMPLETE",0,true
"RCP_007145","SHP_007039","PO_000426","BP_0007","BP","2024-02-05",139,0,"PARTIAL",2,true
"RCP_007146","SHP_007202","PO_004220","BP_0016","BP","2024-02-06",17,0,"PARTIAL",1,true
"RCP_007147","SHP_007230","PO_009790","FL_0020","FL","2024-02-06",162,0,"COMPLETE",-1,true
"RCP_007148","SHP_007231","PO_000569","BP_0005","BP","2024-02-06",33,0,"COMPLETE",2,true
"RCP_007149","SHP_007092","PO_007190","BP_0020","BP","2024-02-06",163,0,"PARTIAL",4,true
"RCP_007150","SHP_007290","PO_008925","BP_0019","BP","2024-02-06",16,0,"COMPLETE",-1,true
"RCP_007151","SHP_007275","PO_006654","BP_0005","BP","2024-02-06",140,0,"COMPLETE",0,true
"RCP_007152","SHP_007286","PO_002338","BP_0020","BP","2024-02-06",134,0,"COMPLETE",-1,true
"RCP_007153","SHP_007220","PO_005305","BP_0010","BP","2024-02-07",81,0,"COMPLETE",0,true
"RCP_007154","SHP_007268","PO_004827","UO_0010","UO","2024-02-07",84,0,"COMPLETE",-1,true
"RCP_007155","SHP_007239","PO_005518","FL_0006","FL","2024-02-07",155,0,"COMPLETE",-1,true
"RCP_007156","SHP_007194","PO_007736","UO_0016","UO","2024-02-07",147,0,"COMPLETE",0,true
"RCP_007157","SHP_007168","PO_009150","FL_0013","FL","2024-02-07",172,0,"COMPLETE",0,true
"RCP_007158","SHP_007228","PO_009483","FL_0020","FL","2024-02-07",80,0,"COMPLETE",0,true
"RCP_007159","SHP_007160","PO_003117","BP_0001","BP","2024-02-07",39,0,"COMPLETE",4,true
"RCP_007160","SHP_007119","PO_007005","BP_0001","BP","2024-02-07",140,0,"COMPLETE",-1,true
"RCP_007161","SHP_007161","PO_003264","FL_0004","FL","2024-02-07",63,0,"COMPLETE",0,true
"RCP_007162","SHP_007191","PO_006826","UO_0004","UO","2024-02-07",119,0,"COMPLETE",0,true
"RCP_007163","SHP_007166","PO_008886","UO_0020","UO","2024-02-07",55,2,"COMPLETE",2,true
"RCP_007164","SHP_007237","PO_003312","FL_0012","FL","2024-02-07",158,0,"COMPLETE",-1,true
"RCP_007165","SHP_007181","PO_009179","BP_0005","BP","2024-02-07",132,0,"COMPLETE",3,true
"RCP_007166","SHP_007170","PO_010016","BP_0016","BP","2024-02-07",80,0,"COMPLETE",5,true
"RCP_007167","SHP_007104","PO_008519","FL_0007","FL","2024-02-07",152,0,"COMPLETE",4,true
"RCP_007168","SHP_007178","PO_006211","BP_0010","BP","2024-02-07",200,0,"COMPLETE",4,true
"RCP_007169","SHP_007233","PO_001862","BP_0005","BP","2024-02-07",89,0,"PARTIAL",0,true
"RCP_007170","SHP_007066","PO_003865","FL_0017","FL","2024-02-07",43,0,"COMPLETE",8,true
"RCP_007171","SHP_007101","PO_005326","FL_0002","FL","2024-02-08",101,0,"COMPLETE",6,true
"RCP_007172","SHP_007219","PO_005066","BP_0006","BP","2024-02-08",71,0,"COMPLETE",1,true
"RCP_007173","SHP_007019","PO_005112","UO_0014","UO","2024-02-08",30,0,"PARTIAL",12,true
"RCP_007174","SHP_007279","PO_008669","BP_0010","BP","2024-02-08",191,0,"COMPLETE",2,true
"RCP_007175","SHP_007050","PO_003998","UO_0001","UO","2024-02-08",56,0,"PARTIAL",10,true
"RCP_007176","SHP_007257","PO_008749","UO_0020","UO","2024-02-08",73,0,"COMPLETE",1,true
"RCP_007177","SHP_007108","PO_000660","BP_0012","BP","2024-02-08",129,0,"COMPLETE",0,true
"RCP_007178","SHP_007093","PO_007970","FL_0018","FL","2024-02-08",45,0,"PARTIAL",7,true
"RCP_007179","SHP_007094","PO_008182","BP_0002","BP","2024-02-08",20,0,"COMPLETE",2,true
"RCP_007180","SHP_007138","PO_009085","UO_0005","UO","2024-02-08",63,0,"COMPLETE",5,true
"RCP_007181","SHP_007169","PO_009384","FL_0020","FL","2024-02-08",158,0,"COMPLETE",0,true
"RCP_007182","SHP_007158","PO_000620","FL_0009","FL","2024-02-08",143,0,"PARTIAL",1,true
"RCP_007183","SHP_007252","PO_002823","UO_0014","UO","2024-02-08",81,0,"PARTIAL",1,true
"RCP_007184","SHP_007131","PO_001901","UO_0014","UO","2024-02-08",42,0,"COMPLETE",5,true
"RCP_007185","SHP_007127","PO_008297","BP_0020","BP","2024-02-08",180,0,"COMPLETE",3,true
"RCP_007186","SHP_007329","PO_007637","UO_0008","UO","2024-02-08",49,0,"PARTIAL",0,true
"RCP_007187","SHP_007207","PO_008929","BP_0016","BP","2024-02-08",148,0,"COMPLETE",3,true
"RCP_007188","SHP_007174","PO_001848","FL_0001","FL","2024-02-08",67,0,"COMPLETE",0,true
"RCP_007189","SHP_007162","PO_003268","FL_0004","FL","2024-02-08",111,0,"PARTIAL",1,true
"RCP_007190","SHP_007225","PO_007557","UO_0017","UO","2024-02-08",22,1,"COMPLETE",-1,true
"RCP_007191","SHP_007068","PO_007172","BP_0001","BP","2024-02-08",85,0,"COMPLETE",8,true
"RCP_007192","SHP_007218","PO_004386","FL_0008","FL","2024-02-09",112,0,"COMPLETE",2,true
"RCP_007193","SHP_007195","PO_007838","FL_0004","FL","2024-02-09",109,0,"COMPLETE",-1,true
"RCP_007194","SHP_007229","PO_009502","FL_0009","FL","2024-02-09",30,0,"COMPLETE",2,true
"RCP_007195","SHP_007260","PO_009936","FL_0019","FL","2024-02-09",55,0,"COMPLETE",0,true
"RCP_007196","SHP_007283","PO_001246","UO_0008","UO","2024-02-09",38,0,"COMPLETE",0,true
"RCP_007197","SHP_007325","PO_006178","UO_0002","UO","2024-02-09",93,0,"COMPLETE",1,true
"RCP_007198","SHP_007109","PO_000755","FL_0019","FL","2024-02-09",126,3,"COMPLETE",5,true
"RCP_007199","SHP_007296","PO_000812","BP_0020","BP","2024-02-09",61,0,"COMPLETE",1,true
"RCP_007200","SHP_007276","PO_006965","FL_0017","FL","2024-02-09",34,0,"COMPLETE",-1,true
"RCP_007201","SHP_007117","PO_006087","BP_0015","BP","2024-02-09",38,0,"COMPLETE",1,true
"RCP_007202","SHP_007193","PO_007655","FL_0012","FL","2024-02-09",23,0,"PARTIAL",-1,true
"RCP_007203","SHP_007208","PO_009535","UO_0019","UO","2024-02-09",95,0,"COMPLETE",5,true
"RCP_007204","SHP_007261","PO_000458","BP_0001","BP","2024-02-10",84,0,"COMPLETE",1,true
"RCP_007205","SHP_007317","PO_000469","UO_0002","UO","2024-02-10",69,0,"COMPLETE",2,true
"RCP_007206","SHP_007303","PO_005222","BP_0013","BP","2024-02-10",145,0,"COMPLETE",2,true
"RCP_007207","SHP_007243","PO_007793","FL_0011","FL","2024-02-10",124,0,"COMPLETE",2,true
"RCP_007208","SHP_007110","PO_001016","FL_0004","FL","2024-02-10",163,0,"COMPLETE",7,true
"RCP_007209","SHP_007281","PO_009484","UO_0018","UO","2024-02-10",41,0,"COMPLETE",2,true
"RCP_007210","SHP_007171","PO_010082","UO_0003","UO","2024-02-10",109,0,"COMPLETE",3,true
"RCP_007211","SHP_007235","PO_003049","FL_0014","FL","2024-02-10",142,0,"COMPLETE",2,true
"RCP_007212","SHP_007266","PO_002745","FL_0002","FL","2024-02-10",108,0,"COMPLETE",0,true
"RCP_007213","SHP_007313","PO_007270","UO_0010","UO","2024-02-10",87,0,"COMPLETE",-1,true
"RCP_007214","SHP_007250","PO_001872","FL_0007","FL","2024-02-10",119,0,"COMPLETE",1,true
"RCP_007215","SHP_007326","PO_006379","BP_0001","BP","2024-02-10",46,0,"COMPLETE",0,true
"RCP_007216","SHP_007273","PO_006526","FL_0002","FL","2024-02-10",125,0,"COMPLETE",0,true
"RCP_007217","SHP_007075","PO_001659","BP_0013","BP","2024-02-10",138,0,"COMPLETE",5,true
"RCP_007218","SHP_007064","PO_002695","BP_0003","BP","2024-02-10",130,0,"PARTIAL",10,true
"RCP_007219","SHP_007198","PO_002739","BP_0017","BP","2024-02-10",147,0,"COMPLETE",5,true
"RCP_007220","SHP_007258","PO_008896","FL_0014","FL","2024-02-10",145,0,"COMPLETE",1,true
"RCP_007221","SHP_007287","PO_004678","BP_0009","BP","2024-02-11",185,0,"COMPLETE",1,true
"RCP_007222","SHP_007256","PO_008508","UO_0007","UO","2024-02-11",78,0,"COMPLETE",4,true
"RCP_007223","SHP_007159","PO_002159","FL_0008","FL","2024-02-11",97,0,"COMPLETE",3,true
"RCP_007224","SHP_007125","PO_002245","BP_0002","BP","2024-02-11",174,0,"COMPLETE",2,true
"RCP_007225","SHP_007165","PO_007907","FL_0009","FL","2024-02-11",16,0,"PARTIAL",4,true
"RCP_007226","SHP_007210","PO_000615","BP_0003","BP","2024-02-11",79,0,"COMPLETE",5,true
"RCP_007227","SHP_007267","PO_003328","UO_0014","UO","2024-02-11",180,0,"COMPLETE",-1,true
"RCP_007228","SHP_007135","PO_003648","UO_0002","UO","2024-02-11",182,0,"COMPLETE",6,true
"RCP_007229","SHP_007150","PO_005707","FL_0008","FL","2024-02-11",17,0,"COMPLETE",5,true
"RCP_007230","SHP_007284","PO_001460","FL_0018","FL","2024-02-11",53,0,"COMPLETE",0,true
"RCP_007231","SHP_007167","PO_008949","FL_0005","FL","2024-02-11",70,0,"PARTIAL",4,true
"RCP_007232","SHP_007214","PO_002504","BP_0005","BP","2024-02-11",57,0,"COMPLETE",5,true
"RCP_007233","SHP_007140","PO_000740","BP_0019","BP","2024-02-11",37,0,"PARTIAL",4,true
"RCP_007234","SHP_007354","PO_002694","BP_0014","BP","2024-02-11",88,2,"COMPLETE",-1,true
"RCP_007235","SHP_007211","PO_001793","BP_0017","BP","2024-02-11",107,0,"PARTIAL",4,true
"RCP_007236","SHP_007295","PO_000065","FL_0005","FL","2024-02-12",14,1,"COMPLETE",0,true
"RCP_007237","SHP_007103","PO_008515","UO_0016","UO","2024-02-12",110,0,"PARTIAL",10,true
"RCP_007238","SHP_007270","PO_005165","UO_0004","UO","2024-02-12",181,0,"COMPLETE",4,true
"RCP_007239","SHP_007217","PO_004121","FL_0014","FL","2024-02-12",73,0,"COMPLETE",0,true
"RCP_007240","SHP_007330","PO_007786","UO_0004","UO","2024-02-12",89,0,"COMPLETE",0,true
"RCP_007241","SHP_007244","PO_007901","UO_0013","UO","2024-02-12",56,0,"COMPLETE",0,true
"RCP_007242","SHP_007152","PO_007965","FL_0013","FL","2024-02-12",34,0,"COMPLETE",6,true
"RCP_007243","SHP_007307","PO_000641","BP_0019","BP","2024-02-12",161,0,"COMPLETE",-1,true
"RCP_007244","SHP_007215","PO_002885","BP_0014","BP","2024-02-12",114,0,"COMPLETE",0,true
"RCP_007245","SHP_007201","PO_003023","FL_0002","FL","2024-02-12",13,0,"COMPLETE",1,true
"RCP_007246","SHP_007240","PO_005663","BP_0005","BP","2024-02-12",122,0,"COMPLETE",4,true
"RCP_007247","SHP_007132","PO_001984","BP_0002","BP","2024-02-12",66,0,"COMPLETE",2,true
"RCP_007248","SHP_007272","PO_005788","BP_0013","BP","2024-02-12",51,0,"COMPLETE",3,true
"RCP_007249","SHP_007355","PO_002840","BP_0006","BP","2024-02-12",109,0,"COMPLETE",0,true
"RCP_007250","SHP_007245","PO_009408","FL_0012","FL","2024-02-12",178,0,"COMPLETE",-1,true
"RCP_007251","SHP_007241","PO_006213","FL_0014","FL","2024-02-12",10,0,"PARTIAL",0,true
"RCP_007252","SHP_007294","PO_009800","BP_0009","BP","2024-02-12",27,0,"COMPLETE",2,true
"RCP_007253","SHP_007199","PO_002771","FL_0004","FL","2024-02-12",18,0,"COMPLETE",2,true
"RCP_007254","SHP_007298","PO_001711","FL_0001","FL","2024-02-12",69,0,"COMPLETE",0,true
"RCP_007255","SHP_007147","PO_005315","FL_0020","FL","2024-02-13",78,0,"COMPLETE",7,true
"RCP_007256","SHP_007358","PO_005077","BP_0015","BP","2024-02-13",62,0,"COMPLETE",1,true
"RCP_007257","SHP_007227","PO_008677","FL_0006","FL","2024-02-13",177,0,"COMPLETE",1,true
"RCP_007258","SHP_007145","PO_004398","BP_0019","BP","2024-02-13",166,0,"COMPLETE",2,true
"RCP_007259","SHP_007367","PO_002305","BP_0012","BP","2024-02-13",77,0,"COMPLETE",0,true
"RCP_007260","SHP_007197","PO_002331","FL_0010","FL","2024-02-13",82,0,"PARTIAL",2,true
"RCP_007261","SHP_007368","PO_003088","BP_0014","BP","2024-02-13",18,0,"COMPLETE",0,true
"RCP_007262","SHP_007321","PO_003668","FL_0018","FL","2024-02-13",75,0,"COMPLETE",-1,true
"RCP_007263","SHP_007274","PO_006548","BP_0010","BP","2024-02-13",180,0,"COMPLETE",4,true
"RCP_007264","SHP_007318","PO_001813","BP_0002","BP","2024-02-13",46,0,"PARTIAL",0,true
"RCP_007265","SHP_007380","PO_002532","BP_0019","BP","2024-02-13",162,0,"COMPLETE",-1,true
"RCP_007266","SHP_007361","PO_006139","BP_0009","BP","2024-02-13",197,0,"COMPLETE",1,true
"RCP_007267","SHP_007293","PO_009660","FL_0017","FL","2024-02-13",92,0,"COMPLETE",2,true
"RCP_007268","SHP_007123","PO_000389","FL_0016","FL","2024-02-14",142,0,"PARTIAL",10,true
"RCP_007269","SHP_007172","PO_000399","FL_0008","FL","2024-02-14",62,0,"COMPLETE",5,true
"RCP_007270","SHP_007121","PO_008451","FL_0016","FL","2024-02-14",40,0,"COMPLETE",11,true
"RCP_007271","SHP_007324","PO_005019","FL_0009","FL","2024-02-14",137,0,"COMPLETE",0,true
"RCP_007272","SHP_007331","PO_008778","BP_0007","BP","2024-02-14",30,0,"COMPLETE",1,true
"RCP_007273","SHP_007247","PO_001095","BP_0003","BP","2024-02-14",155,0,"PARTIAL",5,true
"RCP_007274","SHP_007187","PO_002947","FL_0006","FL","2024-02-14",38,0,"PARTIAL",5,true
"RCP_007275","SHP_007099","PO_003834","UO_0017","UO","2024-02-14",114,0,"PARTIAL",12,true
"RCP_007276","SHP_007223","PO_006588","FL_0016","FL","2024-02-14",142,0,"COMPLETE",2,true
"RCP_007277","SHP_007392","PO_002624","BP_0001","BP","2024-02-14",98,0,"COMPLETE",-1,true
"RCP_007278","SHP_007328","PO_007417","BP_0013","BP","2024-02-14",66,1,"COMPLETE",1,true
"RCP_007279","SHP_007320","PO_002019","UO_0012","UO","2024-02-14",104,0,"COMPLETE",2,true
"RCP_007280","SHP_007309","PO_001804","FL_0014","FL","2024-02-14",153,0,"COMPLETE",1,true
"RCP_007281","SHP_007337","PO_001951","FL_0002","FL","2024-02-14",57,0,"COMPLETE",-1,true
"RCP_007282","SHP_007338","PO_002737","FL_0011","FL","2024-02-14",115,0,"COMPLETE",-1,true
"RCP_007283","SHP_007301","PO_003433","UO_0007","UO","2024-02-14",16,0,"COMPLETE",0,true
"RCP_007284","SHP_007265","PO_002366","FL_0012","FL","2024-02-14",125,0,"COMPLETE",0,true
"RCP_007285","SHP_007363","PO_006262","BP_0002","BP","2024-02-14",26,0,"COMPLETE",-1,true
"RCP_007286","SHP_007315","PO_008957","UO_0010","UO","2024-02-15",81,0,"COMPLETE",4,true
"RCP_007287","SHP_007378","PO_008190","UO_0002","UO","2024-02-15",80,0,"PARTIAL",0,true
"RCP_007288","SHP_007251","PO_002295","UO_0007","UO","2024-02-15",124,0,"COMPLETE",4,true
"RCP_007289","SHP_007222","PO_006215","FL_0001","FL","2024-02-15",55,0,"PARTIAL",3,true
"RCP_007290","SHP_007242","PO_007386","FL_0018","FL","2024-02-15",58,0,"PARTIAL",3,true
"RCP_007291","SHP_007212","PO_002053","FL_0008","FL","2024-02-15",151,0,"COMPLETE",4,true
"RCP_007292","SHP_007350","PO_001386","FL_0004","FL","2024-02-15",22,0,"COMPLETE",-1,true
"RCP_007293","SHP_007364","PO_006698","FL_0016","FL","2024-02-15",193,0,"COMPLETE",-1,true
"RCP_007294","SHP_007311","PO_003601","BP_0010","BP","2024-02-15",124,0,"COMPLETE",2,true
"RCP_007295","SHP_007411","PO_001421","UO_0001","UO","2024-02-15",171,0,"COMPLETE",1,true
"RCP_007296","SHP_007349","PO_000362","FL_0005","FL","2024-02-16",140,0,"COMPLETE",0,true
"RCP_007297","SHP_007323","PO_004927","UO_0020","UO","2024-02-16",99,0,"COMPLETE",4,true
"RCP_007298","SHP_007346","PO_008384","BP_0018","BP","2024-02-16",61,0,"PARTIAL",2,true
"RCP_007299","SHP_007439","PO_004045","UO_0009","UO","2024-02-16",196,0,"COMPLETE",1,true
"RCP_007300","SHP_007280","PO_008834","FL_0013","FL","2024-02-16",119,0,"COMPLETE",1,true
"RCP_007301","SHP_007238","PO_004369","BP_0016","BP","2024-02-16",96,0,"COMPLETE",-1,true
"RCP_007302","SHP_007305","PO_007814","BP_0015","BP","2024-02-16",135,0,"COMPLETE",4,true
"RCP_007303","SHP_007339","PO_003445","FL_0001","FL","2024-02-16",121,0,"PARTIAL",1,true
"RCP_007304","SHP_007336","PO_001937","FL_0016","FL","2024-02-16",75,1,"COMPLETE",1,true
"RCP_007305","SHP_007352","PO_001944","BP_0016","BP","2024-02-16",49,0,"COMPLETE",0,true
"RCP_007306","SHP_007409","PO_006794","UO_0015","UO","2024-02-16",150,0,"COMPLETE",-1,true
"RCP_007307","SHP_007173","PO_001709","FL_0014","FL","2024-02-16",68,0,"COMPLETE",8,true
"RCP_007308","SHP_007299","PO_001816","BP_0006","BP","2024-02-16",109,0,"COMPLETE",5,true
"RCP_007309","SHP_007304","PO_006122","FL_0004","FL","2024-02-16",103,0,"COMPLETE",-1,true
"RCP_007310","SHP_007370","PO_003677","FL_0006","FL","2024-02-16",69,0,"COMPLETE",-1,true
"RCP_007311","SHP_007297","PO_001571","FL_0020","FL","2024-02-16",78,0,"PARTIAL",-1,true
"RCP_007312","SHP_007371","PO_003864","BP_0001","BP","2024-02-16",174,0,"COMPLETE",0,true
"RCP_007313","SHP_007183","PO_000427","BP_0002","BP","2024-02-17",28,0,"COMPLETE",7,true
"RCP_007314","SHP_007449","PO_009949","UO_0002","UO","2024-02-17",192,0,"COMPLETE",2,true
"RCP_007315","SHP_007142","PO_003031","BP_0017","BP","2024-02-17",11,0,"PARTIAL",10,true
"RCP_007316","SHP_007192","PO_007388","UO_0001","UO","2024-02-17",194,0,"COMPLETE",8,true
"RCP_007317","SHP_007427","PO_007347","BP_0012","BP","2024-02-17",45,0,"PARTIAL",1,true
"RCP_007318","SHP_007308","PO_001493","BP_0001","BP","2024-02-17",103,0,"COMPLETE",5,true
"RCP_007319","SHP_007332","PO_009541","BP_0002","BP","2024-02-17",107,0,"COMPLETE",3,true
"RCP_007320","SHP_007154","PO_008610","FL_0001","FL","2024-02-17",55,0,"COMPLETE",11,true
"RCP_007321","SHP_007143","PO_003303","UO_0002","UO","2024-02-17",121,0,"PARTIAL",11,true
"RCP_007322","SHP_007453","PO_003722","BP_0009","BP","2024-02-17",115,0,"COMPLETE",-1,true
"RCP_007323","SHP_007379","PO_000207","UO_0012","UO","2024-02-18",114,0,"COMPLETE",2,true
"RCP_007324","SHP_007402","PO_005074","FL_0006","FL","2024-02-18",77,0,"COMPLETE",-1,true
"RCP_007325","SHP_007403","PO_005340","FL_0010","FL","2024-02-18",52,0,"COMPLETE",-1,true
"RCP_007326","SHP_007253","PO_004437","BP_0001","BP","2024-02-18",107,0,"PARTIAL",4,true
"RCP_007327","SHP_007386","PO_009054","FL_0004","FL","2024-02-18",40,0,"COMPLETE",0,true
"RCP_007328","SHP_007362","PO_006150","FL_0013","FL","2024-02-18",182,0,"COMPLETE",2,true
"RCP_007329","SHP_007369","PO_003274","FL_0002","FL","2024-02-18",125,0,"COMPLETE",1,true
"RCP_007330","SHP_007376","PO_006409","FL_0016","FL","2024-02-18",97,0,"COMPLETE",1,true
"RCP_007331","SHP_007342","PO_005725","BP_0006","BP","2024-02-18",113,0,"COMPLETE",4,true
"RCP_007332","SHP_007366","PO_002132","FL_0001","FL","2024-02-18",140,0,"COMPLETE",1,true
"RCP_007333","SHP_007416","PO_003436","BP_0014","BP","2024-02-18",153,0,"COMPLETE",2,true
"RCP_007334","SHP_007344","PO_006620","BP_0015","BP","2024-02-18",26,0,"COMPLETE",4,true
"RCP_007335","SHP_007384","PO_007501","UO_0009","UO","2024-02-18",110,0,"COMPLETE",2,true
"RCP_007336","SHP_007203","PO_004818","BP_0015","BP","2024-02-19",73,0,"COMPLETE",8,true
"RCP_007337","SHP_007400","PO_004870","FL_0019","FL","2024-02-19",194,0,"COMPLETE",0,true
"RCP_007338","SHP_007372","PO_004090","BP_0009","BP","2024-02-19",22,0,"COMPLETE",2,true
"RCP_007339","SHP_007302","PO_004173","FL_0004","FL","2024-02-19",12,1,"PARTIAL",3,true
"RCP_007340","SHP_007188","PO_004190","BP_0010","BP","2024-02-19",111,0,"COMPLETE",5,true
"RCP_007341","SHP_007421","PO_005401","BP_0007","BP","2024-02-19",42,0,"COMPLETE",-1,true
"RCP_007342","SHP_007285","PO_002190","BP_0005","BP","2024-02-19",27,0,"COMPLETE",-1,true
"RCP_007343","SHP_007447","PO_008058","BP_0017","BP","2024-02-19",41,0,"PARTIAL",-1,true
"RCP_007344","SHP_007196","PO_009473","BP_0017","BP","2024-02-19",194,0,"COMPLETE",5,true
"RCP_007345","SHP_007175","PO_002369","BP_0018","BP","2024-02-19",68,0,"COMPLETE",10,true
"RCP_007346","SHP_007185","PO_002117","FL_0008","FL","2024-02-19",121,0,"PARTIAL",10,true
"RCP_007347","SHP_007254","PO_006617","FL_0005","FL","2024-02-19",162,0,"PARTIAL",6,true
"RCP_007348","SHP_007408","PO_006661","BP_0009","BP","2024-02-19",53,0,"COMPLETE",1,true
"RCP_007349","SHP_007377","PO_006712","UO_0016","UO","2024-02-19",178,0,"COMPLETE",4,true
"RCP_007350","SHP_007471","PO_005833","BP_0008","BP","2024-02-19",189,0,"COMPLETE",0,true
"RCP_007351","SHP_007450","PO_000587","BP_0015","BP","2024-02-19",27,0,"COMPLETE",1,true
"RCP_007352","SHP_007374","PO_005424","FL_0008","FL","2024-02-19",197,0,"COMPLETE",2,true
"RCP_007353","SHP_007401","PO_005065","FL_0009","FL","2024-02-20",127,0,"COMPLETE",1,true
"RCP_007354","SHP_007357","PO_004332","BP_0016","BP","2024-02-20",87,0,"COMPLETE",4,true
"RCP_007355","SHP_007343","PO_006463","FL_0011","FL","2024-02-20",198,0,"COMPLETE",1,true
"RCP_007356","SHP_007322","PO_004421","FL_0018","FL","2024-02-20",111,0,"PARTIAL",2,true
"RCP_007357","SHP_007460","PO_007832","BP_0017","BP","2024-02-20",75,0,"COMPLETE",2,true
"RCP_007358","SHP_007480","PO_000971","UO_0006","UO","2024-02-20",181,0,"COMPLETE",2,true
"RCP_007359","SHP_007209","PO_009592","BP_0018","BP","2024-02-20",165,0,"COMPLETE",5,true
"RCP_007360","SHP_007319","PO_001832","FL_0017","FL","2024-02-20",34,0,"COMPLETE",2,true
"RCP_007361","SHP_007385","PO_007645","FL_0020","FL","2024-02-20",100,0,"COMPLETE",2,true
"RCP_007362","SHP_007360","PO_006079","FL_0002","FL","2024-02-20",26,0,"PARTIAL",0,true
"RCP_007363","SHP_007458","PO_006696","BP_0008","BP","2024-02-20",96,0,"COMPLETE",2,true
"RCP_007364","SHP_007291","PO_008926","FL_0014","FL","2024-02-20",108,0,"PARTIAL",4,true
"RCP_007365","SHP_007348","PO_009583","FL_0019","FL","2024-02-20",199,6,"COMPLETE",1,true
"RCP_007366","SHP_007465","PO_001558","BP_0003","BP","2024-02-20",147,0,"COMPLETE",1,true
"RCP_007367","SHP_007396","PO_004168","FL_0006","FL","2024-02-20",73,0,"COMPLETE",1,true
"RCP_007368","SHP_007312","PO_006616","UO_0013","UO","2024-02-20",58,0,"PARTIAL",3,true
"RCP_007369","SHP_007365","PO_000864","BP_0012","BP","2024-02-20",154,0,"COMPLETE",3,true
"RCP_007370","SHP_007262","PO_000630","FL_0020","FL","2024-02-20",28,0,"PARTIAL",6,true
"RCP_007371","SHP_007310","PO_002399","FL_0004","FL","2024-02-20",88,0,"COMPLETE",2,true
"RCP_007372","SHP_007278","PO_008654","BP_0016","BP","2024-02-21",98,0,"PARTIAL",6,true
"RCP_007373","SHP_007383","PO_004273","BP_0014","BP","2024-02-21",55,0,"PARTIAL",3,true
"RCP_007374","SHP_007353","PO_002319","FL_0013","FL","2024-02-21",82,0,"COMPLETE",0,true
"RCP_007375","SHP_007437","PO_003833","FL_0001","FL","2024-02-21",199,0,"COMPLETE",0,true
"RCP_007376","SHP_007186","PO_002787","BP_0002","BP","2024-02-21",117,0,"COMPLETE",11,true
"RCP_007377","SHP_007473","PO_007542","UO_0014","UO","2024-02-21",191,0,"COMPLETE",0,true
"RCP_007378","SHP_007440","PO_004164","FL_0007","FL","2024-02-21",63,0,"COMPLETE",0,true
"RCP_007379","SHP_007216","PO_003515","FL_0012","FL","2024-02-21",76,0,"COMPLETE",10,true
"RCP_007380","SHP_007327","PO_007364","UO_0004","UO","2024-02-21",131,0,"COMPLETE",5,true
"RCP_007381","SHP_007391","PO_002575","FL_0013","FL","2024-02-21",14,0,"COMPLETE",2,true
"RCP_007382","SHP_007405","PO_006130","FL_0009","FL","2024-02-21",129,0,"COMPLETE",2,true
"RCP_007383","SHP_007406","PO_006167","BP_0019","BP","2024-02-21",154,0,"COMPLETE",3,true
"RCP_007384","SHP_007463","PO_000146","BP_0002","BP","2024-02-22",89,0,"COMPLETE",0,true
"RCP_007385","SHP_007429","PO_007720","FL_0008","FL","2024-02-22",59,0,"COMPLETE",2,true
"RCP_007386","SHP_007492","PO_000597","BP_0014","BP","2024-02-22",185,0,"COMPLETE",1,true
"RCP_007387","SHP_007335","PO_000647","UO_0007","UO","2024-02-22",20,0,"PARTIAL",3,true
"RCP_007388","SHP_007415","PO_002990","UO_0019","UO","2024-02-22",63,0,"COMPLETE",4,true
"RCP_007389","SHP_007277","PO_007251","BP_0014","BP","2024-02-22",98,0,"PARTIAL",7,true
"RCP_007390","SHP_007407","PO_006635","BP_0002","BP","2024-02-22",194,0,"COMPLETE",3,true
"RCP_007391","SHP_007425","PO_007247","UO_0012","UO","2024-02-22",132,0,"COMPLETE",4,true
"RCP_007392","SHP_007224","PO_007333","BP_0006","BP","2024-02-22",93,0,"PARTIAL",10,true
"RCP_007393","SHP_007234","PO_002879","BP_0007","BP","2024-02-22",155,0,"COMPLETE",5,true
"RCP_007394","SHP_007246","PO_000283","FL_0010","FL","2024-02-23",149,0,"COMPLETE",10,true
"RCP_007395","SHP_007269","PO_004833","UO_0006","UO","2024-02-23",187,0,"COMPLETE",9,true
"RCP_007396","SHP_007488","PO_004955","FL_0001","FL","2024-02-23",89,0,"COMPLETE",-1,true
"RCP_007397","SHP_007501","PO_007754","UO_0004","UO","2024-02-23",136,0,"COMPLETE",0,true
"RCP_007398","SHP_007506","PO_002244","BP_0016","BP","2024-02-23",59,0,"COMPLETE",1,true
"RCP_007399","SHP_007387","PO_009116","BP_0018","BP","2024-02-23",40,0,"COMPLETE",5,true
"RCP_007400","SHP_007462","PO_009993","FL_0009","FL","2024-02-23",121,0,"COMPLETE",1,true
"RCP_007401","SHP_007444","PO_006020","FL_0010","FL","2024-02-23",128,0,"COMPLETE",2,true
"RCP_007402","SHP_007375","PO_006218","FL_0002","FL","2024-02-23",130,0,"COMPLETE",1,true
"RCP_007403","SHP_007395","PO_004110","FL_0001","FL","2024-02-23",160,0,"COMPLETE",0,true
"RCP_007404","SHP_007424","PO_006524","BP_0007","BP","2024-02-23",153,0,"COMPLETE",3,true
"RCP_007405","SHP_007340","PO_004222","BP_0016","BP","2024-02-23",126,0,"PARTIAL",-1,true
"RCP_007406","SHP_007213","PO_002498","BP_0019","BP","2024-02-23",80,0,"COMPLETE",11,true
"RCP_007407","SHP_007255","PO_007330","BP_0009","BP","2024-02-23",48,0,"COMPLETE",9,true
"RCP_007408","SHP_007456","PO_005743","UO_0020","UO","2024-02-23",126,0,"COMPLETE",3,true
"RCP_007409","SHP_007334","PO_000550","BP_0018","BP","2024-02-24",145,0,"PARTIAL",0,true
"RCP_007410","SHP_007487","PO_004151","FL_0004","FL","2024-02-24",139,0,"COMPLETE",0,true
"RCP_007411","SHP_007288","PO_005620","FL_0005","FL","2024-02-24",37,0,"COMPLETE",9,true
"RCP_007412","SHP_007398","PO_004466","FL_0016","FL","2024-02-24",131,0,"COMPLETE",1,true
"RCP_007413","SHP_007477","PO_009031","BP_0004","BP","2024-02-24",58,0,"PARTIAL",2,true
"RCP_007414","SHP_007495","PO_002370","FL_0014","FL","2024-02-24",129,0,"COMPLETE",-1,true
"RCP_007415","SHP_007351","PO_001651","BP_0003","BP","2024-02-24",55,0,"PARTIAL",-1,true
"RCP_007416","SHP_007459","PO_007036","BP_0017","BP","2024-02-24",75,0,"COMPLETE",2,true
"RCP_007417","SHP_007512","PO_007568","BP_0016","BP","2024-02-24",72,0,"COMPLETE",2,true
"RCP_007418","SHP_007548","PO_003438","UO_0007","UO","2024-02-24",65,0,"COMPLETE",1,true
"RCP_007419","SHP_007289","PO_007672","BP_0001","BP","2024-02-24",81,0,"COMPLETE",4,true
"RCP_007420","SHP_007479","PO_000081","FL_0008","FL","2024-02-25",33,0,"COMPLETE",1,true
"RCP_007421","SHP_007382","PO_004185","FL_0009","FL","2024-02-25",149,0,"COMPLETE",3,true
"RCP_007422","SHP_007404","PO_005377","FL_0016","FL","2024-02-25",119,0,"COMPLETE",1,true
"RCP_007423","SHP_007428","PO_007700","BP_0007","BP","2024-02-25",74,0,"COMPLETE",5,true
"RCP_007424","SHP_007494","PO_002172","FL_0010","FL","2024-02-25",78,0,"COMPLETE",0,true
"RCP_007425","SHP_007292","PO_009383","BP_0012","BP","2024-02-25",129,0,"COMPLETE",5,true
"RCP_007426","SHP_007455","PO_005679","UO_0013","UO","2024-02-25",164,0,"COMPLETE",1,true
"RCP_007427","SHP_007578","PO_005914","UO_0010","UO","2024-02-25",38,0,"PARTIAL",0,true
"RCP_007428","SHP_007511","PO_007029","FL_0013","FL","2024-02-25",75,0,"PARTIAL",-1,true
"RCP_007429","SHP_007523","PO_003844","UO_0010","UO","2024-02-25",92,0,"COMPLETE",0,true
"RCP_007430","SHP_007469","PO_004161","BP_0009","BP","2024-02-25",122,0,"COMPLETE",3,true
"RCP_007431","SHP_007249","PO_001840","FL_0007","FL","2024-02-25",134,0,"COMPLETE",12,true
"RCP_007432","SHP_007389","PO_002523","FL_0017","FL","2024-02-25",52,0,"PARTIAL",2,true
"RCP_007433","SHP_007341","PO_005358","FL_0006","FL","2024-02-25",119,0,"COMPLETE",6,true
"RCP_007434","SHP_007436","PO_002835","FL_0003","FL","2024-02-25",111,0,"COMPLETE",0,true
"RCP_007435","SHP_007448","PO_008488","FL_0016","FL","2024-02-26",17,0,"PARTIAL",1,true
"RCP_007436","SHP_007381","PO_003887","BP_0020","BP","2024-02-26",130,0,"COMPLETE",-1,true
"RCP_007437","SHP_007454","PO_004291","BP_0014","BP","2024-02-26",27,0,"COMPLETE",5,true
"RCP_007438","SHP_007442","PO_005546","UO_0002","UO","2024-02-26",170,0,"COMPLETE",1,true
"RCP_007439","SHP_007524","PO_004532","FL_0020","FL","2024-02-26",79,0,"COMPLETE",-1,true
"RCP_007440","SHP_007565","PO_007810","BP_0001","BP","2024-02-26",134,0,"COMPLETE",0,true
"RCP_007441","SHP_007566","PO_007882","BP_0015","BP","2024-02-26",136,0,"COMPLETE",0,true
"RCP_007442","SHP_007517","PO_001013","FL_0009","FL","2024-02-26",42,0,"COMPLETE",-1,true
"RCP_007443","SHP_007529","PO_008273","FL_0020","FL","2024-02-26",132,0,"COMPLETE",-1,true
"RCP_007444","SHP_007431","PO_009512","FL_0009","FL","2024-02-26",141,0,"PARTIAL",2,true
"RCP_007445","SHP_007264","PO_001498","UO_0016","UO","2024-02-26",12,0,"COMPLETE",12,true
"RCP_007446","SHP_007263","PO_000935","UO_0010","UO","2024-02-26",18,1,"PARTIAL",12,true
"RCP_007447","SHP_007314","PO_007351","FL_0005","FL","2024-02-26",133,0,"COMPLETE",9,true
"RCP_007448","SHP_007356","PO_004295","FL_0020","FL","2024-02-26",59,0,"COMPLETE",5,true
"RCP_007449","SHP_007418","PO_004412","FL_0006","FL","2024-02-26",81,0,"COMPLETE",2,true
"RCP_007450","SHP_007410","PO_009069","BP_0004","BP","2024-02-26",193,0,"COMPLETE",2,true
"RCP_007451","SHP_007490","PO_007496","UO_0003","UO","2024-02-26",148,0,"COMPLETE",4,true
"RCP_007452","SHP_007412","PO_001595","BP_0001","BP","2024-02-26",107,0,"COMPLETE",1,true
"RCP_007453","SHP_007593","PO_004492","UO_0012","UO","2024-02-26",157,0,"COMPLETE",0,true
"RCP_007454","SHP_007497","PO_002961","FL_0010","FL","2024-02-26",172,0,"COMPLETE",1,true
"RCP_007455","SHP_007532","PO_000420","FL_0016","FL","2024-02-27",135,0,"COMPLETE",-1,true
"RCP_007456","SHP_007572","PO_000457","BP_0019","BP","2024-02-27",174,0,"COMPLETE",0,true
"RCP_007457","SHP_007525","PO_004848","FL_0011","FL","2024-02-27",56,0,"PARTIAL",0,true
"RCP_007458","SHP_007498","PO_003892","BP_0018","BP","2024-02-27",50,0,"COMPLETE",3,true
"RCP_007459","SHP_007485","PO_003401","BP_0017","BP","2024-02-27",100,0,"PARTIAL",3,true
"RCP_007460","SHP_007472","PO_006093","FL_0020","FL","2024-02-27",89,0,"PARTIAL",0,true
"RCP_007461","SHP_007347","PO_008494","BP_0014","BP","2024-02-27",135,0,"COMPLETE",3,true
"RCP_007462","SHP_007476","PO_008042","BP_0006","BP","2024-02-27",177,0,"COMPLETE",5,true
"RCP_007463","SHP_007423","PO_005910","FL_0004","FL","2024-02-27",87,0,"PARTIAL",2,true
"RCP_007464","SHP_007493","PO_000997","FL_0017","FL","2024-02-27",42,0,"COMPLETE",2,true
"RCP_007465","SHP_007535","PO_004626","UO_0018","UO","2024-02-28",164,0,"COMPLETE",2,true
"RCP_007466","SHP_007433","PO_000519","FL_0005","FL","2024-02-28",189,0,"COMPLETE",3,true
"RCP_007467","SHP_007551","PO_004115","FL_0011","FL","2024-02-28",65,0,"COMPLETE",-1,true
"RCP_007468","SHP_007553","PO_005341","BP_0018","BP","2024-02-28",75,0,"COMPLETE",-1,true
"RCP_007469","SHP_007513","PO_007879","BP_0006","BP","2024-02-28",146,0,"COMPLETE",3,true
"RCP_007470","SHP_007306","PO_009083","BP_0008","BP","2024-02-28",146,0,"COMPLETE",11,true
"RCP_007471","SHP_007316","PO_009292","FL_0008","FL","2024-02-28",49,0,"PARTIAL",11,true
"RCP_007472","SHP_007484","PO_003362","FL_0007","FL","2024-02-28",154,0,"COMPLETE",0,true
"RCP_007473","SHP_007546","PO_002120","BP_0006","BP","2024-02-28",132,0,"COMPLETE",0,true
"RCP_007474","SHP_007530","PO_009371","BP_0009","BP","2024-02-28",90,0,"COMPLETE",1,true
"RCP_007475","SHP_007554","PO_006519","BP_0006","BP","2024-02-28",138,0,"PARTIAL",-1,true
"RCP_007476","SHP_007544","PO_000836","FL_0011","FL","2024-02-28",21,0,"COMPLETE",-1,true
"RCP_007477","SHP_007300","PO_002142","FL_0019","FL","2024-02-28",93,0,"COMPLETE",12,true
"RCP_007478","SHP_007541","PO_009246","UO_0018","UO","2024-02-28",59,0,"COMPLETE",2,true
"RCP_007479","SHP_007468","PO_003443","BP_0017","BP","2024-02-28",11,1,"PARTIAL",0,true
"RCP_007480","SHP_007432","PO_009768","FL_0005","FL","2024-02-28",193,0,"COMPLETE",3,true
"RCP_007481","SHP_007520","PO_003021","BP_0018","BP","2024-02-28",67,0,"COMPLETE",2,true
"RCP_007482","SHP_007515","PO_000394","FL_0011","FL","2024-02-29",77,0,"COMPLETE",2,true
"RCP_007483","SHP_007438","PO_003972","FL_0012","FL","2024-02-29",78,0,"COMPLETE",3,true
"RCP_007484","SHP_007359","PO_005166","BP_0009","BP","2024-02-29",89,0,"COMPLETE",8,true
"RCP_007485","SHP_007537","PO_005613","FL_0001","FL","2024-02-29",146,0,"COMPLETE",1,true
"RCP_007486","SHP_007589","PO_002604","BP_0009","BP","2024-02-29",114,0,"COMPLETE",1,true
"RCP_007487","SHP_007552","PO_004539","BP_0016","BP","2024-02-29",83,0,"COMPLETE",1,true
"RCP_007488","SHP_007474","PO_007556","FL_0016","FL","2024-02-29",64,0,"COMPLETE",1,true
"RCP_007489","SHP_007390","PO_002552","FL_0020","FL","2024-02-29",116,0,"COMPLETE",6,true
"RCP_007490","SHP_007508","PO_003645","BP_0015","BP","2024-02-29",48,0,"PARTIAL",3,true
"RCP_007491","SHP_007504","PO_010058","FL_0004","FL","2024-02-29",19,0,"COMPLETE",0,true
"RCP_007492","SHP_007600","PO_007218","BP_0017","BP","2024-02-29",14,1,"COMPLETE",1,true
"RCP_007493","SHP_007333","PO_000471","UO_0006","UO","2024-03-01",35,0,"PARTIAL",11,true
"RCP_007494","SHP_007573","PO_000543","BP_0015","BP","2024-03-01",72,0,"COMPLETE",0,true
"RCP_007495","SHP_007417","PO_003913","BP_0004","BP","2024-03-01",68,0,"PARTIAL",5,true
"RCP_007496","SHP_007597","PO_005190","UO_0016","UO","2024-03-01",21,0,"COMPLETE",0,true
"RCP_007497","SHP_007536","PO_005375","UO_0003","UO","2024-03-01",16,0,"COMPLETE",0,true
"RCP_007498","SHP_007399","PO_004509","BP_0014","BP","2024-03-01",91,0,"COMPLETE",2,true
"RCP_007499","SHP_007604","PO_008239","BP_0018","BP","2024-03-01",177,0,"COMPLETE",-1,true
"RCP_007500","SHP_007514","PO_010072","FL_0003","FL","2024-03-01",141,0,"COMPLETE",0,true
"RCP_007501","SHP_007345","PO_007536","UO_0003","UO","2024-03-01",60,0,"COMPLETE",11,true
"RCP_007502","SHP_007584","PO_000789","BP_0003","BP","2024-03-01",42,0,"COMPLETE",2,true
"RCP_007503","SHP_007646","PO_001657","UO_0006","UO","2024-03-01",20,0,"COMPLETE",1,true
"RCP_007504","SHP_007559","PO_001828","UO_0013","UO","2024-03-01",162,0,"COMPLETE",2,true
"RCP_007505","SHP_007441","PO_005143","FL_0019","FL","2024-03-01",105,0,"PARTIAL",5,true
"RCP_007506","SHP_007499","PO_005053","FL_0020","FL","2024-03-02",70,0,"COMPLETE",1,true
"RCP_007507","SHP_007394","PO_004054","UO_0005","UO","2024-03-02",34,0,"COMPLETE",8,true
"RCP_007508","SHP_007582","PO_008756","UO_0008","UO","2024-03-02",138,0,"COMPLETE",2,true
"RCP_007509","SHP_007503","PO_009087","FL_0013","FL","2024-03-02",81,0,"PARTIAL",2,true
"RCP_007510","SHP_007614","PO_002310","BP_0005","BP","2024-03-02",39,0,"COMPLETE",2,true
"RCP_007511","SHP_007461","PO_009451","BP_0015","BP","2024-03-02",15,0,"COMPLETE",0,true
"RCP_007512","SHP_007562","PO_002949","FL_0006","FL","2024-03-02",194,0,"COMPLETE",1,true
"RCP_007513","SHP_007547","PO_003054","FL_0017","FL","2024-03-02",154,0,"COMPLETE",2,true
"RCP_007514","SHP_007516","PO_000945","FL_0005","FL","2024-03-02",166,0,"PARTIAL",-1,true
"RCP_007515","SHP_007475","PO_007667","FL_0019","FL","2024-03-02",102,0,"COMPLETE",4,true
"RCP_007516","SHP_007645","PO_001321","UO_0015","UO","2024-03-02",68,0,"COMPLETE",2,true
"RCP_007517","SHP_007397","PO_004196","FL_0011","FL","2024-03-02",120,0,"COMPLETE",8,true
"RCP_007518","SHP_007579","PO_007511","FL_0018","FL","2024-03-02",103,0,"COMPLETE",0,true
"RCP_007519","SHP_007567","PO_008235","UO_0002","UO","2024-03-02",159,0,"COMPLETE",-1,true
"RCP_007520","SHP_007545","PO_001702","FL_0001","FL","2024-03-02",105,0,"COMPLETE",2,true
"RCP_007521","SHP_007623","PO_007305","UO_0006","UO","2024-03-02",135,0,"PARTIAL",0,true
"RCP_007522","SHP_007561","PO_002579","BP_0016","BP","2024-03-02",192,0,"COMPLETE",2,true
"RCP_007523","SHP_007457","PO_006315","BP_0013","BP","2024-03-02",161,0,"PARTIAL",0,true
"RCP_007524","SHP_007607","PO_000157","UO_0019","UO","2024-03-03",163,0,"COMPLETE",1,true
"RCP_007525","SHP_007631","PO_000274","BP_0008","BP","2024-03-03",58,0,"PARTIAL",-1,true
"RCP_007526","SHP_007388","PO_000445","FL_0007","FL","2024-03-03",95,0,"PARTIAL",9,true
"RCP_007527","SHP_007591","PO_003964","BP_0006","BP","2024-03-03",169,0,"COMPLETE",1,true
"RCP_007528","SHP_007569","PO_008637","FL_0020","FL","2024-03-03",102,0,"COMPLETE",2,true
"RCP_007529","SHP_007592","PO_004207","FL_0013","FL","2024-03-03",193,0,"COMPLETE",0,true
"RCP_007530","SHP_007576","PO_004319","FL_0019","FL","2024-03-03",189,0,"COMPLETE",1,true
"RCP_007531","SHP_007539","PO_007823","FL_0008","FL","2024-03-03",106,0,"PARTIAL",-1,true
"RCP_007532","SHP_007560","PO_002173","FL_0009","FL","2024-03-03",175,0,"COMPLETE",2,true
"RCP_007533","SHP_007422","PO_005696","FL_0016","FL","2024-03-03",21,0,"PARTIAL",8,true
"RCP_007534","SHP_007435","PO_001769","UO_0016","UO","2024-03-03",74,0,"COMPLETE",7,true
"RCP_007535","SHP_007555","PO_007093","BP_0009","BP","2024-03-03",111,0,"COMPLETE",4,true
"RCP_007536","SHP_007451","PO_001006","UO_0019","UO","2024-03-03",132,0,"COMPLETE",6,true
"RCP_007537","SHP_007482","PO_001478","BP_0007","BP","2024-03-03",62,0,"COMPLETE",-1,true
"RCP_007538","SHP_007577","PO_004727","BP_0006","BP","2024-03-04",41,0,"COMPLETE",3,true
"RCP_007539","SHP_007373","PO_004339","UO_0019","UO","2024-03-04",130,0,"COMPLETE",12,true
"RCP_007540","SHP_007419","PO_004433","FL_0008","FL","2024-03-04",198,0,"COMPLETE",9,true
"RCP_007541","SHP_007610","PO_000947","BP_0001","BP","2024-03-04",129,0,"COMPLETE",1,true
"RCP_007542","SHP_007660","PO_009506","BP_0008","BP","2024-03-04",62,0,"COMPLETE",-1,true
"RCP_007543","SHP_007443","PO_005962","BP_0003","BP","2024-03-04",145,0,"COMPLETE",3,true
"RCP_007544","SHP_007621","PO_006055","FL_0008","FL","2024-03-04",97,0,"COMPLETE",0,true
"RCP_007545","SHP_007445","PO_006159","BP_0007","BP","2024-03-04",186,0,"COMPLETE",3,true
"RCP_007546","SHP_007434","PO_001717","BP_0003","BP","2024-03-04",76,0,"PARTIAL",7,true
"RCP_007547","SHP_007414","PO_002590","BP_0017","BP","2024-03-04",189,0,"COMPLETE",4,true
"RCP_007548","SHP_007413","PO_002041","FL_0002","FL","2024-03-04",163,0,"COMPLETE",9,true
"RCP_007549","SHP_007556","PO_007629","BP_0007","BP","2024-03-04",103,0,"COMPLETE",4,true
"RCP_007550","SHP_007626","PO_008012","FL_0012","FL","2024-03-04",39,0,"COMPLETE",0,true
"RCP_007551","SHP_007647","PO_001985","BP_0003","BP","2024-03-04",41,0,"PARTIAL",2,true
"RCP_007552","SHP_007533","PO_000718","BP_0007","BP","2024-03-04",23,0,"COMPLETE",5,true
"RCP_007553","SHP_007583","PO_000671","UO_0010","UO","2024-03-04",57,0,"PARTIAL",-1,true
"RCP_007554","SHP_007481","PO_001263","FL_0019","FL","2024-03-04",176,0,"COMPLETE",5,true
"RCP_007555","SHP_007664","PO_001144","BP_0019","BP","2024-03-05",48,0,"PARTIAL",-1,true
"RCP_007556","SHP_007587","PO_002401","FL_0011","FL","2024-03-05",131,0,"COMPLETE",2,true
"RCP_007557","SHP_007639","PO_006146","BP_0015","BP","2024-03-05",82,0,"COMPLETE",1,true
"RCP_007558","SHP_007521","PO_003409","UO_0006","UO","2024-03-05",146,0,"COMPLETE",5,true
"RCP_007559","SHP_007634","PO_003427","BP_0012","BP","2024-03-05",93,0,"COMPLETE",0,true
"RCP_007560","SHP_007644","PO_010195","FL_0014","FL","2024-03-05",182,0,"COMPLETE",0,true
"RCP_007561","SHP_007571","PO_010149","FL_0004","FL","2024-03-05",8,0,"PARTIAL",0,true
"RCP_007562","SHP_007638","PO_005895","UO_0007","UO","2024-03-05",96,0,"PARTIAL",2,true
"RCP_007563","SHP_007470","PO_005711","BP_0015","BP","2024-03-05",55,0,"COMPLETE",6,true
"RCP_007564","SHP_007570","PO_009720","FL_0003","FL","2024-03-05",198,7,"COMPLETE",-1,true
"RCP_007565","SHP_007502","PO_008044","BP_0020","BP","2024-03-05",150,0,"PARTIAL",4,true
"RCP_007566","SHP_007668","PO_004655","FL_0013","FL","2024-03-06",70,0,"COMPLETE",-1,true
"RCP_007567","SHP_007500","PO_005432","BP_0010","BP","2024-03-06",132,0,"COMPLETE",1,true
"RCP_007568","SHP_007430","PO_008032","FL_0007","FL","2024-03-06",118,0,"COMPLETE",11,true
"RCP_007569","SHP_007642","PO_009051","BP_0017","BP","2024-03-06",158,0,"COMPLETE",1,true
"RCP_007570","SHP_007507","PO_003293","BP_0006","BP","2024-03-06",141,0,"PARTIAL",0,true
"RCP_007571","SHP_007393","PO_003618","FL_0018","FL","2024-03-06",49,0,"COMPLETE",12,true
"RCP_007572","SHP_007673","PO_001311","BP_0005","BP","2024-03-06",46,0,"COMPLETE",2,true
"RCP_007573","SHP_007580","PO_007514","FL_0018","FL","2024-03-06",39,0,"COMPLETE",-1,true
"RCP_007574","SHP_007588","PO_002484","BP_0007","BP","2024-03-06",176,6,"COMPLETE",4,true
"RCP_007575","SHP_007564","PO_007059","FL_0019","FL","2024-03-06",119,2,"COMPLETE",0,true
"RCP_007576","SHP_007526","PO_006992","BP_0017","BP","2024-03-06",135,0,"COMPLETE",-1,true
"RCP_007577","SHP_007611","PO_001551","UO_0018","UO","2024-03-06",48,0,"COMPLETE",4,true
"RCP_007578","SHP_007426","PO_007343","BP_0020","BP","2024-03-06",81,4,"COMPLETE",10,true
"RCP_007579","SHP_007467","PO_002751","FL_0017","FL","2024-03-06",62,2,"COMPLETE",8,true
"RCP_007580","SHP_007510","PO_006687","BP_0007","BP","2024-03-06",46,0,"COMPLETE",0,true
"RCP_007581","SHP_007598","PO_005420","BP_0019","BP","2024-03-06",22,0,"PARTIAL",3,true
"RCP_007582","SHP_007478","PO_009142","BP_0002","BP","2024-03-06",62,0,"COMPLETE",3,true
"RCP_007583","SHP_007618","PO_003681","BP_0004","BP","2024-03-06",180,0,"COMPLETE",3,true
"RCP_007584","SHP_007665","PO_001751","FL_0019","FL","2024-03-06",126,0,"COMPLETE",-1,true
"RCP_007585","SHP_007420","PO_004847","UO_0013","UO","2024-03-07",21,0,"PARTIAL",12,true
"RCP_007586","SHP_007705","PO_004013","BP_0006","BP","2024-03-07",130,0,"COMPLETE",1,true
"RCP_007587","SHP_007679","PO_006497","FL_0004","FL","2024-03-07",150,0,"COMPLETE",-1,true
"RCP_007588","SHP_007632","PO_002279","FL_0005","FL","2024-03-07",176,0,"COMPLETE",2,true
"RCP_007589","SHP_007452","PO_002418","BP_0003","BP","2024-03-07",90,0,"COMPLETE",9,true
"RCP_007590","SHP_007742","PO_010044","BP_0009","BP","2024-03-07",185,0,"COMPLETE",-1,true
"RCP_007591","SHP_007496","PO_002904","BP_0010","BP","2024-03-07",22,0,"PARTIAL",2,true
"RCP_007592","SHP_007549","PO_003449","FL_0005","FL","2024-03-07",122,0,"COMPLETE",2,true
"RCP_007593","SHP_007649","PO_002784","FL_0017","FL","2024-03-07",96,0,"COMPLETE",1,true
"RCP_007594","SHP_007678","PO_005839","FL_0004","FL","2024-03-07",16,0,"COMPLETE",-1,true
"RCP_007595","SHP_007663","PO_000923","FL_0006","FL","2024-03-07",94,0,"COMPLETE",0,true
"RCP_007596","SHP_007616","PO_003484","UO_0017","UO","2024-03-07",20,0,"PARTIAL",1,true
"RCP_007597","SHP_007446","PO_007551","BP_0004","BP","2024-03-07",130,0,"PARTIAL",10,true
"RCP_007598","SHP_007666","PO_002611","FL_0013","FL","2024-03-07",120,0,"COMPLETE",0,true
"RCP_007599","SHP_007527","PO_007203","FL_0017","FL","2024-03-07",105,0,"COMPLETE",5,true
"RCP_007600","SHP_007653","PO_003637","FL_0019","FL","2024-03-07",118,0,"PARTIAL",1,true
"RCP_007601","SHP_007671","PO_008911","FL_0018","FL","2024-03-07",81,0,"COMPLETE",0,true
"RCP_007602","SHP_007543","PO_000271","FL_0012","FL","2024-03-08",102,0,"COMPLETE",3,true
"RCP_007603","SHP_007489","PO_005300","BP_0019","BP","2024-03-08",72,0,"COMPLETE",4,true
"RCP_007604","SHP_007627","PO_008389","BP_0018","BP","2024-03-08",46,0,"COMPLETE",4,true
"RCP_007605","SHP_007723","PO_009814","BP_0014","BP","2024-03-08",172,0,"COMPLETE",1,true
"RCP_007606","SHP_007667","PO_002903","UO_0003","UO","2024-03-08",34,0,"COMPLETE",3,true
"RCP_007607","SHP_007650","PO_003219","FL_0010","FL","2024-03-08",42,0,"COMPLETE",2,true
"RCP_007608","SHP_007737","PO_006368","BP_0014","BP","2024-03-08",44,0,"COMPLETE",0,true
"RCP_007609","SHP_007617","PO_003627","FL_0020","FL","2024-03-08",132,0,"COMPLETE",-1,true
"RCP_007610","SHP_007486","PO_003733","FL_0006","FL","2024-03-08",23,0,"COMPLETE",9,true
"RCP_007611","SHP_007505","PO_001435","BP_0019","BP","2024-03-08",107,0,"PARTIAL",6,true
"RCP_007612","SHP_007656","PO_007152","FL_0016","FL","2024-03-08",98,0,"COMPLETE",2,true
"RCP_007613","SHP_007466","PO_002517","FL_0008","FL","2024-03-08",159,0,"COMPLETE",10,true
"RCP_007614","SHP_007575","PO_001531","FL_0010","FL","2024-03-08",159,0,"COMPLETE",1,true
"RCP_007615","SHP_007613","PO_002025","BP_0010","BP","2024-03-08",168,4,"COMPLETE",4,true
"RCP_007616","SHP_007669","PO_006385","FL_0012","FL","2024-03-08",61,2,"COMPLETE",1,true
"RCP_007617","SHP_007581","PO_008731","FL_0004","FL","2024-03-09",174,0,"COMPLETE",2,true
"RCP_007618","SHP_007692","PO_005481","BP_0004","BP","2024-03-09",73,0,"COMPLETE",1,true
"RCP_007619","SHP_007563","PO_004531","FL_0003","FL","2024-03-09",171,0,"COMPLETE",3,true
"RCP_007620","SHP_007542","PO_009989","BP_0006","BP","2024-03-09",102,0,"COMPLETE",1,true
"RCP_007621","SHP_007483","PO_002969","BP_0003","BP","2024-03-09",143,0,"COMPLETE",5,true
"RCP_007622","SHP_007522","PO_003664","FL_0018","FL","2024-03-09",23,0,"COMPLETE",7,true
"RCP_007623","SHP_007538","PO_005698","BP_0004","BP","2024-03-09",24,0,"PARTIAL",1,true
"RCP_007624","SHP_007612","PO_001798","BP_0014","BP","2024-03-09",68,0,"COMPLETE",0,true
"RCP_007625","SHP_007735","PO_005860","BP_0017","BP","2024-03-09",190,0,"COMPLETE",1,true
"RCP_007626","SHP_007643","PO_009635","BP_0008","BP","2024-03-09",170,0,"COMPLETE",4,true
"RCP_007627","SHP_007708","PO_005806","FL_0001","FL","2024-03-09",49,0,"COMPLETE",-1,true
"RCP_007628","SHP_007713","PO_000026","UO_0015","UO","2024-03-10",85,0,"COMPLETE",1,true
"RCP_007629","SHP_007746","PO_004754","UO_0012","UO","2024-03-10",58,0,"COMPLETE",-1,true
"RCP_007630","SHP_007509","PO_005287","BP_0014","BP","2024-03-10",94,0,"COMPLETE",4,true
"RCP_007631","SHP_007605","PO_008408","FL_0017","FL","2024-03-10",50,0,"COMPLETE",3,true
"RCP_007632","SHP_007691","PO_005419","FL_0009","FL","2024-03-10",81,0,"COMPLETE",1,true
"RCP_007633","SHP_007531","PO_009629","FL_0007","FL","2024-03-10",81,0,"COMPLETE",8,true
"RCP_007634","SHP_007725","PO_010045","FL_0013","FL","2024-03-10",120,0,"COMPLETE",-1,true
"RCP_007635","SHP_007770","PO_002985","BP_0010","BP","2024-03-10",158,0,"COMPLETE",-1,true
"RCP_007636","SHP_007599","PO_005886","FL_0008","FL","2024-03-10",84,0,"COMPLETE",2,true
"RCP_007637","SHP_007528","PO_007664","FL_0020","FL","2024-03-10",50,0,"COMPLETE",8,true
"RCP_007638","SHP_007635","PO_003847","FL_0011","FL","2024-03-10",20,1,"COMPLETE",1,true
"RCP_007639","SHP_007602","PO_007595","FL_0006","FL","2024-03-10",34,0,"PARTIAL",2,true
"RCP_007640","SHP_007491","PO_009498","FL_0014","FL","2024-03-10",126,0,"PARTIAL",11,true
"RCP_007641","SHP_007637","PO_005689","FL_0012","FL","2024-03-10",143,0,"COMPLETE",1,true
"RCP_007642","SHP_007558","PO_000840","BP_0016","BP","2024-03-10",14,0,"PARTIAL",0,true
"RCP_007643","SHP_007464","PO_001277","BP_0008","BP","2024-03-10",58,0,"PARTIAL",11,true
"RCP_007644","SHP_007672","PO_001265","UO_0002","UO","2024-03-10",96,0,"PARTIAL",4,true
"RCP_007645","SHP_007697","PO_010176","FL_0003","FL","2024-03-10",15,0,"COMPLETE",1,true
"RCP_007646","SHP_007676","PO_003441","FL_0016","FL","2024-03-10",87,0,"COMPLETE",2,true
"RCP_007647","SHP_007738","PO_006942","BP_0012","BP","2024-03-10",150,0,"COMPLETE",-1,true
"RCP_007648","SHP_007680","PO_000417","UO_0010","UO","2024-03-11",183,6,"COMPLETE",4,true
"RCP_007649","SHP_007791","PO_008440","BP_0008","BP","2024-03-11",65,0,"COMPLETE",-1,true
"RCP_007650","SHP_007701","PO_002168","FL_0017","FL","2024-03-11",41,0,"COMPLETE",1,true
"RCP_007651","SHP_007574","PO_000566","FL_0006","FL","2024-03-11",88,0,"PARTIAL",5,true
"RCP_007652","SHP_007534","PO_001943","BP_0020","BP","2024-03-11",70,0,"COMPLETE",3,true
"RCP_007653","SHP_007674","PO_001741","UO_0017","UO","2024-03-11",175,0,"COMPLETE",5,true
"RCP_007654","SHP_007518","PO_001603","FL_0008","FL","2024-03-11",35,0,"PARTIAL",9,true
"RCP_007655","SHP_007659","PO_009064","BP_0013","BP","2024-03-11",18,0,"COMPLETE",5,true
"RCP_007656","SHP_007550","PO_004114","FL_0017","FL","2024-03-11",49,0,"COMPLETE",7,true
"RCP_007657","SHP_007683","PO_003170","UO_0007","UO","2024-03-11",78,0,"COMPLETE",4,true
"RCP_007658","SHP_007615","PO_002854","UO_0019","UO","2024-03-11",53,0,"COMPLETE",5,true
"RCP_007659","SHP_007752","PO_009859","BP_0014","BP","2024-03-11",144,0,"COMPLETE",2,true
"RCP_007660","SHP_007693","PO_006205","BP_0012","BP","2024-03-11",160,0,"COMPLETE",3,true
"RCP_007661","SHP_007706","PO_004472","BP_0015","BP","2024-03-11",189,0,"PARTIAL",1,true
"RCP_007662","SHP_007769","PO_002790","BP_0004","BP","2024-03-11",20,0,"COMPLETE",0,true
"RCP_007663","SHP_007557","PO_000033","BP_0015","BP","2024-03-12",24,0,"COMPLETE",6,true
"RCP_007664","SHP_007608","PO_000415","FL_0006","FL","2024-03-12",190,0,"COMPLETE",3,true
"RCP_007665","SHP_007568","PO_008583","BP_0017","BP","2024-03-12",85,0,"COMPLETE",6,true
"RCP_007666","SHP_007619","PO_005174","BP_0003","BP","2024-03-12",30,0,"COMPLETE",-1,true
"RCP_007667","SHP_007715","PO_005452","UO_0019","UO","2024-03-12",160,0,"COMPLETE",3,true
"RCP_007668","SHP_007519","PO_002164","FL_0005","FL","2024-03-12",31,0,"PARTIAL",10,true
"RCP_007669","SHP_007585","PO_001030","BP_0004","BP","2024-03-12",179,0,"COMPLETE",4,true
"RCP_007670","SHP_007603","PO_007980","BP_0003","BP","2024-03-12",129,0,"COMPLETE",0,true
"RCP_007671","SHP_007606","PO_009084","BP_0017","BP","2024-03-12",150,0,"COMPLETE",0,true
"RCP_007672","SHP_007712","PO_009679","UO_0015","UO","2024-03-12",32,0,"PARTIAL",4,true
"RCP_007673","SHP_007726","PO_000649","FL_0010","FL","2024-03-12",26,0,"COMPLETE",0,true
"RCP_007674","SHP_007601","PO_007462","FL_0001","FL","2024-03-12",100,2,"COMPLETE",5,true
"RCP_007675","SHP_007749","PO_008212","UO_0015","UO","2024-03-12",107,2,"PARTIAL",1,true
"RCP_007676","SHP_007586","PO_001898","FL_0011","FL","2024-03-12",173,0,"COMPLETE",5,true
"RCP_007677","SHP_007655","PO_005862","FL_0007","FL","2024-03-12",183,0,"COMPLETE",1,true
"RCP_007678","SHP_007540","PO_008906","FL_0013","FL","2024-03-12",19,0,"PARTIAL",9,true
"RCP_007679","SHP_007740","PO_007569","UO_0013","UO","2024-03-12",17,0,"COMPLETE",2,true
"RCP_007680","SHP_007710","PO_006807","FL_0010","FL","2024-03-12",100,0,"COMPLETE",2,true
"RCP_007681","SHP_007744","PO_000866","FL_0001","FL","2024-03-12",135,0,"COMPLETE",-1,true
"RCP_007682","SHP_007648","PO_002547","FL_0008","FL","2024-03-12",189,0,"COMPLETE",2,true
"RCP_007683","SHP_007695","PO_006776","UO_0003","UO","2024-03-12",146,0,"COMPLETE",5,true
"RCP_007684","SHP_007625","PO_007704","BP_0012","BP","2024-03-12",33,0,"COMPLETE",-1,true
"RCP_007685","SHP_007596","PO_005128","FL_0007","FL","2024-03-13",175,0,"COMPLETE",5,true
"RCP_007686","SHP_007747","PO_005203","FL_0008","FL","2024-03-13",137,0,"COMPLETE",0,true
"RCP_007687","SHP_007654","PO_004317","FL_0007","FL","2024-03-13",78,0,"PARTIAL",3,true
"RCP_007688","SHP_007727","PO_000661","FL_0017","FL","2024-03-13",34,0,"COMPLETE",1,true
"RCP_007689","SHP_007754","PO_001061","BP_0019","BP","2024-03-13",125,0,"COMPLETE",0,true
"RCP_007690","SHP_007778","PO_009133","UO_0010","UO","2024-03-13",85,0,"PARTIAL",0,true
"RCP_007691","SHP_007661","PO_009796","UO_0017","UO","2024-03-13",97,0,"COMPLETE",5,true
"RCP_007692","SHP_007684","PO_003459","BP_0010","BP","2024-03-13",135,0,"COMPLETE",4,true
"RCP_007693","SHP_007681","PO_002667","FL_0007","FL","2024-03-13",76,0,"PARTIAL",0,true
"RCP_007694","SHP_007729","PO_001416","BP_0005","BP","2024-03-13",23,0,"COMPLETE",2,true
"RCP_007695","SHP_007685","PO_003829","FL_0006","FL","2024-03-13",155,0,"COMPLETE",0,true
"RCP_007696","SHP_007743","PO_000386","FL_0006","FL","2024-03-13",181,0,"COMPLETE",0,true
"RCP_007697","SHP_007702","PO_002768","UO_0006","UO","2024-03-13",118,0,"COMPLETE",5,true
"RCP_007698","SHP_007595","PO_004656","BP_0008","BP","2024-03-14",108,0,"COMPLETE",2,true
"RCP_007699","SHP_007707","PO_005199","FL_0016","FL","2024-03-14",101,0,"COMPLETE",-1,true
"RCP_007700","SHP_007776","PO_005491","BP_0002","BP","2024-03-14",36,0,"PARTIAL",-1,true
"RCP_007701","SHP_007823","PO_004218","BP_0002","BP","2024-03-14",103,2,"COMPLETE",-1,true
"RCP_007702","SHP_007629","PO_009125","FL_0006","FL","2024-03-14",61,0,"PARTIAL",5,true
"RCP_007703","SHP_007703","PO_002974","FL_0011","FL","2024-03-14",163,0,"COMPLETE",0,true
"RCP_007704","SHP_007757","PO_001393","FL_0012","FL","2024-03-14",115,0,"COMPLETE",0,true
"RCP_007705","SHP_007739","PO_007478","FL_0019","FL","2024-03-14",89,0,"COMPLETE",2,true
"RCP_007706","SHP_007736","PO_006337","BP_0007","BP","2024-03-14",157,0,"COMPLETE",3,true
"RCP_007707","SHP_007633","PO_003416","BP_0020","BP","2024-03-14",32,0,"PARTIAL",0,true
"RCP_007708","SHP_007711","PO_008478","BP_0001","BP","2024-03-15",177,0,"COMPLETE",5,true
"RCP_007709","SHP_007793","PO_008479","BP_0009","BP","2024-03-15",19,0,"COMPLETE",0,true
"RCP_007710","SHP_007805","PO_008591","BP_0005","BP","2024-03-15",35,0,"COMPLETE",2,true
"RCP_007711","SHP_007628","PO_008814","BP_0014","BP","2024-03-15",138,0,"COMPLETE",6,true
"RCP_007712","SHP_007694","PO_006482","FL_0006","FL","2024-03-15",145,0,"PARTIAL",2,true
"RCP_007713","SHP_007700","PO_001080","BP_0010","BP","2024-03-15",50,0,"PARTIAL",5,true
"RCP_007714","SHP_007761","PO_005703","FL_0012","FL","2024-03-15",167,0,"COMPLETE",1,true
"RCP_007715","SHP_007704","PO_003786","BP_0018","BP","2024-03-15",34,0,"COMPLETE",0,true
"RCP_007716","SHP_007764","PO_000906","BP_0002","BP","2024-03-15",195,0,"COMPLETE",1,true
"RCP_007717","SHP_007719","PO_007350","FL_0001","FL","2024-03-15",129,0,"PARTIAL",0,true
"RCP_007718","SHP_007640","PO_007285","FL_0011","FL","2024-03-15",27,0,"COMPLETE",5,true
"RCP_007719","SHP_007624","PO_007392","FL_0011","FL","2024-03-15",44,0,"COMPLETE",7,true
"RCP_007720","SHP_007765","PO_001134","BP_0010","BP","2024-03-15",47,0,"COMPLETE",1,true
"RCP_007721","SHP_007594","PO_004590","BP_0004","BP","2024-03-16",118,0,"COMPLETE",4,true
"RCP_007722","SHP_007690","PO_004873","FL_0014","FL","2024-03-16",174,0,"COMPLETE",3,true
"RCP_007723","SHP_007750","PO_008344","BP_0013","BP","2024-03-16",71,0,"PARTIAL",4,true
"RCP_007724","SHP_007792","PO_008442","BP_0017","BP","2024-03-16",154,0,"COMPLETE",0,true
"RCP_007725","SHP_007696","PO_008544","FL_0016","FL","2024-03-16",73,0,"COMPLETE",2,true
"RCP_007726","SHP_007753","PO_001024","FL_0020","FL","2024-03-16",196,0,"COMPLETE",2,true
"RCP_007727","SHP_007651","PO_003533","FL_0002","FL","2024-03-16",31,0,"PARTIAL",5,true
"RCP_007728","SHP_007780","PO_001490","BP_0002","BP","2024-03-16",103,0,"COMPLETE",1,true
"RCP_007729","SHP_007722","PO_007953","BP_0001","BP","2024-03-16",143,4,"COMPLETE",5,true
"RCP_007730","SHP_007657","PO_008220","FL_0001","FL","2024-03-16",98,0,"COMPLETE",6,true
"RCP_007731","SHP_007732","PO_004760","FL_0010","FL","2024-03-17",195,0,"COMPLETE",0,true
"RCP_007732","SHP_007677","PO_005304","FL_0011","FL","2024-03-17",163,0,"COMPLETE",4,true
"RCP_007733","SHP_007686","PO_004240","FL_0004","FL","2024-03-17",109,0,"COMPLETE",4,true
"RCP_007734","SHP_007810","PO_007847","FL_0016","FL","2024-03-17",89,0,"COMPLETE",-1,true
"RCP_007735","SHP_007819","PO_001381","BP_0008","BP","2024-03-17",37,0,"PARTIAL",-1,true
"RCP_007736","SHP_007622","PO_006894","BP_0010","BP","2024-03-17",77,0,"COMPLETE",4,true
"RCP_007737","SHP_007789","PO_006721","FL_0006","FL","2024-03-17",132,0,"COMPLETE",1,true
"RCP_007738","SHP_007730","PO_001520","UO_0006","UO","2024-03-17",116,0,"COMPLETE",1,true
"RCP_007739","SHP_007689","PO_004820","FL_0006","FL","2024-03-18",86,0,"COMPLETE",4,true
"RCP_007740","SHP_007784","PO_003926","FL_0004","FL","2024-03-18",82,0,"PARTIAL",2,true
"RCP_007741","SHP_007779","PO_009701","UO_0013","UO","2024-03-18",25,0,"COMPLETE",5,true
"RCP_007742","SHP_007590","PO_003614","FL_0013","FL","2024-03-18",186,0,"COMPLETE",11,true
"RCP_007743","SHP_007772","PO_003793","BP_0009","BP","2024-03-18",99,0,"PARTIAL",4,true
"RCP_007744","SHP_007880","PO_008951","UO_0005","UO","2024-03-18",24,0,"COMPLETE",1,true
"RCP_007745","SHP_007682","PO_002867","FL_0016","FL","2024-03-18",130,0,"PARTIAL",5,true
"RCP_007746","SHP_007741","PO_008291","FL_0001","FL","2024-03-18",64,0,"PARTIAL",2,true
"RCP_007747","SHP_007734","PO_005792","FL_0002","FL","2024-03-18",120,0,"COMPLETE",1,true
"RCP_007748","SHP_007812","PO_008342","FL_0005","FL","2024-03-18",140,0,"COMPLETE",0,true
"RCP_007749","SHP_007885","PO_000212","BP_0008","BP","2024-03-19",172,0,"COMPLETE",-1,true
"RCP_007750","SHP_007662","PO_000422","FL_0008","FL","2024-03-19",26,0,"PARTIAL",8,true
"RCP_007751","SHP_007641","PO_008832","BP_0020","BP","2024-03-19",131,0,"PARTIAL",9,true
"RCP_007752","SHP_007808","PO_004233","UO_0013","UO","2024-03-19",90,0,"COMPLETE",3,true
"RCP_007753","SHP_007824","PO_004285","FL_0007","FL","2024-03-19",26,0,"COMPLETE",0,true
"RCP_007754","SHP_007800","PO_005563","FL_0012","FL","2024-03-19",127,5,"COMPLETE",2,true
"RCP_007755","SHP_007687","PO_004381","BP_0012","BP","2024-03-19",30,0,"COMPLETE",1,true
"RCP_007756","SHP_007636","PO_004434","BP_0014","BP","2024-03-19",190,0,"COMPLETE",5,true
"RCP_007757","SHP_007777","PO_007765","BP_0018","BP","2024-03-19",26,0,"COMPLETE",4,true
"RCP_007758","SHP_007871","PO_003511","BP_0018","BP","2024-03-19",142,0,"COMPLETE",0,true
"RCP_007759","SHP_007833","PO_005798","FL_0004","FL","2024-03-19",133,0,"COMPLETE",-1,true
"RCP_007760","SHP_007675","PO_002070","BP_0018","BP","2024-03-19",70,0,"PARTIAL",2,true
"RCP_007761","SHP_007728","PO_000716","FL_0005","FL","2024-03-19",59,0,"PARTIAL",3,true
"RCP_007762","SHP_007809","PO_006640","FL_0009","FL","2024-03-19",153,0,"COMPLETE",1,true
"RCP_007763","SHP_007827","PO_009003","FL_0017","FL","2024-03-19",113,0,"COMPLETE",0,true
"RCP_007764","SHP_007804","PO_008014","BP_0003","BP","2024-03-19",87,0,"PARTIAL",3,true
"RCP_007765","SHP_007724","PO_010032","FL_0013","FL","2024-03-19",10,0,"PARTIAL",3,true
"RCP_007766","SHP_007788","PO_006345","UO_0017","UO","2024-03-19",148,0,"COMPLETE",5,true
"RCP_007767","SHP_007835","PO_008394","FL_0006","FL","2024-03-20",48,0,"COMPLETE",0,true
"RCP_007768","SHP_007758","PO_003951","FL_0012","FL","2024-03-20",118,0,"COMPLETE",1,true
"RCP_007769","SHP_007775","PO_005385","FL_0002","FL","2024-03-20",149,0,"PARTIAL",0,true
"RCP_007770","SHP_007881","PO_009294","BP_0017","BP","2024-03-20",99,0,"COMPLETE",1,true
"RCP_007771","SHP_007815","PO_009349","FL_0014","FL","2024-03-20",20,0,"COMPLETE",2,true
"RCP_007772","SHP_007829","PO_001212","BP_0010","BP","2024-03-20",45,0,"COMPLETE",1,true
"RCP_007773","SHP_007718","PO_006241","BP_0016","BP","2024-03-20",22,0,"COMPLETE",0,true
"RCP_007774","SHP_007771","PO_003745","FL_0005","FL","2024-03-20",33,0,"COMPLETE",1,true
"RCP_007775","SHP_007756","PO_001303","FL_0009","FL","2024-03-20",141,0,"COMPLETE",2,true
"RCP_007776","SHP_007620","PO_006033","FL_0011","FL","2024-03-20",124,0,"COMPLETE",12,true
"RCP_007777","SHP_007699","PO_001007","FL_0019","FL","2024-03-20",100,0,"PARTIAL",6,true
"RCP_007778","SHP_007609","PO_000754","FL_0016","FL","2024-03-20",98,0,"COMPLETE",12,true
"RCP_007779","SHP_007767","PO_001970","FL_0003","FL","2024-03-20",138,0,"COMPLETE",0,true
"RCP_007780","SHP_007843","PO_005794","UO_0005","UO","2024-03-20",122,0,"COMPLETE",1,true
"RCP_007781","SHP_007873","PO_003831","BP_0009","BP","2024-03-20",110,0,"COMPLETE",1,true
"RCP_007782","SHP_007630","PO_000062","FL_0001","FL","2024-03-21",139,0,"COMPLETE",12,true
"RCP_007783","SHP_007860","PO_004055","FL_0002","FL","2024-03-21",66,0,"COMPLETE",-1,true
"RCP_007784","SHP_007714","PO_004200","FL_0010","FL","2024-03-21",130,0,"COMPLETE",6,true
"RCP_007785","SHP_007721","PO_007783","BP_0015","BP","2024-03-21",66,0,"PARTIAL",1,true
"RCP_007786","SHP_007783","PO_002181","UO_0015","UO","2024-03-21",148,0,"COMPLETE",3,true
"RCP_007787","SHP_007658","PO_008959","FL_0010","FL","2024-03-21",90,0,"COMPLETE",11,true
"RCP_007788","SHP_007838","PO_002292","FL_0005","FL","2024-03-21",139,0,"COMPLETE",0,true
"RCP_007789","SHP_007832","PO_002882","UO_0004","UO","2024-03-21",150,0,"COMPLETE",3,true
"RCP_007790","SHP_007814","PO_008947","BP_0015","BP","2024-03-21",66,0,"COMPLETE",4,true
"RCP_007791","SHP_007795","PO_001800","UO_0008","UO","2024-03-21",57,0,"COMPLETE",2,true
"RCP_007792","SHP_007855","PO_002182","FL_0001","FL","2024-03-21",173,0,"COMPLETE",-1,true
"RCP_007793","SHP_007652","PO_003600","FL_0002","FL","2024-03-21",86,0,"COMPLETE",11,true
"RCP_007794","SHP_007798","PO_003415","BP_0007","BP","2024-03-21",35,0,"COMPLETE",4,true
"RCP_007795","SHP_007716","PO_005784","FL_0009","FL","2024-03-21",191,0,"COMPLETE",6,true
"RCP_007796","SHP_007787","PO_005796","BP_0005","BP","2024-03-21",150,0,"PARTIAL",5,true
"RCP_007797","SHP_007717","PO_005885","BP_0017","BP","2024-03-21",149,0,"COMPLETE",1,true
"RCP_007798","SHP_007688","PO_004627","UO_0020","UO","2024-03-22",178,0,"COMPLETE",9,true
"RCP_007799","SHP_007876","PO_005224","FL_0001","FL","2024-03-22",90,0,"COMPLETE",-1,true
"RCP_007800","SHP_007733","PO_004901","FL_0017","FL","2024-03-22",33,0,"PARTIAL",5,true
"RCP_007801","SHP_007943","PO_005603","UO_0012","UO","2024-03-22",189,0,"COMPLETE",0,true
"RCP_007802","SHP_007797","PO_002214","UO_0010","UO","2024-03-22",21,0,"COMPLETE",1,true
"RCP_007803","SHP_007897","PO_008199","BP_0002","BP","2024-03-22",184,5,"COMPLETE",2,true
"RCP_007804","SHP_007802","PO_007026","FL_0012","FL","2024-03-22",166,0,"COMPLETE",0,true
"RCP_007805","SHP_007911","PO_002145","BP_0002","BP","2024-03-22",170,0,"COMPLETE",0,true
"RCP_007806","SHP_007745","PO_003001","BP_0003","BP","2024-03-22",92,0,"COMPLETE",0,true
"RCP_007807","SHP_007858","PO_003410","BP_0008","BP","2024-03-22",88,0,"COMPLETE",0,true
"RCP_007808","SHP_007844","PO_006344","FL_0008","FL","2024-03-22",196,0,"COMPLETE",1,true
"RCP_007809","SHP_007910","PO_001566","BP_0009","BP","2024-03-22",35,0,"COMPLETE",0,true
"RCP_007810","SHP_007709","PO_006561","BP_0017","BP","2024-03-22",31,0,"COMPLETE",3,true
"RCP_007811","SHP_007937","PO_000080","BP_0018","BP","2024-03-23",45,0,"COMPLETE",-1,true
"RCP_007812","SHP_007794","PO_000096","FL_0010","FL","2024-03-23",17,0,"COMPLETE",2,true
"RCP_007813","SHP_007698","PO_000250","FL_0004","FL","2024-03-23",121,0,"COMPLETE",9,true
"RCP_007814","SHP_007826","PO_004706","BP_0003","BP","2024-03-23",22,0,"PARTIAL",4,true
"RCP_007815","SHP_007670","PO_008624","BP_0015","BP","2024-03-23",78,0,"PARTIAL",11,true
"RCP_007816","SHP_007774","PO_005139","BP_0016","BP","2024-03-23",91,0,"COMPLETE",3,true
"RCP_007817","SHP_007790","PO_008243","UO_0014","UO","2024-03-23",73,4,"PARTIAL",5,true
"RCP_007818","SHP_007796","PO_002105","FL_0016","FL","2024-03-23",123,0,"COMPLETE",2,true
"RCP_007819","SHP_007872","PO_003556","FL_0003","FL","2024-03-23",21,0,"COMPLETE",0,true
"RCP_007820","SHP_007867","PO_010001","FL_0003","FL","2024-03-23",139,0,"COMPLETE",1,true
"RCP_007821","SHP_007851","PO_000380","BP_0003","BP","2024-03-24",34,1,"PARTIAL",2,true
"RCP_007822","SHP_007799","PO_005075","UO_0006","UO","2024-03-24",38,0,"COMPLETE",5,true
"RCP_007823","SHP_007862","PO_005126","BP_0007","BP","2024-03-24",190,0,"COMPLETE",2,true
"RCP_007824","SHP_007857","PO_003183","FL_0014","FL","2024-03-24",134,0,"COMPLETE",2,true
"RCP_007825","SHP_007902","PO_006369","BP_0007","BP","2024-03-24",91,0,"COMPLETE",0,true
"RCP_007826","SHP_007782","PO_002151","FL_0007","FL","2024-03-24",124,0,"COMPLETE",3,true
"RCP_007827","SHP_007953","PO_003199","UO_0002","UO","2024-03-24",19,0,"COMPLETE",1,true
"RCP_007828","SHP_007818","PO_000730","FL_0002","FL","2024-03-24",166,0,"COMPLETE",0,true
"RCP_007829","SHP_007830","PO_001732","FL_0010","FL","2024-03-24",50,0,"PARTIAL",0,true
"RCP_007830","SHP_007759","PO_004541","FL_0002","FL","2024-03-24",132,0,"COMPLETE",6,true
"RCP_007831","SHP_007882","PO_009543","FL_0012","FL","2024-03-24",154,0,"COMPLETE",1,true
"RCP_007832","SHP_007875","PO_004683","FL_0002","FL","2024-03-25",200,0,"COMPLETE",2,true
"RCP_007833","SHP_007786","PO_004701","FL_0003","FL","2024-03-25",122,0,"PARTIAL",5,true
"RCP_007834","SHP_007760","PO_005006","FL_0014","FL","2024-03-25",99,0,"PARTIAL",7,true
"RCP_007835","SHP_007926","PO_006428","BP_0004","BP","2024-03-25",104,4,"COMPLETE",2,true
"RCP_007836","SHP_007825","PO_004484","FL_0019","FL","2024-03-25",134,0,"COMPLETE",1,true
"RCP_007837","SHP_007720","PO_007711","BP_0007","BP","2024-03-25",187,0,"COMPLETE",9,true
"RCP_007838","SHP_007966","PO_009200","UO_0016","UO","2024-03-25",109,0,"COMPLETE",2,true
"RCP_007839","SHP_007920","PO_001126","BP_0020","BP","2024-03-25",62,0,"PARTIAL",2,true
"RCP_007840","SHP_007919","PO_009845","FL_0020","FL","2024-03-25",134,0,"COMPLETE",-1,true
"RCP_007841","SHP_007899","PO_009927","BP_0005","BP","2024-03-25",172,0,"COMPLETE",2,true
"RCP_007842","SHP_007841","PO_003071","BP_0006","BP","2024-03-25",169,0,"PARTIAL",5,true
"RCP_007843","SHP_007821","PO_003127","UO_0007","UO","2024-03-25",57,0,"COMPLETE",4,true
"RCP_007844","SHP_007731","PO_003205","UO_0010","UO","2024-03-25",73,0,"COMPLETE",9,true
"RCP_007845","SHP_008006","PO_006584","UO_0016","UO","2024-03-25",176,7,"COMPLETE",-1,true
"RCP_007846","SHP_007748","PO_007259","BP_0019","BP","2024-03-25",137,0,"COMPLETE",3,true
"RCP_007847","SHP_007917","PO_006433","FL_0007","FL","2024-03-25",194,0,"COMPLETE",-1,true
"RCP_007848","SHP_007847","PO_009773","BP_0004","BP","2024-03-25",48,0,"COMPLETE",5,true
"RCP_007849","SHP_007763","PO_006533","BP_0009","BP","2024-03-25",22,0,"PARTIAL",2,true
"RCP_007850","SHP_007850","PO_000178","UO_0003","UO","2024-03-26",40,0,"COMPLETE",0,true
"RCP_007851","SHP_007861","PO_004712","FL_0016","FL","2024-03-26",174,0,"COMPLETE",-1,true
"RCP_007852","SHP_007859","PO_003975","FL_0018","FL","2024-03-26",117,0,"COMPLETE",-1,true
"RCP_007853","SHP_007940","PO_002251","BP_0007","BP","2024-03-26",16,1,"PARTIAL",2,true
"RCP_007854","SHP_007866","PO_009762","BP_0003","BP","2024-03-26",106,0,"COMPLETE",4,true
"RCP_007855","SHP_007755","PO_001230","FL_0003","FL","2024-03-26",173,0,"COMPLETE",8,true
"RCP_007856","SHP_007834","PO_006148","BP_0007","BP","2024-03-26",187,0,"COMPLETE",1,true
"RCP_007857","SHP_007894","PO_006365","FL_0007","FL","2024-03-26",94,0,"COMPLETE",2,true
"RCP_007858","SHP_007869","PO_001693","UO_0017","UO","2024-03-26",72,0,"PARTIAL",5,true
"RCP_007859","SHP_007863","PO_007275","BP_0018","BP","2024-03-26",158,5,"COMPLETE",5,true
"RCP_007860","SHP_007811","PO_008211","BP_0020","BP","2024-03-26",53,0,"COMPLETE",3,true
"RCP_007861","SHP_007853","PO_001948","FL_0013","FL","2024-03-26",99,0,"COMPLETE",0,true
"RCP_007862","SHP_007751","PO_009350","FL_0005","FL","2024-03-26",122,0,"PARTIAL",9,true
"RCP_007863","SHP_007874","PO_004673","BP_0008","BP","2024-03-27",17,0,"COMPLETE",5,true
"RCP_007864","SHP_007816","PO_009386","FL_0007","FL","2024-03-27",45,0,"COMPLETE",4,true
"RCP_007865","SHP_007938","PO_001131","FL_0014","FL","2024-03-27",122,0,"COMPLETE",-1,true
"RCP_007866","SHP_007806","PO_001147","BP_0007","BP","2024-03-27",113,0,"COMPLETE",4,true
"RCP_007867","SHP_007807","PO_002427","BP_0008","BP","2024-03-27",124,0,"COMPLETE",0,true
"RCP_007868","SHP_007817","PO_009977","BP_0013","BP","2024-03-27",101,0,"COMPLETE",0,true
"RCP_007869","SHP_007892","PO_003279","BP_0012","BP","2024-03-27",32,0,"COMPLETE",3,true
"RCP_007870","SHP_007801","PO_005917","FL_0018","FL","2024-03-27",182,0,"COMPLETE",6,true
"RCP_007871","SHP_007927","PO_006952","FL_0018","FL","2024-03-27",63,0,"COMPLETE",0,true
"RCP_007872","SHP_007766","PO_001643","BP_0006","BP","2024-03-27",174,0,"COMPLETE",3,true
"RCP_007873","SHP_007890","PO_002150","UO_0004","UO","2024-03-27",65,0,"COMPLETE",1,true
"RCP_007874","SHP_007947","PO_008150","FL_0006","FL","2024-03-27",36,0,"COMPLETE",-1,true
"RCP_007875","SHP_007870","PO_002564","BP_0020","BP","2024-03-27",100,0,"COMPLETE",5,true
"RCP_007876","SHP_007878","PO_008142","FL_0018","FL","2024-03-27",22,0,"COMPLETE",-1,true
"RCP_007877","SHP_007922","PO_004950","FL_0006","FL","2024-03-28",75,0,"COMPLETE",1,true
"RCP_007878","SHP_007923","PO_005087","FL_0019","FL","2024-03-28",148,0,"PARTIAL",1,true
"RCP_007879","SHP_008013","PO_004120","BP_0016","BP","2024-03-28",104,0,"COMPLETE",-1,true
"RCP_007880","SHP_007978","PO_005451","UO_0007","UO","2024-03-28",52,0,"COMPLETE",0,true
"RCP_007881","SHP_007918","PO_007921","BP_0013","BP","2024-03-28",59,0,"COMPLETE",3,true
"RCP_007882","SHP_007931","PO_009348","UO_0012","UO","2024-03-28",196,0,"COMPLETE",3,true
"RCP_007883","SHP_007846","PO_009767","FL_0020","FL","2024-03-28",41,0,"COMPLETE",3,true
"RCP_007884","SHP_007916","PO_005960","BP_0017","BP","2024-03-28",95,0,"PARTIAL",2,true
"RCP_007885","SHP_008016","PO_006298","UO_0019","UO","2024-03-28",19,0,"COMPLETE",1,true
"RCP_007886","SHP_007988","PO_003625","BP_0013","BP","2024-03-28",49,0,"COMPLETE",1,true
"RCP_007887","SHP_007925","PO_005776","BP_0009","BP","2024-03-28",56,0,"COMPLETE",2,true
"RCP_007888","SHP_007901","PO_002852","UO_0010","UO","2024-03-28",151,0,"COMPLETE",5,true
"RCP_007889","SHP_007930","PO_008493","FL_0019","FL","2024-03-28",103,0,"COMPLETE",1,true
"RCP_007890","SHP_007993","PO_008719","UO_0005","UO","2024-03-29",93,5,"COMPLETE",0,true
"RCP_007891","SHP_007785","PO_004423","FL_0008","FL","2024-03-29",90,0,"COMPLETE",9,true
"RCP_007892","SHP_007946","PO_008095","FL_0002","FL","2024-03-29",125,0,"COMPLETE",1,true
"RCP_007893","SHP_007820","PO_002464","FL_0008","FL","2024-03-29",104,0,"PARTIAL",6,true
"RCP_007894","SHP_007813","PO_008890","UO_0010","UO","2024-03-29",94,0,"PARTIAL",7,true
"RCP_007895","SHP_007877","PO_006953","FL_0020","FL","2024-03-29",185,0,"COMPLETE",2,true
"RCP_007896","SHP_008027","PO_006210","BP_0008","BP","2024-03-29",191,0,"COMPLETE",-1,true
"RCP_007897","SHP_007904","PO_006823","BP_0001","BP","2024-03-29",31,0,"COMPLETE",5,true
"RCP_007898","SHP_007945","PO_007578","BP_0017","BP","2024-03-29",158,0,"PARTIAL",1,true
"RCP_007899","SHP_007886","PO_000652","FL_0016","FL","2024-03-29",77,0,"COMPLETE",1,true
"RCP_007900","SHP_007896","PO_007402","BP_0014","BP","2024-03-29",16,0,"COMPLETE",0,true
"RCP_007901","SHP_007949","PO_009108","FL_0002","FL","2024-03-29",26,0,"COMPLETE",1,true
"RCP_007902","SHP_007935","PO_009844","FL_0011","FL","2024-03-29",142,0,"COMPLETE",2,true
"RCP_007903","SHP_007908","PO_000318","BP_0002","BP","2024-03-30",194,9,"COMPLETE",5,true
"RCP_007904","SHP_007992","PO_008388","BP_0015","BP","2024-03-30",128,0,"COMPLETE",-1,true
"RCP_007905","SHP_007905","PO_008503","BP_0001","BP","2024-03-30",71,0,"PARTIAL",0,true
"RCP_007906","SHP_007974","PO_004053","FL_0016","FL","2024-03-30",88,0,"COMPLETE",0,true
"RCP_007907","SHP_007991","PO_008284","FL_0009","FL","2024-03-30",52,0,"COMPLETE",-1,true
"RCP_007908","SHP_007939","PO_001200","FL_0006","FL","2024-03-30",83,0,"COMPLETE",2,true
"RCP_007909","SHP_008047","PO_001208","UO_0016","UO","2024-03-30",198,0,"COMPLETE",0,true
"RCP_007910","SHP_007891","PO_003145","FL_0012","FL","2024-03-30",45,0,"COMPLETE",2,true
"RCP_007911","SHP_007909","PO_000946","UO_0005","UO","2024-03-30",196,0,"COMPLETE",0,true
"RCP_007912","SHP_008011","PO_002896","BP_0018","BP","2024-03-30",157,0,"COMPLETE",1,true
"RCP_007913","SHP_007762","PO_005988","FL_0018","FL","2024-03-30",90,0,"PARTIAL",12,true
"RCP_007914","SHP_007968","PO_009669","UO_0008","UO","2024-03-30",25,0,"PARTIAL",3,true
"RCP_007915","SHP_007868","PO_000857","FL_0013","FL","2024-03-30",129,0,"COMPLETE",3,true
"RCP_007916","SHP_007912","PO_002539","BP_0012","BP","2024-03-30",97,0,"PARTIAL",4,true
"RCP_007917","SHP_007803","PO_007893","BP_0020","BP","2024-03-31",29,0,"PARTIAL",5,true
"RCP_007918","SHP_007932","PO_009472","FL_0005","FL","2024-03-31",17,0,"COMPLETE",-1,true
"RCP_007919","SHP_007839","PO_002376","FL_0008","FL","2024-03-31",108,0,"PARTIAL",6,true
"RCP_007920","SHP_007845","PO_009572","FL_0007","FL","2024-03-31",106,0,"COMPLETE",6,true
"RCP_007921","SHP_007836","PO_010079","FL_0016","FL","2024-03-31",187,0,"COMPLETE",7,true
"RCP_007922","SHP_008056","PO_001229","UO_0014","UO","2024-03-31",83,0,"COMPLETE",0,true
"RCP_007923","SHP_007956","PO_005674","FL_0018","FL","2024-03-31",115,0,"COMPLETE",2,true
"RCP_007924","SHP_007928","PO_007002","FL_0014","FL","2024-03-31",102,0,"COMPLETE",-1,true
"RCP_007925","SHP_007781","PO_002144","FL_0020","FL","2024-03-31",24,0,"COMPLETE",11,true
"RCP_007926","SHP_007848","PO_010062","BP_0001","BP","2024-03-31",165,0,"COMPLETE",1,true
"RCP_007927","SHP_007768","PO_002472","BP_0012","BP","2024-03-31",169,0,"COMPLETE",11,true
"RCP_007928","SHP_007840","PO_002679","FL_0012","FL","2024-03-31",54,0,"COMPLETE",5,true
"RCP_007929","SHP_007915","PO_004567","FL_0002","FL","2024-04-01",15,0,"COMPLETE",1,true
"RCP_007930","SHP_007976","PO_004644","FL_0019","FL","2024-04-01",155,0,"COMPLETE",2,true
"RCP_007931","SHP_008005","PO_004690","FL_0009","FL","2024-04-01",122,0,"COMPLETE",0,true
"RCP_007932","SHP_007948","PO_008404","FL_0019","FL","2024-04-01",70,0,"COMPLETE",-1,true
"RCP_007933","SHP_008003","PO_004101","FL_0014","FL","2024-04-01",49,0,"COMPLETE",0,true
"RCP_007934","SHP_007914","PO_004315","BP_0001","BP","2024-04-01",43,0,"COMPLETE",1,true
"RCP_007935","SHP_008008","PO_007837","FL_0010","FL","2024-04-01",56,0,"COMPLETE",0,true
"RCP_007936","SHP_007995","PO_009392","UO_0005","UO","2024-04-01",107,0,"COMPLETE",-1,true
"RCP_007937","SHP_007997","PO_010114","FL_0011","FL","2024-04-01",34,0,"COMPLETE",1,true
"RCP_007938","SHP_007856","PO_002713","BP_0003","BP","2024-04-01",131,0,"PARTIAL",5,true
"RCP_007939","SHP_007961","PO_006702","BP_0005","BP","2024-04-01",16,0,"PARTIAL",3,true
"RCP_007940","SHP_007975","PO_004467","UO_0004","UO","2024-04-01",40,0,"PARTIAL",0,true
"RCP_007941","SHP_007964","PO_008529","UO_0001","UO","2024-04-01",67,0,"COMPLETE",1,true
"RCP_007942","SHP_007773","PO_004299","BP_0007","BP","2024-04-01",73,0,"PARTIAL",12,true
"RCP_007943","SHP_008001","PO_003233","FL_0019","FL","2024-04-01",110,0,"COMPLETE",0,true
"RCP_007944","SHP_007852","PO_000393","FL_0014","FL","2024-04-02",121,0,"COMPLETE",7,true
"RCP_007945","SHP_007898","PO_008848","FL_0006","FL","2024-04-02",90,0,"COMPLETE",4,true
"RCP_007946","SHP_007903","PO_006441","UO_0013","UO","2024-04-02",83,0,"PARTIAL",4,true
"RCP_007947","SHP_007950","PO_009393","FL_0016","FL","2024-04-02",200,0,"COMPLETE",0,true
"RCP_007948","SHP_008045","PO_009547","BP_0015","BP","2024-04-02",122,0,"COMPLETE",2,true
"RCP_007949","SHP_007967","PO_009566","FL_0019","FL","2024-04-02",56,0,"PARTIAL",-1,true
"RCP_007950","SHP_007989","PO_003633","UO_0017","UO","2024-04-02",190,0,"COMPLETE",4,true
"RCP_007951","SHP_008002","PO_003754","BP_0017","BP","2024-04-02",163,0,"COMPLETE",2,true
"RCP_007952","SHP_008010","PO_001756","FL_0016","FL","2024-04-02",141,0,"COMPLETE",0,true
"RCP_007953","SHP_007822","PO_003725","BP_0015","BP","2024-04-02",113,4,"COMPLETE",5,true
"RCP_007954","SHP_007941","PO_003099","BP_0003","BP","2024-04-02",108,0,"COMPLETE",0,true
"RCP_007955","SHP_007831","PO_001779","UO_0016","UO","2024-04-02",21,0,"PARTIAL",9,true
"RCP_007956","SHP_007907","PO_009304","FL_0003","FL","2024-04-02",171,0,"COMPLETE",3,true
"RCP_007957","SHP_007849","PO_000005","BP_0005","BP","2024-04-03",40,0,"PARTIAL",7,true
"RCP_007958","SHP_008022","PO_000299","BP_0009","BP","2024-04-03",160,0,"COMPLETE",0,true
"RCP_007959","SHP_008091","PO_004810","BP_0001","BP","2024-04-03",102,0,"COMPLETE",-1,true
"RCP_007960","SHP_008040","PO_004983","FL_0001","FL","2024-04-03",20,0,"COMPLETE",-1,true
"RCP_007961","SHP_007906","PO_008693","FL_0019","FL","2024-04-03",66,0,"PARTIAL",5,true
"RCP_007962","SHP_007952","PO_002445","BP_0019","BP","2024-04-03",162,0,"COMPLETE",0,true
"RCP_007963","SHP_007933","PO_009567","FL_0012","FL","2024-04-03",185,0,"COMPLETE",2,true
"RCP_007964","SHP_007934","PO_009781","FL_0004","FL","2024-04-03",193,0,"COMPLETE",3,true
"RCP_007965","SHP_007957","PO_006027","BP_0012","BP","2024-04-03",144,0,"COMPLETE",0,true
"RCP_007966","SHP_008034","PO_002108","FL_0013","FL","2024-04-03",184,0,"COMPLETE",-1,true
"RCP_007967","SHP_007981","PO_007180","BP_0010","BP","2024-04-03",77,0,"COMPLETE",5,true
"RCP_007968","SHP_008026","PO_005953","FL_0007","FL","2024-04-03",53,0,"COMPLETE",0,true
"RCP_007969","SHP_007889","PO_001508","FL_0004","FL","2024-04-03",13,0,"COMPLETE",6,true
"RCP_007970","SHP_007990","PO_005758","UO_0005","UO","2024-04-03",158,0,"PARTIAL",5,true
"RCP_007971","SHP_008051","PO_004664","FL_0012","FL","2024-04-04",25,0,"COMPLETE",-1,true
"RCP_007972","SHP_007893","PO_004242","FL_0020","FL","2024-04-04",190,0,"COMPLETE",7,true
"RCP_007973","SHP_008061","PO_004310","BP_0013","BP","2024-04-04",171,0,"COMPLETE",-1,true
"RCP_007974","SHP_008032","PO_001020","FL_0017","FL","2024-04-04",92,0,"COMPLETE",0,true
"RCP_007975","SHP_008133","PO_009369","UO_0010","UO","2024-04-04",24,0,"PARTIAL",-1,true
"RCP_007976","SHP_007883","PO_009895","BP_0015","BP","2024-04-04",12,0,"PARTIAL",7,true
"RCP_007977","SHP_007854","PO_002006","BP_0015","BP","2024-04-04",83,0,"PARTIAL",4,true
"RCP_007978","SHP_007973","PO_002831","FL_0003","FL","2024-04-04",69,0,"PARTIAL",1,true
"RCP_007979","SHP_007996","PO_009864","FL_0016","FL","2024-04-04",131,5,"COMPLETE",-1,true
"RCP_007980","SHP_008000","PO_001445","BP_0016","BP","2024-04-04",159,0,"COMPLETE",3,true
"RCP_007981","SHP_007837","PO_001873","BP_0003","BP","2024-04-04",103,0,"COMPLETE",5,true
"RCP_007982","SHP_007900","PO_002591","BP_0008","BP","2024-04-04",124,0,"PARTIAL",5,true
"RCP_007983","SHP_007977","PO_004930","FL_0012","FL","2024-04-05",133,0,"PARTIAL",2,true
"RCP_007984","SHP_008019","PO_008313","BP_0016","BP","2024-04-05",126,0,"COMPLETE",3,true
"RCP_007985","SHP_007942","PO_005392","FL_0010","FL","2024-04-05",182,3,"COMPLETE",3,true
"RCP_007986","SHP_007929","PO_008053","BP_0006","BP","2024-04-05",47,0,"COMPLETE",4,true
"RCP_007987","SHP_007959","PO_006306","UO_0005","UO","2024-04-05",38,0,"COMPLETE",5,true
"RCP_007988","SHP_007842","PO_003551","FL_0017","FL","2024-04-05",70,0,"PARTIAL",11,true
"RCP_007989","SHP_007944","PO_007066","BP_0018","BP","2024-04-05",69,0,"COMPLETE",3,true
"RCP_007990","SHP_007979","PO_005812","FL_0014","FL","2024-04-05",34,0,"COMPLETE",1,true
"RCP_007991","SHP_007971","PO_001626","BP_0016","BP","2024-04-05",168,0,"PARTIAL",1,true
"RCP_007992","SHP_007998","PO_001063","FL_0012","FL","2024-04-05",70,0,"COMPLETE",0,true
"RCP_007993","SHP_007864","PO_007390","BP_0007","BP","2024-04-05",88,0,"COMPLETE",5,true
"RCP_007994","SHP_008049","PO_004324","FL_0001","FL","2024-04-05",154,0,"COMPLETE",0,true
"RCP_007995","SHP_007828","PO_000042","BP_0013","BP","2024-04-06",57,0,"PARTIAL",12,true
"RCP_007996","SHP_007970","PO_000381","FL_0008","FL","2024-04-06",144,0,"COMPLETE",3,true
"RCP_007997","SHP_008067","PO_008545","UO_0010","UO","2024-04-06",96,0,"COMPLETE",2,true
"RCP_007998","SHP_008092","PO_005152","BP_0016","BP","2024-04-06",95,0,"COMPLETE",2,true
"RCP_007999","SHP_007879","PO_008792","BP_0007","BP","2024-04-06",89,0,"COMPLETE",9,true
"RCP_008000","SHP_008020","PO_008858","FL_0009","FL","2024-04-06",127,0,"PARTIAL",0,true
"RCP_008001","SHP_008054","PO_007872","UO_0007","UO","2024-04-06",27,0,"COMPLETE",3,true
"RCP_008002","SHP_008111","PO_009260","BP_0002","BP","2024-04-06",179,0,"COMPLETE",1,true
"RCP_008003","SHP_008085","PO_002077","UO_0009","UO","2024-04-06",77,0,"COMPLETE",0,true
"RCP_008004","SHP_007972","PO_001999","UO_0013","UO","2024-04-06",104,0,"COMPLETE",5,true
"RCP_008005","SHP_007965","PO_009168","BP_0019","BP","2024-04-06",114,0,"COMPLETE",-1,true
"RCP_008006","SHP_008060","PO_003596","FL_0019","FL","2024-04-06",64,0,"COMPLETE",0,true
"RCP_008007","SHP_007960","PO_006378","FL_0016","FL","2024-04-06",197,0,"COMPLETE",3,true
"RCP_008008","SHP_007884","PO_000153","BP_0017","BP","2024-04-07",100,0,"PARTIAL",9,true
"RCP_008009","SHP_008050","PO_004620","FL_0009","FL","2024-04-07",197,0,"COMPLETE",2,true
"RCP_008010","SHP_008046","PO_000375","FL_0010","FL","2024-04-07",71,0,"COMPLETE",2,true
"RCP_008011","SHP_008014","PO_005274","FL_0006","FL","2024-04-07",128,0,"PARTIAL",0,true
"RCP_008012","SHP_008062","PO_005070","FL_0013","FL","2024-04-07",164,0,"COMPLETE",1,true
"RCP_008013","SHP_008063","PO_005119","FL_0010","FL","2024-04-07",109,0,"COMPLETE",1,true
"RCP_008014","SHP_007921","PO_004051","BP_0017","BP","2024-04-07",152,0,"PARTIAL",2,true
"RCP_008015","SHP_007895","PO_006460","FL_0017","FL","2024-04-07",171,0,"COMPLETE",10,true
"RCP_008016","SHP_008090","PO_004432","FL_0018","FL","2024-04-07",73,0,"COMPLETE",-1,true
"RCP_008017","SHP_008044","PO_008011","BP_0003","BP","2024-04-07",134,0,"PARTIAL",3,true
"RCP_008018","SHP_008078","PO_009129","FL_0011","FL","2024-04-07",186,0,"COMPLETE",0,true
"RCP_008019","SHP_008095","PO_007565","FL_0004","FL","2024-04-07",88,0,"COMPLETE",-1,true
"RCP_008020","SHP_008097","PO_008900","FL_0016","FL","2024-04-07",12,0,"PARTIAL",-1,true
"RCP_008021","SHP_007865","PO_007622","FL_0006","FL","2024-04-07",119,0,"PARTIAL",12,true
"RCP_008022","SHP_007955","PO_005458","FL_0006","FL","2024-04-07",79,0,"COMPLETE",4,true
"RCP_008023","SHP_008053","PO_007384","UO_0018","UO","2024-04-07",186,0,"COMPLETE",4,true
"RCP_008024","SHP_007958","PO_006083","FL_0004","FL","2024-04-07",177,0,"COMPLETE",5,true
"RCP_008025","SHP_008072","PO_002805","FL_0002","FL","2024-04-07",162,0,"COMPLETE",0,true
"RCP_008026","SHP_007969","PO_000357","FL_0002","FL","2024-04-08",152,0,"COMPLETE",4,true
"RCP_008027","SHP_008073","PO_005097","BP_0020","BP","2024-04-08",26,0,"COMPLETE",2,true
"RCP_008028","SHP_008096","PO_008806","FL_0003","FL","2024-04-08",179,0,"COMPLETE",0,true
"RCP_008029","SHP_007984","PO_001123","FL_0003","FL","2024-04-08",180,0,"COMPLETE",3,true
"RCP_008030","SHP_008106","PO_005969","FL_0007","FL","2024-04-08",78,0,"COMPLETE",-1,true
"RCP_008031","SHP_008052","PO_006190","BP_0018","BP","2024-04-08",106,0,"COMPLETE",4,true
"RCP_008032","SHP_008059","PO_003526","FL_0009","FL","2024-04-08",100,0,"COMPLETE",2,true
"RCP_008033","SHP_008025","PO_003437","FL_0010","FL","2024-04-08",78,0,"PARTIAL",1,true
"RCP_008034","SHP_008064","PO_006389","UO_0004","UO","2024-04-08",86,0,"COMPLETE",4,true
"RCP_008035","SHP_008031","PO_008898","FL_0009","FL","2024-04-08",192,4,"COMPLETE",0,true
"RCP_008036","SHP_008028","PO_006668","FL_0014","FL","2024-04-08",16,0,"COMPLETE",1,true
"RCP_008037","SHP_008083","PO_000343","FL_0014","FL","2024-04-09",107,0,"COMPLETE",1,true
"RCP_008038","SHP_007954","PO_004798","BP_0019","BP","2024-04-09",149,0,"COMPLETE",2,true
"RCP_008039","SHP_008066","PO_008390","BP_0019","BP","2024-04-09",50,0,"PARTIAL",3,true
"RCP_008040","SHP_008030","PO_008501","FL_0008","FL","2024-04-09",94,0,"COMPLETE",2,true
"RCP_008041","SHP_008068","PO_008758","BP_0012","BP","2024-04-09",53,0,"COMPLETE",4,true
"RCP_008042","SHP_008004","PO_004311","BP_0017","BP","2024-04-09",35,0,"COMPLETE",-1,true
"RCP_008043","SHP_008172","PO_007868","UO_0005","UO","2024-04-09",89,0,"COMPLETE",1,true
"RCP_008044","SHP_007982","PO_009361","FL_0001","FL","2024-04-09",120,0,"PARTIAL",6,true
"RCP_008045","SHP_007887","PO_001124","FL_0019","FL","2024-04-09",32,0,"PARTIAL",12,true
"RCP_008046","SHP_007999","PO_001244","BP_0003","BP","2024-04-09",30,0,"COMPLETE",-1,true
"RCP_008047","SHP_008113","PO_002086","BP_0016","BP","2024-04-09",116,0,"COMPLETE",-1,true
"RCP_008048","SHP_008041","PO_006873","FL_0018","FL","2024-04-09",198,0,"COMPLETE",1,true
"RCP_008049","SHP_008074","PO_005665","BP_0006","BP","2024-04-09",130,0,"COMPLETE",2,true
"RCP_008050","SHP_007888","PO_001215","FL_0002","FL","2024-04-09",137,0,"COMPLETE",12,true
"RCP_008051","SHP_007951","PO_009754","FL_0003","FL","2024-04-09",52,2,"COMPLETE",8,true
"RCP_008052","SHP_008015","PO_005989","FL_0020","FL","2024-04-09",160,0,"COMPLETE",3,true
"RCP_008053","SHP_008038","PO_003713","FL_0010","FL","2024-04-09",128,0,"PARTIAL",0,true
"RCP_008054","SHP_008119","PO_000156","UO_0020","UO","2024-04-10",157,9,"PARTIAL",1,true
"RCP_008055","SHP_008077","PO_007904","BP_0007","BP","2024-04-10",80,0,"COMPLETE",4,true
"RCP_008056","SHP_008089","PO_002967","FL_0011","FL","2024-04-10",138,0,"COMPLETE",2,true
"RCP_008057","SHP_008102","PO_003502","BP_0005","BP","2024-04-10",14,0,"COMPLETE",2,true
"RCP_008058","SHP_008103","PO_003626","FL_0012","FL","2024-04-10",161,0,"COMPLETE",1,true
"RCP_008059","SHP_008196","PO_006695","UO_0007","UO","2024-04-10",35,0,"COMPLETE",0,true
"RCP_008060","SHP_008043","PO_007703","FL_0003","FL","2024-04-10",38,0,"COMPLETE",2,true
"RCP_008061","SHP_007963","PO_007242","BP_0006","BP","2024-04-10",53,0,"COMPLETE",3,true
"RCP_008062","SHP_008125","PO_006002","UO_0013","UO","2024-04-10",122,5,"COMPLETE",1,true
"RCP_008063","SHP_007983","PO_010125","FL_0017","FL","2024-04-10",72,0,"COMPLETE",7,true
"RCP_008064","SHP_008024","PO_003100","BP_0008","BP","2024-04-10",78,0,"PARTIAL",2,true
"RCP_008065","SHP_008183","PO_005844","BP_0013","BP","2024-04-10",96,0,"COMPLETE",-1,true
"RCP_008066","SHP_007994","PO_008998","UO_0017","UO","2024-04-11",62,0,"COMPLETE",7,true
"RCP_008067","SHP_008098","PO_009733","BP_0018","BP","2024-04-11",70,0,"COMPLETE",4,true
"RCP_008068","SHP_008136","PO_002886","UO_0018","UO","2024-04-11",67,0,"COMPLETE",1,true
"RCP_008069","SHP_008148","PO_009797","FL_0003","FL","2024-04-11",70,0,"COMPLETE",-1,true
"RCP_008070","SHP_008114","PO_005756","FL_0012","FL","2024-04-11",124,0,"COMPLETE",1,true
"RCP_008071","SHP_008108","PO_006116","FL_0016","FL","2024-04-11",99,0,"COMPLETE",2,true
"RCP_008072","SHP_007913","PO_002635","BP_0013","BP","2024-04-11",30,0,"COMPLETE",11,true
"RCP_008073","SHP_008146","PO_009270","BP_0010","BP","2024-04-11",181,0,"COMPLETE",0,true
"RCP_008074","SHP_008093","PO_006092","UO_0007","UO","2024-04-11",30,0,"COMPLETE",5,true
"RCP_008075","SHP_008110","PO_008759","BP_0012","BP","2024-04-12",55,0,"PARTIAL",3,true
"RCP_008076","SHP_008144","PO_008821","BP_0010","BP","2024-04-12",173,0,"COMPLETE",1,true
"RCP_008077","SHP_008017","PO_007895","FL_0018","FL","2024-04-12",84,0,"COMPLETE",6,true
"RCP_008078","SHP_008145","PO_008990","BP_0016","BP","2024-04-12",93,0,"COMPLETE",1,true
"RCP_008079","SHP_008021","PO_009280","FL_0018","FL","2024-04-12",82,0,"COMPLETE",5,true
"RCP_008080","SHP_008118","PO_009344","FL_0002","FL","2024-04-12",22,0,"COMPLETE",2,true
"RCP_008081","SHP_007936","PO_010203","UO_0009","UO","2024-04-12",73,0,"PARTIAL",12,true
"RCP_008082","SHP_008076","PO_007743","FL_0004","FL","2024-04-12",42,0,"COMPLETE",0,true
"RCP_008083","SHP_008152","PO_001553","FL_0001","FL","2024-04-12",90,0,"COMPLETE",-1,true
"RCP_008084","SHP_008033","PO_001635","FL_0002","FL","2024-04-12",142,0,"PARTIAL",4,true
"RCP_008085","SHP_007985","PO_002583","FL_0005","FL","2024-04-12",80,0,"COMPLETE",8,true
"RCP_008086","SHP_007924","PO_005755","FL_0012","FL","2024-04-12",101,4,"PARTIAL",12,true
"RCP_008087","SHP_008055","PO_008805","FL_0002","FL","2024-04-13",86,0,"PARTIAL",3,true
"RCP_008088","SHP_008156","PO_005508","UO_0017","UO","2024-04-13",151,0,"COMPLETE",2,true
"RCP_008089","SHP_008023","PO_002165","FL_0002","FL","2024-04-13",92,0,"PARTIAL",6,true
"RCP_008090","SHP_008166","PO_002945","BP_0010","BP","2024-04-13",181,0,"COMPLETE",0,true
"RCP_008091","SHP_008128","PO_007570","FL_0009","FL","2024-04-13",120,0,"PARTIAL",2,true
"RCP_008092","SHP_008009","PO_010164","BP_0003","BP","2024-04-13",156,0,"COMPLETE",3,true
"RCP_008093","SHP_008039","PO_003850","BP_0009","BP","2024-04-13",56,0,"COMPLETE",0,true
"RCP_008094","SHP_008081","PO_009769","FL_0009","FL","2024-04-13",47,0,"COMPLETE",1,true
"RCP_008095","SHP_008197","PO_007108","BP_0004","BP","2024-04-13",141,0,"COMPLETE",1,true
"RCP_008096","SHP_007962","PO_006904","BP_0017","BP","2024-04-13",105,0,"PARTIAL",10,true
"RCP_008097","SHP_008057","PO_003345","FL_0012","FL","2024-04-13",67,0,"COMPLETE",3,true
"RCP_008098","SHP_008220","PO_006990","BP_0001","BP","2024-04-13",134,0,"COMPLETE",-1,true
"RCP_008099","SHP_008082","PO_010178","UO_0003","UO","2024-04-13",120,0,"PARTIAL",2,true
"RCP_008100","SHP_008029","PO_007015","BP_0001","BP","2024-04-13",145,0,"PARTIAL",5,true
"RCP_008101","SHP_008079","PO_009469","FL_0004","FL","2024-04-13",74,0,"PARTIAL",1,true
"RCP_008102","SHP_008214","PO_000029","BP_0015","BP","2024-04-14",120,0,"COMPLETE",0,true
"RCP_008103","SHP_008141","PO_008439","BP_0008","BP","2024-04-14",105,1,"COMPLETE",3,true
"RCP_008104","SHP_008142","PO_008473","FL_0013","FL","2024-04-14",154,0,"COMPLETE",2,true
"RCP_008105","SHP_008155","PO_005014","BP_0008","BP","2024-04-14",58,0,"COMPLETE",2,true
"RCP_008106","SHP_008235","PO_008559","UO_0009","UO","2024-04-14",179,0,"COMPLETE",1,true
"RCP_008107","SHP_008233","PO_004281","BP_0015","BP","2024-04-14",147,0,"COMPLETE",-1,true
"RCP_008108","SHP_007980","PO_006446","FL_0012","FL","2024-04-14",26,0,"PARTIAL",11,true
"RCP_008109","SHP_008167","PO_004436","UO_0015","UO","2024-04-14",49,0,"COMPLETE",2,true
"RCP_008110","SHP_008086","PO_002158","FL_0019","FL","2024-04-14",128,0,"COMPLETE",1,true
"RCP_008111","SHP_008187","PO_008198","BP_0001","BP","2024-04-14",190,0,"COMPLETE",-1,true
"RCP_008112","SHP_008189","PO_009354","BP_0013","BP","2024-04-14",176,0,"COMPLETE",0,true
"RCP_008113","SHP_008163","PO_009973","FL_0010","FL","2024-04-14",14,0,"COMPLETE",1,true
"RCP_008114","SHP_008121","PO_002458","BP_0014","BP","2024-04-14",65,0,"COMPLETE",3,true
"RCP_008115","SHP_008204","PO_003080","BP_0018","BP","2024-04-14",33,0,"PARTIAL",1,true
"RCP_008116","SHP_008115","PO_006355","FL_0001","FL","2024-04-14",69,0,"COMPLETE",0,true
"RCP_008117","SHP_008037","PO_003703","BP_0014","BP","2024-04-14",149,0,"COMPLETE",1,true
"RCP_008118","SHP_008185","PO_007064","FL_0019","FL","2024-04-14",44,0,"COMPLETE",-1,true
"RCP_008119","SHP_008216","PO_002127","BP_0009","BP","2024-04-14",75,0,"COMPLETE",0,true
"RCP_008120","SHP_008173","PO_009772","UO_0009","UO","2024-04-14",189,0,"COMPLETE",2,true
"RCP_008121","SHP_008170","PO_005734","FL_0009","FL","2024-04-14",57,0,"COMPLETE",0,true
"RCP_008122","SHP_008175","PO_000513","BP_0018","BP","2024-04-15",109,0,"PARTIAL",0,true
"RCP_008123","SHP_008132","PO_008402","UO_0020","UO","2024-04-15",145,0,"COMPLETE",2,true
"RCP_008124","SHP_008278","PO_008502","UO_0019","UO","2024-04-15",135,4,"COMPLETE",-1,true
"RCP_008125","SHP_008188","PO_008582","FL_0005","FL","2024-04-15",49,0,"COMPLETE",0,true
"RCP_008126","SHP_008207","PO_004044","BP_0008","BP","2024-04-15",105,0,"COMPLETE",-1,true
"RCP_008127","SHP_008193","PO_004145","BP_0012","BP","2024-04-15",105,0,"COMPLETE",-1,true
"RCP_008128","SHP_008087","PO_002264","FL_0003","FL","2024-04-15",114,0,"COMPLETE",3,true
"RCP_008129","SHP_008149","PO_009969","BP_0016","BP","2024-04-15",88,0,"COMPLETE",4,true
"RCP_008130","SHP_008176","PO_000934","FL_0005","FL","2024-04-15",31,0,"COMPLETE",0,true
"RCP_008131","SHP_008122","PO_003613","FL_0019","FL","2024-04-15",20,0,"COMPLETE",0,true
"RCP_008132","SHP_008162","PO_008495","BP_0013","BP","2024-04-15",135,0,"PARTIAL",3,true
"RCP_008133","SHP_007986","PO_002865","BP_0017","BP","2024-04-15",28,0,"PARTIAL",10,true
"RCP_008134","SHP_008080","PO_009709","BP_0009","BP","2024-04-15",183,0,"COMPLETE",-1,true
"RCP_008135","SHP_008065","PO_006523","UO_0009","UO","2024-04-15",104,0,"COMPLETE",5,true
"RCP_008136","SHP_008174","PO_000443","FL_0004","FL","2024-04-16",162,0,"COMPLETE",1,true
"RCP_008137","SHP_008084","PO_000459","UO_0008","UO","2024-04-16",129,0,"PARTIAL",4,true
"RCP_008138","SHP_008246","PO_005465","BP_0012","BP","2024-04-16",68,0,"COMPLETE",0,true
"RCP_008139","SHP_008249","PO_008040","BP_0007","BP","2024-04-16",118,0,"COMPLETE",0,true
"RCP_008140","SHP_008069","PO_008961","FL_0008","FL","2024-04-16",161,0,"PARTIAL",5,true
"RCP_008141","SHP_008018","PO_008272","UO_0006","UO","2024-04-16",67,0,"COMPLETE",10,true
"RCP_008142","SHP_008213","PO_009684","BP_0017","BP","2024-04-16",104,0,"COMPLETE",-1,true
"RCP_008143","SHP_008292","PO_007024","UO_0017","UO","2024-04-16",71,0,"COMPLETE",-1,true
"RCP_008144","SHP_008007","PO_007663","BP_0005","BP","2024-04-16",111,0,"COMPLETE",10,true
"RCP_008145","SHP_008129","PO_007592","FL_0013","FL","2024-04-16",116,0,"COMPLETE",0,true
"RCP_008146","SHP_008252","PO_002080","BP_0003","BP","2024-04-16",91,0,"COMPLETE",-1,true
"RCP_008147","SHP_007987","PO_003103","FL_0011","FL","2024-04-16",86,0,"COMPLETE",12,true
"RCP_008148","SHP_008099","PO_000409","FL_0012","FL","2024-04-17",91,0,"COMPLETE",3,true
"RCP_008149","SHP_008209","PO_005635","UO_0001","UO","2024-04-17",24,0,"COMPLETE",2,true
"RCP_008150","SHP_008138","PO_004425","BP_0016","BP","2024-04-17",56,0,"COMPLETE",5,true
"RCP_008151","SHP_008223","PO_007764","FL_0005","FL","2024-04-17",61,0,"COMPLETE",-1,true
"RCP_008152","SHP_008101","PO_002943","FL_0007","FL","2024-04-17",56,0,"COMPLETE",4,true
"RCP_008153","SHP_008268","PO_001990","UO_0004","UO","2024-04-17",153,0,"COMPLETE",1,true
"RCP_008154","SHP_008160","PO_007446","FL_0012","FL","2024-04-17",174,0,"COMPLETE",0,true
"RCP_008155","SHP_008234","PO_007477","BP_0008","BP","2024-04-17",59,0,"COMPLETE",-1,true
"RCP_008156","SHP_008241","PO_000610","UO_0017","UO","2024-04-17",181,0,"COMPLETE",-1,true
"RCP_008157","SHP_008137","PO_003196","FL_0007","FL","2024-04-17",111,0,"PARTIAL",1,true
"RCP_008158","SHP_008180","PO_003090","FL_0011","FL","2024-04-17",116,0,"COMPLETE",2,true
"RCP_008159","SHP_008154","PO_004501","UO_0012","UO","2024-04-17",33,0,"COMPLETE",0,true
"RCP_008160","SHP_008036","PO_002497","BP_0010","BP","2024-04-17",41,0,"COMPLETE",4,true
"RCP_008161","SHP_008191","PO_000477","BP_0020","BP","2024-04-18",17,0,"PARTIAL",2,true
"RCP_008162","SHP_008012","PO_004052","FL_0019","FL","2024-04-18",169,0,"COMPLETE",12,true
"RCP_008163","SHP_008247","PO_005562","UO_0005","UO","2024-04-18",197,0,"COMPLETE",0,true
"RCP_008164","SHP_008237","PO_009041","BP_0019","BP","2024-04-18",45,0,"COMPLETE",0,true
"RCP_008165","SHP_008153","PO_001658","BP_0001","BP","2024-04-18",114,0,"COMPLETE",0,true
"RCP_008166","SHP_008293","PO_007182","UO_0013","UO","2024-04-18",129,0,"COMPLETE",1,true
"RCP_008167","SHP_008100","PO_000954","BP_0003","BP","2024-04-18",48,0,"COMPLETE",0,true
"RCP_008168","SHP_008229","PO_009423","UO_0008","UO","2024-04-18",139,0,"COMPLETE",2,true
"RCP_008169","SHP_008127","PO_007465","FL_0016","FL","2024-04-18",66,3,"COMPLETE",2,true
"RCP_008170","SHP_008035","PO_002224","BP_0015","BP","2024-04-18",134,0,"COMPLETE",9,true
"RCP_008171","SHP_008232","PO_002227","UO_0010","UO","2024-04-18",37,0,"COMPLETE",1,true
"RCP_008172","SHP_008299","PO_000129","UO_0015","UO","2024-04-19",186,0,"COMPLETE",1,true
"RCP_008173","SHP_008070","PO_000139","FL_0014","FL","2024-04-19",131,0,"COMPLETE",8,true
"RCP_008174","SHP_008225","PO_008359","FL_0020","FL","2024-04-19",28,0,"COMPLETE",1,true
"RCP_008175","SHP_008158","PO_006491","FL_0001","FL","2024-04-19",58,0,"PARTIAL",1,true
"RCP_008176","SHP_008088","PO_002291","BP_0020","BP","2024-04-19",171,0,"COMPLETE",2,true
"RCP_008177","SHP_008240","PO_010120","UO_0006","UO","2024-04-19",144,0,"PARTIAL",2,true
"RCP_008178","SHP_008042","PO_007490","FL_0003","FL","2024-04-19",109,0,"PARTIAL",11,true
"RCP_008179","SHP_008140","PO_006946","FL_0017","FL","2024-04-19",148,0,"COMPLETE",3,true
"RCP_008180","SHP_008104","PO_003644","FL_0020","FL","2024-04-19",105,0,"COMPLETE",5,true
"RCP_008181","SHP_008200","PO_009740","UO_0006","UO","2024-04-19",138,0,"COMPLETE",5,true
"RCP_008182","SHP_008283","PO_003347","BP_0009","BP","2024-04-19",44,0,"COMPLETE",0,true
"RCP_008183","SHP_008112","PO_000406","FL_0020","FL","2024-04-20",88,0,"PARTIAL",6,true
"RCP_008184","SHP_008143","PO_008813","BP_0017","BP","2024-04-20",108,0,"COMPLETE",3,true
"RCP_008185","SHP_008224","PO_008048","FL_0011","FL","2024-04-20",69,0,"COMPLETE",2,true
"RCP_008186","SHP_008212","PO_009023","BP_0013","BP","2024-04-20",77,0,"COMPLETE",3,true
"RCP_008187","SHP_008243","PO_003840","FL_0004","FL","2024-04-20",138,0,"COMPLETE",0,true
"RCP_008188","SHP_008262","PO_006639","FL_0016","FL","2024-04-20",123,0,"COMPLETE",-1,true
"RCP_008189","SHP_008179","PO_002630","UO_0006","UO","2024-04-20",180,0,"COMPLETE",3,true
"RCP_008190","SHP_008126","PO_006545","UO_0015","UO","2024-04-20",122,0,"COMPLETE",5,true
"RCP_008191","SHP_008117","PO_007530","FL_0001","FL","2024-04-20",66,0,"COMPLETE",5,true
"RCP_008192","SHP_008147","PO_009578","BP_0005","BP","2024-04-20",60,0,"COMPLETE",-1,true
"RCP_008193","SHP_008168","PO_004857","FL_0005","FL","2024-04-21",190,0,"COMPLETE",2,true
"RCP_008194","SHP_008257","PO_003945","BP_0001","BP","2024-04-21",84,0,"COMPLETE",1,true
"RCP_008195","SHP_008352","PO_005436","UO_0020","UO","2024-04-21",169,0,"COMPLETE",-1,true
"RCP_008196","SHP_008286","PO_004354","BP_0020","BP","2024-04-21",95,0,"COMPLETE",2,true
"RCP_008197","SHP_008171","PO_007723","UO_0012","UO","2024-04-21",48,0,"COMPLETE",5,true
"RCP_008198","SHP_008048","PO_002288","BP_0007","BP","2024-04-21",118,0,"COMPLETE",11,true
"RCP_008199","SHP_008305","PO_002123","BP_0019","BP","2024-04-21",193,0,"COMPLETE",1,true
"RCP_008200","SHP_008267","PO_001461","FL_0009","FL","2024-04-21",27,0,"COMPLETE",-1,true
"RCP_008201","SHP_008272","PO_002733","BP_0010","BP","2024-04-21",186,0,"PARTIAL",-1,true
"RCP_008202","SHP_008270","PO_002643","BP_0001","BP","2024-04-21",95,0,"COMPLETE",0,true
"RCP_008203","SHP_008184","PO_006691","FL_0016","FL","2024-04-21",130,0,"COMPLETE",2,true
"RCP_008204","SHP_008248","PO_006931","UO_0008","UO","2024-04-21",27,0,"COMPLETE",3,true
"RCP_008205","SHP_008120","PO_001690","BP_0015","BP","2024-04-21",133,0,"COMPLETE",5,true
"RCP_008206","SHP_008198","PO_007549","BP_0002","BP","2024-04-21",46,0,"COMPLETE",5,true
"RCP_008207","SHP_008116","PO_007474","FL_0005","FL","2024-04-21",97,0,"COMPLETE",7,true
"RCP_008208","SHP_008071","PO_002139","BP_0018","BP","2024-04-21",65,0,"COMPLETE",5,true
"RCP_008209","SHP_008205","PO_003525","BP_0012","BP","2024-04-21",87,0,"COMPLETE",5,true
"RCP_008210","SHP_008105","PO_004967","BP_0001","BP","2024-04-22",190,0,"COMPLETE",8,true
"RCP_008211","SHP_008208","PO_004477","BP_0018","BP","2024-04-22",105,0,"PARTIAL",0,true
"RCP_008212","SHP_008228","PO_009226","FL_0010","FL","2024-04-22",186,0,"COMPLETE",-1,true
"RCP_008213","SHP_008134","PO_009571","FL_0002","FL","2024-04-22",151,0,"COMPLETE",7,true
"RCP_008214","SHP_008348","PO_007517","BP_0020","BP","2024-04-22",123,0,"COMPLETE",-1,true
"RCP_008215","SHP_008161","PO_007628","BP_0013","BP","2024-04-22",144,0,"COMPLETE",4,true
"RCP_008216","SHP_008094","PO_006197","FL_0005","FL","2024-04-22",30,0,"COMPLETE",10,true
"RCP_008217","SHP_008279","PO_009098","BP_0003","BP","2024-04-22",66,0,"COMPLETE",0,true
"RCP_008218","SHP_008190","PO_009376","UO_0016","UO","2024-04-22",98,0,"COMPLETE",5,true
"RCP_008219","SHP_008256","PO_003514","UO_0013","UO","2024-04-22",130,0,"COMPLETE",3,true
"RCP_008220","SHP_008151","PO_000874","FL_0013","FL","2024-04-22",124,0,"COMPLETE",4,true
"RCP_008221","SHP_008165","PO_002881","FL_0010","FL","2024-04-22",90,0,"PARTIAL",4,true
"RCP_008222","SHP_008157","PO_005748","BP_0010","BP","2024-04-22",109,0,"PARTIAL",4,true
"RCP_008223","SHP_008244","PO_004262","FL_0006","FL","2024-04-22",49,0,"COMPLETE",2,true
"RCP_008224","SHP_008135","PO_001757","FL_0007","FL","2024-04-22",62,0,"PARTIAL",5,true
"RCP_008225","SHP_008315","PO_007268","BP_0015","BP","2024-04-22",138,0,"COMPLETE",2,true
"RCP_008226","SHP_008226","PO_008476","FL_0008","FL","2024-04-23",57,0,"COMPLETE",0,true
"RCP_008227","SHP_008123","PO_003914","BP_0005","BP","2024-04-23",171,0,"COMPLETE",3,true
"RCP_008228","SHP_008195","PO_005039","FL_0007","FL","2024-04-23",46,0,"PARTIAL",2,true
"RCP_008229","SHP_008109","PO_008573","FL_0006","FL","2024-04-23",27,0,"PARTIAL",10,true
"RCP_008230","SHP_008250","PO_008828","BP_0019","BP","2024-04-23",169,0,"PARTIAL",4,true
"RCP_008231","SHP_008273","PO_004341","FL_0012","FL","2024-04-23",200,0,"COMPLETE",1,true
"RCP_008232","SHP_008258","PO_004454","FL_0013","FL","2024-04-23",179,0,"COMPLETE",2,true
"RCP_008233","SHP_008131","PO_008247","FL_0012","FL","2024-04-23",182,0,"COMPLETE",8,true
"RCP_008234","SHP_008239","PO_009763","UO_0020","UO","2024-04-23",49,0,"PARTIAL",2,true
"RCP_008235","SHP_008150","PO_010070","BP_0019","BP","2024-04-23",17,0,"PARTIAL",6,true
"RCP_008236","SHP_008311","PO_006356","BP_0019","BP","2024-04-23",24,0,"COMPLETE",0,true
"RCP_008237","SHP_008217","PO_003400","FL_0003","FL","2024-04-23",78,0,"COMPLETE",0,true
"RCP_008238","SHP_008058","PO_003505","BP_0013","BP","2024-04-23",16,0,"COMPLETE",12,true
"RCP_008239","SHP_008159","PO_006959","BP_0012","BP","2024-04-23",185,0,"COMPLETE",1,true
"RCP_008240","SHP_008230","PO_010006","FL_0012","FL","2024-04-23",118,0,"COMPLETE",0,true
"RCP_008241","SHP_008276","PO_006277","FL_0010","FL","2024-04-23",121,0,"COMPLETE",1,true
"RCP_008242","SHP_008107","PO_005994","FL_0004","FL","2024-04-23",54,0,"PARTIAL",10,true
"RCP_008243","SHP_008274","PO_004845","FL_0003","FL","2024-04-24",156,0,"COMPLETE",2,true
"RCP_008244","SHP_008260","PO_005081","UO_0009","UO","2024-04-24",79,0,"PARTIAL",5,true
"RCP_008245","SHP_008369","PO_005168","BP_0004","BP","2024-04-24",190,0,"COMPLETE",-1,true
"RCP_008246","SHP_008285","PO_004217","FL_0011","FL","2024-04-24",135,0,"COMPLETE",1,true
"RCP_008247","SHP_008211","PO_009001","FL_0014","FL","2024-04-24",99,4,"COMPLETE",3,true
"RCP_008248","SHP_008280","PO_009257","FL_0004","FL","2024-04-24",86,0,"COMPLETE",2,true
"RCP_008249","SHP_008202","PO_003025","UO_0006","UO","2024-04-24",161,0,"COMPLETE",3,true
"RCP_008250","SHP_008139","PO_006222","FL_0014","FL","2024-04-24",56,0,"PARTIAL",8,true
"RCP_008251","SHP_008206","PO_003706","FL_0012","FL","2024-04-24",82,0,"PARTIAL",2,true
"RCP_008252","SHP_008177","PO_001380","FL_0009","FL","2024-04-24",18,0,"COMPLETE",5,true
"RCP_008253","SHP_008178","PO_001627","FL_0012","FL","2024-04-24",103,0,"COMPLETE",4,true
"RCP_008254","SHP_008236","PO_008837","BP_0018","BP","2024-04-24",81,0,"COMPLETE",5,true
"RCP_008255","SHP_008332","PO_005239","BP_0005","BP","2024-04-24",156,0,"COMPLETE",-1,true
"RCP_008256","SHP_008075","PO_006663","BP_0013","BP","2024-04-24",180,0,"COMPLETE",12,true
"RCP_008257","SHP_008251","PO_001185","BP_0018","BP","2024-04-24",127,0,"COMPLETE",4,true
"RCP_008258","SHP_008324","PO_009662","BP_0014","BP","2024-04-24",22,0,"COMPLETE",-1,true
"RCP_008259","SHP_008124","PO_004702","FL_0012","FL","2024-04-24",81,0,"COMPLETE",9,true
"RCP_008260","SHP_008300","PO_000208","UO_0017","UO","2024-04-25",148,8,"PARTIAL",3,true
"RCP_008261","SHP_008215","PO_000356","FL_0019","FL","2024-04-25",168,0,"PARTIAL",2,true
"RCP_008262","SHP_008181","PO_004962","FL_0012","FL","2024-04-25",130,0,"PARTIAL",5,true
"RCP_008263","SHP_008288","PO_005370","UO_0014","UO","2024-04-25",63,0,"COMPLETE",4,true
"RCP_008264","SHP_008344","PO_005446","UO_0018","UO","2024-04-25",120,0,"COMPLETE",0,true
"RCP_008265","SHP_008289","PO_005591","UO_0006","UO","2024-04-25",111,0,"PARTIAL",4,true
"RCP_008266","SHP_008238","PO_009210","FL_0012","FL","2024-04-25",37,1,"COMPLETE",1,true
"RCP_008267","SHP_008349","PO_001121","BP_0007","BP","2024-04-25",126,0,"COMPLETE",1,true
"RCP_008268","SHP_008327","PO_001334","FL_0013","FL","2024-04-25",184,0,"COMPLETE",-1,true
"RCP_008269","SHP_008242","PO_002762","FL_0007","FL","2024-04-25",165,0,"PARTIAL",1,true
"RCP_008270","SHP_008253","PO_002183","FL_0016","FL","2024-04-25",50,0,"PARTIAL",0,true
"RCP_008271","SHP_008130","PO_008224","UO_0005","UO","2024-04-25",72,0,"COMPLETE",10,true
"RCP_008272","SHP_008164","PO_001723","BP_0019","BP","2024-04-25",36,0,"COMPLETE",6,true
"RCP_008273","SHP_008335","PO_009657","FL_0016","FL","2024-04-25",64,0,"COMPLETE",-1,true
"RCP_008274","SHP_008320","PO_002920","BP_0007","BP","2024-04-25",28,0,"PARTIAL",0,true
"RCP_008275","SHP_008337","PO_000273","UO_0006","UO","2024-04-26",117,0,"COMPLETE",1,true
"RCP_008276","SHP_008259","PO_004578","FL_0011","FL","2024-04-26",129,0,"COMPLETE",0,true
"RCP_008277","SHP_008194","PO_004978","FL_0011","FL","2024-04-26",26,0,"PARTIAL",6,true
"RCP_008278","SHP_008308","PO_004149","BP_0013","BP","2024-04-26",127,0,"COMPLETE",3,true
"RCP_008279","SHP_008169","PO_005560","BP_0015","BP","2024-04-26",116,0,"COMPLETE",3,true
"RCP_008280","SHP_008353","PO_005592","BP_0013","BP","2024-04-26",83,0,"COMPLETE",2,true
"RCP_008281","SHP_008221","PO_007010","FL_0014","FL","2024-04-26",43,0,"PARTIAL",4,true
"RCP_008282","SHP_008304","PO_001346","BP_0016","BP","2024-04-26",48,0,"COMPLETE",2,true
"RCP_008283","SHP_008316","PO_009719","FL_0013","FL","2024-04-26",160,0,"COMPLETE",2,true
"RCP_008284","SHP_008339","PO_001908","FL_0011","FL","2024-04-26",200,0,"COMPLETE",-1,true
"RCP_008285","SHP_008287","PO_004611","BP_0005","BP","2024-04-27",132,0,"COMPLETE",4,true
"RCP_008286","SHP_008331","PO_005192","BP_0019","BP","2024-04-27",120,0,"PARTIAL",2,true
"RCP_008287","SHP_008397","PO_002716","BP_0003","BP","2024-04-27",173,0,"COMPLETE",-1,true
"RCP_008288","SHP_008295","PO_007494","FL_0002","FL","2024-04-27",155,0,"COMPLETE",0,true
"RCP_008289","SHP_008380","PO_005728","BP_0002","BP","2024-04-27",114,0,"COMPLETE",1,true
"RCP_008290","SHP_008340","PO_002837","FL_0001","FL","2024-04-27",170,0,"COMPLETE",0,true
"RCP_008291","SHP_008333","PO_009305","FL_0007","FL","2024-04-27",139,0,"COMPLETE",1,true
"RCP_008292","SHP_008368","PO_005034","FL_0006","FL","2024-04-28",168,0,"COMPLETE",-1,true
"RCP_008293","SHP_008351","PO_005043","BP_0009","BP","2024-04-28",100,0,"COMPLETE",1,true
"RCP_008294","SHP_008219","PO_006419","BP_0002","BP","2024-04-28",108,0,"PARTIAL",1,true
"RCP_008295","SHP_008186","PO_007816","FL_0003","FL","2024-04-28",191,0,"COMPLETE",9,true
"RCP_008296","SHP_008203","PO_003030","FL_0006","FL","2024-04-28",15,0,"COMPLETE",7,true
"RCP_008297","SHP_008329","PO_003383","FL_0006","FL","2024-04-28",22,1,"COMPLETE",2,true
"RCP_008298","SHP_008312","PO_006534","UO_0016","UO","2024-04-28",43,0,"COMPLETE",2,true
"RCP_008299","SHP_008291","PO_006276","BP_0012","BP","2024-04-28",106,0,"PARTIAL",5,true
"RCP_008300","SHP_008370","PO_007144","BP_0018","BP","2024-04-28",89,0,"COMPLETE",-1,true
"RCP_008301","SHP_008271","PO_002702","FL_0004","FL","2024-04-28",110,0,"COMPLETE",1,true
"RCP_008302","SHP_008309","PO_004593","FL_0002","FL","2024-04-29",150,0,"COMPLETE",0,true
"RCP_008303","SHP_008261","PO_005243","BP_0014","BP","2024-04-29",65,0,"COMPLETE",-1,true
"RCP_008304","SHP_008245","PO_004904","FL_0003","FL","2024-04-29",68,0,"COMPLETE",4,true
"RCP_008305","SHP_008416","PO_008317","BP_0018","BP","2024-04-29",159,0,"COMPLETE",0,true
"RCP_008306","SHP_008266","PO_008343","FL_0020","FL","2024-04-29",38,0,"COMPLETE",3,true
"RCP_008307","SHP_008367","PO_004214","FL_0012","FL","2024-04-29",128,0,"COMPLETE",0,true
"RCP_008308","SHP_008408","PO_009785","UO_0012","UO","2024-04-29",12,0,"COMPLETE",-1,true
"RCP_008309","SHP_008218","PO_005970","FL_0017","FL","2024-04-29",29,0,"PARTIAL",7,true
"RCP_008310","SHP_008375","PO_003123","BP_0003","BP","2024-04-29",176,0,"COMPLETE",-1,true
"RCP_008311","SHP_008265","PO_007934","BP_0009","BP","2024-04-29",141,0,"PARTIAL",3,true
"RCP_008312","SHP_008409","PO_010065","BP_0005","BP","2024-04-29",146,0,"PARTIAL",1,true
"RCP_008313","SHP_008314","PO_007038","FL_0010","FL","2024-04-29",45,0,"PARTIAL",1,true
"RCP_008314","SHP_008210","PO_007408","BP_0003","BP","2024-04-29",149,0,"COMPLETE",7,true
"RCP_008315","SHP_008298","PO_000115","FL_0014","FL","2024-04-30",37,0,"COMPLETE",2,true
"RCP_008316","SHP_008437","PO_004640","BP_0013","BP","2024-04-30",56,0,"COMPLETE",-1,true
"RCP_008317","SHP_008296","PO_008558","FL_0005","FL","2024-04-30",119,0,"COMPLETE",2,true
"RCP_008318","SHP_008379","PO_004306","BP_0019","BP","2024-04-30",158,0,"COMPLETE",1,true
"RCP_008319","SHP_008363","PO_002994","FL_0018","FL","2024-04-30",192,0,"COMPLETE",1,true
"RCP_008320","SHP_008377","PO_003215","FL_0019","FL","2024-04-30",80,0,"COMPLETE",0,true
"RCP_008321","SHP_008468","PO_001453","UO_0004","UO","2024-04-30",189,0,"COMPLETE",-1,true
"RCP_008322","SHP_008301","PO_000557","FL_0006","FL","2024-04-30",153,0,"COMPLETE",1,true
"RCP_008323","SHP_008374","PO_002027","FL_0011","FL","2024-04-30",100,0,"COMPLETE",0,true
"RCP_008324","SHP_008355","PO_005760","FL_0017","FL","2024-04-30",200,0,"COMPLETE",2,true
"RCP_008325","SHP_008201","PO_002858","FL_0009","FL","2024-04-30",31,0,"COMPLETE",9,true
"RCP_008326","SHP_008365","PO_003776","FL_0017","FL","2024-04-30",121,0,"COMPLETE",1,true
"RCP_008327","SHP_008354","PO_005671","FL_0003","FL","2024-04-30",30,0,"COMPLETE",2,true
"RCP_008328","SHP_008182","PO_005180","FL_0003","FL","2024-05-01",19,0,"COMPLETE",12,true
"RCP_008329","SHP_008275","PO_005484","UO_0005","UO","2024-05-01",101,0,"COMPLETE",5,true
"RCP_008330","SHP_008281","PO_002240","FL_0016","FL","2024-05-01",60,0,"PARTIAL",4,true
"RCP_008331","SHP_008199","PO_009389","FL_0007","FL","2024-05-01",23,0,"COMPLETE",11,true
"RCP_008332","SHP_008393","PO_010052","UO_0002","UO","2024-05-01",152,0,"COMPLETE",2,true
"RCP_008333","SHP_008341","PO_003106","BP_0009","BP","2024-05-01",133,0,"COMPLETE",5,true
"RCP_008334","SHP_008396","PO_000829","FL_0009","FL","2024-05-01",136,0,"COMPLETE",-1,true
"RCP_008335","SHP_008263","PO_006729","BP_0001","BP","2024-05-01",104,0,"PARTIAL",5,true
"RCP_008336","SHP_008488","PO_007282","UO_0009","UO","2024-05-01",198,0,"COMPLETE",-1,true
"RCP_008337","SHP_008302","PO_000928","BP_0012","BP","2024-05-01",75,0,"PARTIAL",2,true
"RCP_008338","SHP_008405","PO_006895","FL_0004","FL","2024-05-01",101,0,"COMPLETE",-1,true
"RCP_008339","SHP_008392","PO_009497","BP_0005","BP","2024-05-01",30,0,"COMPLETE",1,true
"RCP_008340","SHP_008322","PO_006786","UO_0007","UO","2024-05-01",35,0,"PARTIAL",4,true
"RCP_008341","SHP_008445","PO_008387","BP_0007","BP","2024-05-02",41,0,"COMPLETE",1,true
"RCP_008342","SHP_008307","PO_004144","BP_0004","BP","2024-05-02",70,0,"PARTIAL",-1,true
"RCP_008343","SHP_008323","PO_007998","FL_0017","FL","2024-05-02",139,0,"COMPLETE",2,true
"RCP_008344","SHP_008407","PO_008029","FL_0017","FL","2024-05-02",70,0,"COMPLETE",0,true
"RCP_008345","SHP_008398","PO_002928","BP_0020","BP","2024-05-02",141,0,"COMPLETE",1,true
"RCP_008346","SHP_008356","PO_006069","FL_0011","FL","2024-05-02",54,0,"COMPLETE",0,true
"RCP_008347","SHP_008192","PO_001545","BP_0012","BP","2024-05-02",88,0,"COMPLETE",11,true
"RCP_008348","SHP_008222","PO_007076","FL_0016","FL","2024-05-02",199,0,"COMPLETE",10,true
"RCP_008349","SHP_008424","PO_001363","UO_0003","UO","2024-05-02",47,0,"PARTIAL",0,true
"RCP_008350","SHP_008269","PO_002113","FL_0019","FL","2024-05-02",66,0,"PARTIAL",6,true
"RCP_008351","SHP_008388","PO_005570","FL_0009","FL","2024-05-02",80,0,"COMPLETE",1,true
"RCP_008352","SHP_008227","PO_008618","BP_0002","BP","2024-05-03",17,0,"COMPLETE",10,true
"RCP_008353","SHP_008428","PO_004125","UO_0004","UO","2024-05-03",180,0,"COMPLETE",1,true
"RCP_008354","SHP_008297","PO_009517","FL_0011","FL","2024-05-03",185,0,"COMPLETE",6,true
"RCP_008355","SHP_008385","PO_010187","BP_0001","BP","2024-05-03",99,0,"COMPLETE",4,true
"RCP_008356","SHP_008347","PO_007113","BP_0015","BP","2024-05-03",96,0,"COMPLETE",1,true
"RCP_008357","SHP_008480","PO_001218","UO_0005","UO","2024-05-03",196,0,"COMPLETE",1,true
"RCP_008358","SHP_008346","PO_006917","FL_0001","FL","2024-05-03",176,0,"COMPLETE",1,true
"RCP_008359","SHP_008231","PO_002023","FL_0001","FL","2024-05-03",32,0,"COMPLETE",10,true
"RCP_008360","SHP_008413","PO_007017","FL_0010","FL","2024-05-03",181,0,"COMPLETE",0,true
"RCP_008361","SHP_008386","PO_001600","UO_0002","UO","2024-05-03",45,0,"COMPLETE",4,true
"RCP_008362","SHP_008429","PO_004813","FL_0017","FL","2024-05-04",115,0,"COMPLETE",0,true
"RCP_008363","SHP_008412","PO_004910","FL_0009","FL","2024-05-04",77,0,"COMPLETE",1,true
"RCP_008364","SHP_008284","PO_003934","UO_0001","UO","2024-05-04",39,0,"COMPLETE",7,true
"RCP_008365","SHP_008432","PO_000604","FL_0002","FL","2024-05-04",58,0,"COMPLETE",-1,true
"RCP_008366","SHP_008411","PO_003446","UO_0008","UO","2024-05-04",95,0,"COMPLETE",3,true
"RCP_008367","SHP_008426","PO_001940","FL_0009","FL","2024-05-04",100,3,"COMPLETE",0,true
"RCP_008368","SHP_008487","PO_006842","UO_0016","UO","2024-05-04",96,0,"COMPLETE",2,true
"RCP_008369","SHP_008361","PO_002510","FL_0008","FL","2024-05-04",158,0,"COMPLETE",1,true
"RCP_008370","SHP_008338","PO_001812","FL_0011","FL","2024-05-04",41,0,"COMPLETE",2,true
"RCP_008371","SHP_008417","PO_008803","FL_0008","FL","2024-05-04",35,0,"COMPLETE",1,true
"RCP_008372","SHP_008402","PO_005643","FL_0003","FL","2024-05-04",143,0,"COMPLETE",2,true
"RCP_008373","SHP_008319","PO_000554","BP_0010","BP","2024-05-04",107,0,"COMPLETE",0,true
"RCP_008374","SHP_008294","PO_007250","FL_0018","FL","2024-05-04",43,0,"COMPLETE",7,true
"RCP_008375","SHP_008434","PO_000919","BP_0020","BP","2024-05-04",123,0,"COMPLETE",-1,true
"RCP_008376","SHP_008336","PO_000068","FL_0001","FL","2024-05-05",117,0,"COMPLETE",3,true
"RCP_008377","SHP_008330","PO_004304","BP_0001","BP","2024-05-05",174,0,"COMPLETE",0,true
"RCP_008378","SHP_008406","PO_007835","UO_0003","UO","2024-05-05",158,0,"COMPLETE",5,true
"RCP_008379","SHP_008476","PO_008994","UO_0009","UO","2024-05-05",31,0,"COMPLETE",0,true
"RCP_008380","SHP_008448","PO_001165","FL_0010","FL","2024-05-05",103,0,"COMPLETE",-1,true
"RCP_008381","SHP_008479","PO_009999","BP_0013","BP","2024-05-05",200,0,"COMPLETE",2,true
"RCP_008382","SHP_008317","PO_010101","BP_0013","BP","2024-05-05",18,0,"COMPLETE",2,true
"RCP_008383","SHP_008255","PO_003270","FL_0004","FL","2024-05-05",13,0,"PARTIAL",10,true
"RCP_008384","SHP_008328","PO_002104","FL_0012","FL","2024-05-05",114,0,"COMPLETE",4,true
"RCP_008385","SHP_008373","PO_001920","BP_0006","BP","2024-05-05",89,0,"COMPLETE",5,true
"RCP_008386","SHP_008510","PO_007195","UO_0005","UO","2024-05-05",159,0,"COMPLETE",1,true
"RCP_008387","SHP_008381","PO_006662","FL_0012","FL","2024-05-05",62,0,"PARTIAL",1,true
"RCP_008388","SHP_008325","PO_009861","FL_0007","FL","2024-05-05",198,0,"COMPLETE",5,true
"RCP_008389","SHP_008414","PO_007052","UO_0010","UO","2024-05-05",156,0,"COMPLETE",4,true
"RCP_008390","SHP_008460","PO_005814","FL_0013","FL","2024-05-05",177,0,"COMPLETE",-1,true
"RCP_008391","SHP_008421","PO_000193","FL_0003","FL","2024-05-06",51,0,"COMPLETE",2,true
"RCP_008392","SHP_008456","PO_004951","UO_0006","UO","2024-05-06",50,0,"COMPLETE",2,true
"RCP_008393","SHP_008400","PO_003906","FL_0013","FL","2024-05-06",23,0,"COMPLETE",-1,true
"RCP_008394","SHP_008453","PO_002416","FL_0020","FL","2024-05-06",127,0,"COMPLETE",0,true
"RCP_008395","SHP_008403","PO_005981","BP_0006","BP","2024-05-06",126,0,"PARTIAL",4,true
"RCP_008396","SHP_008435","PO_001838","FL_0020","FL","2024-05-06",19,0,"COMPLETE",1,true
"RCP_008397","SHP_008277","PO_006778","FL_0009","FL","2024-05-06",25,0,"PARTIAL",10,true
"RCP_008398","SHP_008382","PO_006727","FL_0012","FL","2024-05-06",20,0,"COMPLETE",1,true
"RCP_008399","SHP_008334","PO_009491","FL_0003","FL","2024-05-06",37,0,"PARTIAL",6,true
"RCP_008400","SHP_008401","PO_004471","FL_0014","FL","2024-05-06",16,0,"COMPLETE",-1,true
"RCP_008401","SHP_008342","PO_003851","BP_0006","BP","2024-05-06",54,0,"PARTIAL",4,true
"RCP_008402","SHP_008303","PO_001075","BP_0020","BP","2024-05-06",103,0,"COMPLETE",3,true
"RCP_008403","SHP_008441","PO_006125","FL_0004","FL","2024-05-06",88,0,"COMPLETE",1,true
"RCP_008404","SHP_008425","PO_001502","UO_0019","UO","2024-05-06",124,0,"PARTIAL",4,true
"RCP_008405","SHP_008364","PO_003228","BP_0009","BP","2024-05-06",64,0,"COMPLETE",2,true
"RCP_008406","SHP_008422","PO_000204","BP_0015","BP","2024-05-07",123,0,"COMPLETE",3,true
"RCP_008407","SHP_008529","PO_004773","BP_0005","BP","2024-05-07",54,0,"COMPLETE",0,true
"RCP_008408","SHP_008446","PO_008505","FL_0016","FL","2024-05-07",128,0,"PARTIAL",2,true
"RCP_008409","SHP_008484","PO_003890","BP_0018","BP","2024-05-07",109,0,"PARTIAL",-1,true
"RCP_008410","SHP_008458","PO_005550","BP_0020","BP","2024-05-07",110,0,"PARTIAL",1,true
"RCP_008411","SHP_008444","PO_008274","BP_0001","BP","2024-05-07",189,8,"COMPLETE",3,true
"RCP_008412","SHP_008321","PO_003651","BP_0009","BP","2024-05-07",89,0,"COMPLETE",7,true
"RCP_008413","SHP_008490","PO_009821","FL_0008","FL","2024-05-07",118,5,"COMPLETE",-1,true
"RCP_008414","SHP_008358","PO_009467","BP_0012","BP","2024-05-07",44,0,"COMPLETE",0,true
"RCP_008415","SHP_008359","PO_009908","FL_0013","FL","2024-05-07",36,0,"COMPLETE",4,true
"RCP_008416","SHP_008496","PO_005685","BP_0014","BP","2024-05-07",23,0,"COMPLETE",-1,true
"RCP_008417","SHP_008264","PO_006732","BP_0004","BP","2024-05-07",108,0,"COMPLETE",11,true
"RCP_008418","SHP_008524","PO_002923","BP_0017","BP","2024-05-07",147,0,"COMPLETE",0,true
"RCP_008419","SHP_008427","PO_003250","BP_0016","BP","2024-05-07",81,0,"PARTIAL",3,true
"RCP_008420","SHP_008440","PO_005899","FL_0017","FL","2024-05-07",117,0,"PARTIAL",2,true
"RCP_008421","SHP_008383","PO_006975","BP_0014","BP","2024-05-07",158,0,"COMPLETE",2,true
"RCP_008422","SHP_008463","PO_006736","FL_0002","FL","2024-05-07",124,0,"COMPLETE",1,true
"RCP_008423","SHP_008461","PO_005845","UO_0012","UO","2024-05-07",74,0,"PARTIAL",3,true
"RCP_008424","SHP_008282","PO_002335","FL_0005","FL","2024-05-07",160,0,"COMPLETE",10,true
"RCP_008425","SHP_008254","PO_002722","FL_0004","FL","2024-05-07",117,0,"PARTIAL",12,true
"RCP_008426","SHP_008394","PO_000095","UO_0004","UO","2024-05-08",119,0,"PARTIAL",2,true
"RCP_008427","SHP_008420","PO_000140","BP_0008","BP","2024-05-08",146,0,"COMPLETE",4,true
"RCP_008428","SHP_008492","PO_000517","UO_0008","UO","2024-05-08",177,0,"PARTIAL",1,true
"RCP_008429","SHP_008508","PO_004862","BP_0003","BP","2024-05-08",59,0,"COMPLETE",2,true
"RCP_008430","SHP_008343","PO_004068","FL_0019","FL","2024-05-08",64,0,"COMPLETE",7,true
"RCP_008431","SHP_008489","PO_007956","FL_0019","FL","2024-05-08",67,0,"COMPLETE",0,true
"RCP_008432","SHP_008500","PO_008278","FL_0018","FL","2024-05-08",126,0,"COMPLETE",-1,true
"RCP_008433","SHP_008310","PO_005676","BP_0003","BP","2024-05-08",153,0,"COMPLETE",5,true
"RCP_008434","SHP_008473","PO_002860","FL_0011","FL","2024-05-08",170,0,"COMPLETE",1,true
"RCP_008435","SHP_008507","PO_004855","BP_0001","BP","2024-05-08",22,0,"COMPLETE",2,true
"RCP_008436","SHP_008459","PO_005666","FL_0018","FL","2024-05-08",136,0,"COMPLETE",2,true
"RCP_008437","SHP_008472","PO_002659","FL_0007","FL","2024-05-08",138,0,"COMPLETE",1,true
"RCP_008438","SHP_008366","PO_003854","FL_0019","FL","2024-05-08",36,0,"PARTIAL",5,true
"RCP_008439","SHP_008290","PO_005683","FL_0007","FL","2024-05-08",52,0,"PARTIAL",11,true
"RCP_008440","SHP_008410","PO_000206","FL_0012","FL","2024-05-09",37,0,"PARTIAL",2,true
"RCP_008441","SHP_008531","PO_004750","BP_0014","BP","2024-05-09",136,0,"COMPLETE",1,true
"RCP_008442","SHP_008442","PO_006488","FL_0014","FL","2024-05-09",115,0,"COMPLETE",0,true
"RCP_008443","SHP_008306","PO_003114","UO_0010","UO","2024-05-09",49,0,"COMPLETE",11,true
"RCP_008444","SHP_008550","PO_003467","BP_0012","BP","2024-05-09",129,0,"COMPLETE",0,true
"RCP_008445","SHP_008313","PO_006718","BP_0005","BP","2024-05-09",102,0,"PARTIAL",10,true
"RCP_008446","SHP_008378","PO_003636","FL_0019","FL","2024-05-09",48,0,"COMPLETE",5,true
"RCP_008447","SHP_008357","PO_006585","BP_0014","BP","2024-05-09",130,0,"PARTIAL",6,true
"RCP_008448","SHP_008471","PO_002625","FL_0004","FL","2024-05-09",90,0,"COMPLETE",2,true
"RCP_008449","SHP_008494","PO_005008","BP_0014","BP","2024-05-10",124,0,"PARTIAL",1,true
"RCP_008450","SHP_008438","PO_005111","BP_0019","BP","2024-05-10",122,0,"PARTIAL",5,true
"RCP_008451","SHP_008486","PO_006158","BP_0014","BP","2024-05-10",165,0,"COMPLETE",2,true
"RCP_008452","SHP_008526","PO_003253","BP_0001","BP","2024-05-10",24,0,"COMPLETE",0,true
"RCP_008453","SHP_008577","PO_001342","BP_0006","BP","2024-05-10",190,0,"COMPLETE",-1,true
"RCP_008454","SHP_008443","PO_007313","BP_0015","BP","2024-05-10",44,0,"COMPLETE",0,true
"RCP_008455","SHP_008520","PO_001283","FL_0019","FL","2024-05-10",137,0,"COMPLETE",-1,true
"RCP_008456","SHP_008501","PO_008698","UO_0010","UO","2024-05-10",133,0,"COMPLETE",3,true
"RCP_008457","SHP_008516","PO_008564","FL_0020","FL","2024-05-10",74,0,"COMPLETE",0,true
"RCP_008458","SHP_008478","PO_009867","UO_0018","UO","2024-05-10",126,0,"PARTIAL",5,true
"RCP_008459","SHP_008462","PO_006390","BP_0005","BP","2024-05-10",195,0,"COMPLETE",4,true
"RCP_008460","SHP_008517","PO_008703","UO_0002","UO","2024-05-10",83,0,"COMPLETE",2,true
"RCP_008461","SHP_008419","PO_009579","FL_0009","FL","2024-05-10",118,0,"PARTIAL",2,true
"RCP_008462","SHP_008614","PO_005017","UO_0002","UO","2024-05-11",42,0,"COMPLETE",0,true
"RCP_008463","SHP_008436","PO_004076","FL_0005","FL","2024-05-11",38,0,"PARTIAL",2,true
"RCP_008464","SHP_008430","PO_006487","FL_0012","FL","2024-05-11",50,0,"PARTIAL",3,true
"RCP_008465","SHP_008541","PO_009761","BP_0016","BP","2024-05-11",83,0,"PARTIAL",-1,true
"RCP_008466","SHP_008326","PO_009925","FL_0018","FL","2024-05-11",21,0,"COMPLETE",12,true
"RCP_008467","SHP_008506","PO_002979","FL_0018","FL","2024-05-11",81,4,"PARTIAL",1,true
"RCP_008468","SHP_008528","PO_003752","FL_0009","FL","2024-05-11",180,0,"COMPLETE",0,true
"RCP_008469","SHP_008391","PO_007566","FL_0011","FL","2024-05-11",102,0,"COMPLETE",5,true
"RCP_008470","SHP_008536","PO_006787","FL_0012","FL","2024-05-11",194,0,"COMPLETE",-1,true
"RCP_008471","SHP_008497","PO_005873","FL_0004","FL","2024-05-11",126,0,"COMPLETE",2,true
"RCP_008472","SHP_008556","PO_006901","BP_0010","BP","2024-05-11",21,0,"COMPLETE",2,true
"RCP_008473","SHP_008450","PO_001853","FL_0013","FL","2024-05-11",31,0,"COMPLETE",0,true
"RCP_008474","SHP_008538","PO_007309","BP_0015","BP","2024-05-11",186,0,"COMPLETE",0,true
"RCP_008475","SHP_008594","PO_002018","BP_0002","BP","2024-05-11",148,0,"COMPLETE",-1,true
"RCP_008476","SHP_008389","PO_007048","BP_0004","BP","2024-05-11",73,0,"PARTIAL",5,true
"RCP_008477","SHP_008557","PO_007493","BP_0017","BP","2024-05-11",48,0,"COMPLETE",-1,true
"RCP_008478","SHP_008387","PO_002465","FL_0002","FL","2024-05-11",134,0,"COMPLETE",5,true
"RCP_008479","SHP_008350","PO_003232","UO_0003","UO","2024-05-11",55,0,"COMPLETE",9,true
"RCP_008480","SHP_008371","PO_009965","UO_0008","UO","2024-05-11",108,0,"PARTIAL",8,true
"RCP_008481","SHP_008530","PO_006644","FL_0008","FL","2024-05-11",141,0,"COMPLETE",0,true
"RCP_008482","SHP_008433","PO_000637","BP_0020","BP","2024-05-11",167,0,"PARTIAL",1,true
"RCP_008483","SHP_008390","PO_007293","FL_0009","FL","2024-05-11",133,0,"COMPLETE",5,true
"RCP_008484","SHP_008384","PO_007257","FL_0010","FL","2024-05-11",185,9,"COMPLETE",7,true
"RCP_008485","SHP_008534","PO_006577","BP_0018","BP","2024-05-11",124,3,"COMPLETE",0,true
"RCP_008486","SHP_008563","PO_000282","BP_0020","BP","2024-05-12",141,0,"COMPLETE",-1,true
"RCP_008487","SHP_008318","PO_000396","BP_0013","BP","2024-05-12",148,0,"PARTIAL",12,true
"RCP_008488","SHP_008465","PO_008550","FL_0012","FL","2024-05-12",40,0,"COMPLETE",2,true
"RCP_008489","SHP_008570","PO_005475","BP_0009","BP","2024-05-12",118,0,"COMPLETE",-1,true
"RCP_008490","SHP_008636","PO_006473","UO_0014","UO","2024-05-12",86,0,"COMPLETE",0,true
"RCP_008491","SHP_008464","PO_007702","FL_0017","FL","2024-05-12",149,0,"COMPLETE",1,true
"RCP_008492","SHP_008483","PO_003322","FL_0008","FL","2024-05-12",174,0,"COMPLETE",0,true
"RCP_008493","SHP_008551","PO_003567","FL_0005","FL","2024-05-12",13,0,"COMPLETE",-1,true
"RCP_008494","SHP_008431","PO_010188","FL_0016","FL","2024-05-12",73,0,"PARTIAL",4,true
"RCP_008495","SHP_008533","PO_006347","UO_0001","UO","2024-05-12",154,0,"COMPLETE",2,true
"RCP_008496","SHP_008372","PO_000334","BP_0017","BP","2024-05-13",196,0,"COMPLETE",4,true
"RCP_008497","SHP_008569","PO_005172","BP_0017","BP","2024-05-13",184,0,"COMPLETE",-1,true
"RCP_008498","SHP_008499","PO_006458","BP_0019","BP","2024-05-13",106,0,"PARTIAL",5,true
"RCP_008499","SHP_008596","PO_002347","BP_0008","BP","2024-05-13",89,0,"COMPLETE",1,true
"RCP_008500","SHP_008678","PO_009857","UO_0008","UO","2024-05-13",139,0,"COMPLETE",-1,true
"RCP_008501","SHP_008525","PO_003227","FL_0020","FL","2024-05-13",102,2,"COMPLETE",2,true
"RCP_008502","SHP_008470","PO_002083","FL_0009","FL","2024-05-13",82,0,"PARTIAL",2,true
"RCP_008503","SHP_008562","PO_010143","BP_0009","BP","2024-05-13",90,0,"COMPLETE",1,true
"RCP_008504","SHP_008447","PO_010053","BP_0017","BP","2024-05-13",102,3,"COMPLETE",-1,true
"RCP_008505","SHP_008345","PO_005928","FL_0014","FL","2024-05-13",11,0,"PARTIAL",12,true
"RCP_008506","SHP_008572","PO_008941","FL_0005","FL","2024-05-13",134,0,"COMPLETE",-1,true
"RCP_008507","SHP_008362","PO_002789","FL_0001","FL","2024-05-13",68,0,"COMPLETE",10,true
"RCP_008508","SHP_008360","PO_002505","FL_0005","FL","2024-05-13",49,0,"PARTIAL",10,true
"RCP_008509","SHP_008629","PO_003860","BP_0010","BP","2024-05-13",84,0,"COMPLETE",-1,true
"RCP_008510","SHP_008553","PO_004740","UO_0014","UO","2024-05-14",35,0,"COMPLETE",3,true
"RCP_008511","SHP_008532","PO_005320","BP_0008","BP","2024-05-14",87,0,"COMPLETE",2,true
"RCP_008512","SHP_008559","PO_008433","FL_0004","FL","2024-05-14",17,0,"COMPLETE",1,true
"RCP_008513","SHP_008467","PO_001193","BP_0014","BP","2024-05-14",23,0,"PARTIAL",2,true
"RCP_008514","SHP_008584","PO_005956","FL_0001","FL","2024-05-14",36,0,"COMPLETE",-1,true
"RCP_008515","SHP_008566","PO_003139","FL_0010","FL","2024-05-14",151,0,"COMPLETE",0,true
"RCP_008516","SHP_008527","PO_003472","UO_0008","UO","2024-05-14",198,0,"COMPLETE",5,true
"RCP_008517","SHP_008512","PO_007621","FL_0011","FL","2024-05-14",30,0,"COMPLETE",-1,true
"RCP_008518","SHP_008656","PO_009380","UO_0003","UO","2024-05-14",149,0,"COMPLETE",1,true
"RCP_008519","SHP_008399","PO_003201","FL_0016","FL","2024-05-14",160,0,"COMPLETE",8,true
"RCP_008520","SHP_008659","PO_010139","BP_0019","BP","2024-05-14",186,0,"COMPLETE",-1,true
"RCP_008521","SHP_008630","PO_003916","UO_0008","UO","2024-05-14",52,0,"COMPLETE",2,true
"RCP_008522","SHP_008519","PO_000920","BP_0004","BP","2024-05-14",182,0,"COMPLETE",4,true
"RCP_008523","SHP_008518","PO_000269","BP_0010","BP","2024-05-15",134,0,"COMPLETE",5,true
"RCP_008524","SHP_008576","PO_000462","UO_0019","UO","2024-05-15",56,0,"PARTIAL",2,true
"RCP_008525","SHP_008654","PO_008812","BP_0014","BP","2024-05-15",187,0,"COMPLETE",0,true
"RCP_008526","SHP_008439","PO_005497","BP_0009","BP","2024-05-15",71,0,"COMPLETE",5,true
"RCP_008527","SHP_008558","PO_007824","FL_0003","FL","2024-05-15",126,0,"COMPLETE",2,true
"RCP_008528","SHP_008607","PO_009196","FL_0005","FL","2024-05-15",107,0,"PARTIAL",-1,true
"RCP_008529","SHP_008677","PO_009856","BP_0013","BP","2024-05-15",176,0,"COMPLETE",-1,true
"RCP_008530","SHP_008548","PO_002841","BP_0010","BP","2024-05-15",167,0,"COMPLETE",2,true
"RCP_008531","SHP_008505","PO_000742","FL_0017","FL","2024-05-15",72,0,"COMPLETE",1,true
"RCP_008532","SHP_008549","PO_002850","FL_0001","FL","2024-05-15",80,0,"COMPLETE",2,true
"RCP_008533","SHP_008583","PO_002814","FL_0014","FL","2024-05-15",115,0,"COMPLETE",0,true
"RCP_008534","SHP_008568","PO_004709","BP_0013","BP","2024-05-16",153,0,"COMPLETE",3,true
"RCP_008535","SHP_008554","PO_005245","UO_0001","UO","2024-05-16",12,0,"COMPLETE",5,true
"RCP_008536","SHP_008688","PO_008500","BP_0004","BP","2024-05-16",174,0,"COMPLETE",-1,true
"RCP_008537","SHP_008589","PO_008626","FL_0016","FL","2024-05-16",74,0,"COMPLETE",1,true
"RCP_008538","SHP_008617","PO_008183","BP_0010","BP","2024-05-16",47,0,"COMPLETE",-1,true
"RCP_008539","SHP_008590","PO_009605","BP_0013","BP","2024-05-16",40,0,"COMPLETE",2,true
"RCP_008540","SHP_008376","PO_003214","FL_0004","FL","2024-05-16",50,0,"PARTIAL",12,true
"RCP_008541","SHP_008613","PO_003669","FL_0001","FL","2024-05-16",76,0,"COMPLETE",-1,true
"RCP_008542","SHP_008503","PO_008876","BP_0015","BP","2024-05-16",75,0,"PARTIAL",2,true
"RCP_008543","SHP_008404","PO_006814","BP_0019","BP","2024-05-16",194,0,"COMPLETE",5,true
"RCP_008544","SHP_008571","PO_007483","BP_0014","BP","2024-05-16",181,0,"COMPLETE",3,true
"RCP_008545","SHP_008644","PO_001892","BP_0003","BP","2024-05-16",162,0,"COMPLETE",1,true
"RCP_008546","SHP_008611","PO_002833","BP_0008","BP","2024-05-16",55,0,"COMPLETE",0,true
"RCP_008547","SHP_008637","PO_006802","BP_0002","BP","2024-05-16",90,0,"COMPLETE",2,true
"RCP_008548","SHP_008452","PO_002057","BP_0004","BP","2024-05-16",199,0,"COMPLETE",1,true
"RCP_008549","SHP_008423","PO_000824","FL_0006","FL","2024-05-16",52,0,"PARTIAL",8,true
"RCP_008550","SHP_008651","PO_007324","BP_0014","BP","2024-05-16",159,0,"COMPLETE",1,true
"RCP_008551","SHP_008648","PO_005906","BP_0001","BP","2024-05-16",57,0,"PARTIAL",1,true
"RCP_008552","SHP_008601","PO_003902","FL_0014","FL","2024-05-17",115,0,"COMPLETE",1,true
"RCP_008553","SHP_008616","PO_007795","FL_0016","FL","2024-05-17",11,1,"PARTIAL",0,true
"RCP_008554","SHP_008608","PO_009694","BP_0020","BP","2024-05-17",81,0,"COMPLETE",1,true
"RCP_008555","SHP_008689","PO_009848","BP_0018","BP","2024-05-17",59,0,"COMPLETE",0,true
"RCP_008556","SHP_008552","PO_003779","BP_0019","BP","2024-05-17",39,0,"COMPLETE",5,true
"RCP_008557","SHP_008650","PO_007322","UO_0016","UO","2024-05-17",62,2,"COMPLETE",0,true
"RCP_008558","SHP_008547","PO_002298","UO_0012","UO","2024-05-17",200,0,"COMPLETE",0,true
"RCP_008559","SHP_008609","PO_001325","FL_0002","FL","2024-05-17",185,0,"COMPLETE",0,true
"RCP_008560","SHP_008418","PO_009080","BP_0002","BP","2024-05-17",140,0,"PARTIAL",5,true
"RCP_008561","SHP_008475","PO_007396","FL_0010","FL","2024-05-17",88,0,"PARTIAL",6,true
"RCP_008562","SHP_008658","PO_009828","BP_0018","BP","2024-05-17",102,0,"COMPLETE",-1,true
"RCP_008563","SHP_008638","PO_007146","BP_0020","BP","2024-05-17",71,0,"PARTIAL",0,true
"RCP_008564","SHP_008652","PO_007598","BP_0015","BP","2024-05-17",139,0,"COMPLETE",2,true
"RCP_008565","SHP_008605","PO_008075","BP_0009","BP","2024-05-17",119,0,"COMPLETE",1,true
"RCP_008566","SHP_008597","PO_002813","FL_0010","FL","2024-05-17",37,0,"COMPLETE",1,true
"RCP_008567","SHP_008620","PO_000028","FL_0017","FL","2024-05-18",15,0,"COMPLETE",0,true
"RCP_008568","SHP_008491","PO_000092","BP_0004","BP","2024-05-18",110,0,"PARTIAL",0,true
"RCP_008569","SHP_008515","PO_008552","BP_0007","BP","2024-05-18",99,0,"PARTIAL",-1,true
"RCP_008570","SHP_008395","PO_000689","FL_0003","FL","2024-05-18",128,0,"COMPLETE",12,true
"RCP_008571","SHP_008564","PO_000701","BP_0001","BP","2024-05-18",104,0,"PARTIAL",5,true
"RCP_008572","SHP_008619","PO_009809","FL_0014","FL","2024-05-18",98,0,"COMPLETE",1,true
"RCP_008573","SHP_008593","PO_000609","FL_0001","FL","2024-05-18",100,0,"COMPLETE",2,true
"RCP_008574","SHP_008600","PO_003697","UO_0007","UO","2024-05-18",46,0,"PARTIAL",4,true
"RCP_008575","SHP_008544","PO_001544","FL_0016","FL","2024-05-18",183,0,"COMPLETE",0,true
"RCP_008576","SHP_008469","PO_001714","BP_0015","BP","2024-05-18",197,0,"COMPLETE",2,true
"RCP_008577","SHP_008513","PO_007659","FL_0014","FL","2024-05-18",122,0,"COMPLETE",3,true
"RCP_008578","SHP_008598","PO_002957","FL_0016","FL","2024-05-18",67,0,"COMPLETE",2,true
"RCP_008579","SHP_008457","PO_005544","BP_0008","BP","2024-05-18",181,0,"COMPLETE",3,true
"RCP_008580","SHP_008474","PO_002960","BP_0006","BP","2024-05-18",49,1,"COMPLETE",2,true
"RCP_008581","SHP_008415","PO_007678","FL_0007","FL","2024-05-18",68,0,"PARTIAL",11,true
"RCP_008582","SHP_008451","PO_001986","BP_0014","BP","2024-05-18",187,0,"COMPLETE",7,true
"RCP_008583","SHP_008511","PO_007287","FL_0006","FL","2024-05-18",44,0,"PARTIAL",3,true
"RCP_008584","SHP_008535","PO_006750","FL_0012","FL","2024-05-18",199,0,"COMPLETE",2,true
"RCP_008585","SHP_008545","PO_002067","FL_0005","FL","2024-05-18",91,0,"COMPLETE",1,true
"RCP_008586","SHP_008522","PO_002838","BP_0005","BP","2024-05-18",118,0,"COMPLETE",2,true
"RCP_008587","SHP_008603","PO_006697","FL_0006","FL","2024-05-18",119,0,"COMPLETE",2,true
"RCP_008588","SHP_008660","PO_000323","UO_0003","UO","2024-05-19",199,0,"COMPLETE",1,true
"RCP_008589","SHP_008661","PO_000344","BP_0005","BP","2024-05-19",96,0,"PARTIAL",-1,true
"RCP_008590","SHP_008727","PO_003931","UO_0004","UO","2024-05-19",137,0,"PARTIAL",1,true
"RCP_008591","SHP_008653","PO_007756","BP_0017","BP","2024-05-19",101,0,"COMPLETE",1,true
"RCP_008592","SHP_008477","PO_009448","BP_0007","BP","2024-05-19",164,0,"COMPLETE",7,true
"RCP_008593","SHP_008482","PO_002932","BP_0013","BP","2024-05-19",192,0,"COMPLETE",6,true
"RCP_008594","SHP_008627","PO_003257","UO_0017","UO","2024-05-19",108,0,"COMPLETE",-1,true
"RCP_008595","SHP_008693","PO_005829","BP_0014","BP","2024-05-19",120,0,"COMPLETE",1,true
"RCP_008596","SHP_008672","PO_007300","FL_0016","FL","2024-05-19",73,0,"COMPLETE",-1,true
"RCP_008597","SHP_008643","PO_001884","UO_0018","UO","2024-05-19",12,0,"PARTIAL",2,true
"RCP_008598","SHP_008624","PO_001582","UO_0004","UO","2024-05-19",149,0,"COMPLETE",-1,true
"RCP_008599","SHP_008679","PO_001114","BP_0008","BP","2024-05-19",23,0,"COMPLETE",-1,true
"RCP_008600","SHP_008628","PO_003523","UO_0015","UO","2024-05-19",116,0,"COMPLETE",-1,true
"RCP_008601","SHP_008574","PO_009494","FL_0009","FL","2024-05-19",35,2,"PARTIAL",0,true
"RCP_008602","SHP_008671","PO_006881","FL_0017","FL","2024-05-19",180,0,"COMPLETE",-1,true
"RCP_008603","SHP_008621","PO_000097","FL_0014","FL","2024-05-20",14,0,"COMPLETE",2,true
"RCP_008604","SHP_008543","PO_000222","FL_0011","FL","2024-05-20",161,0,"COMPLETE",2,true
"RCP_008605","SHP_008509","PO_005273","BP_0005","BP","2024-05-20",85,0,"COMPLETE",1,true
"RCP_008606","SHP_008667","PO_003884","BP_0009","BP","2024-05-20",135,5,"PARTIAL",0,true
"RCP_008607","SHP_008646","PO_004334","FL_0019","FL","2024-05-20",83,0,"COMPLETE",1,true
"RCP_008608","SHP_008732","PO_009159","UO_0001","UO","2024-05-20",119,0,"COMPLETE",2,true
"RCP_008609","SHP_008606","PO_009192","FL_0017","FL","2024-05-20",65,0,"COMPLETE",-1,true
"RCP_008610","SHP_008455","PO_003074","BP_0020","BP","2024-05-20",72,0,"COMPLETE",5,true
"RCP_008611","SHP_008635","PO_006238","FL_0007","FL","2024-05-20",27,0,"PARTIAL",2,true
"RCP_008612","SHP_008493","PO_003327","FL_0006","FL","2024-05-20",105,0,"COMPLETE",7,true
"RCP_008613","SHP_008454","PO_002747","FL_0006","FL","2024-05-20",22,0,"COMPLETE",10,true
"RCP_008614","SHP_008649","PO_007272","BP_0020","BP","2024-05-20",118,0,"COMPLETE",2,true
"RCP_008615","SHP_008610","PO_001339","UO_0014","UO","2024-05-20",22,0,"PARTIAL",5,true
"RCP_008616","SHP_008632","PO_005421","BP_0002","BP","2024-05-20",129,0,"PARTIAL",3,true
"RCP_008617","SHP_008481","PO_002468","FL_0018","FL","2024-05-20",122,0,"COMPLETE",8,true
"RCP_008618","SHP_008673","PO_008336","BP_0007","BP","2024-05-20",182,0,"COMPLETE",1,true
"RCP_008619","SHP_008713","PO_007260","BP_0001","BP","2024-05-20",68,0,"COMPLETE",1,true
"RCP_008620","SHP_008698","PO_000023","BP_0008","BP","2024-05-21",115,4,"COMPLETE",2,true
"RCP_008621","SHP_008647","PO_004799","BP_0014","BP","2024-05-21",30,0,"COMPLETE",3,true
"RCP_008622","SHP_008714","PO_008038","BP_0017","BP","2024-05-21",166,0,"COMPLETE",2,true
"RCP_008623","SHP_008504","PO_009144","FL_0010","FL","2024-05-21",112,0,"PARTIAL",8,true
"RCP_008624","SHP_008725","PO_003399","BP_0004","BP","2024-05-21",176,0,"COMPLETE",1,true
"RCP_008625","SHP_008582","PO_002807","BP_0002","BP","2024-05-21",28,0,"PARTIAL",1,true
"RCP_008626","SHP_008449","PO_001179","UO_0005","UO","2024-05-21",155,0,"COMPLETE",11,true
"RCP_008627","SHP_008514","PO_008074","BP_0012","BP","2024-05-21",94,0,"PARTIAL",6,true
"RCP_008628","SHP_008711","PO_006760","BP_0013","BP","2024-05-21",116,0,"COMPLETE",-1,true
"RCP_008629","SHP_008748","PO_000036","BP_0007","BP","2024-05-22",40,0,"COMPLETE",0,true
"RCP_008630","SHP_008753","PO_004177","BP_0003","BP","2024-05-22",50,0,"COMPLETE",0,true
"RCP_008631","SHP_008546","PO_002221","BP_0009","BP","2024-05-22",113,0,"COMPLETE",0,true
"RCP_008632","SHP_008706","PO_003122","FL_0014","FL","2024-05-22",121,0,"COMPLETE",-1,true
"RCP_008633","SHP_008542","PO_010194","FL_0009","FL","2024-05-22",44,0,"COMPLETE",6,true
"RCP_008634","SHP_008682","PO_001947","FL_0019","FL","2024-05-22",63,0,"COMPLETE",1,true
"RCP_008635","SHP_008700","PO_001383","BP_0001","BP","2024-05-22",166,0,"COMPLETE",0,true
"RCP_008636","SHP_008712","PO_006972","BP_0009","BP","2024-05-22",42,0,"PARTIAL",-1,true
"RCP_008637","SHP_008789","PO_001617","UO_0016","UO","2024-05-22",173,0,"COMPLETE",-1,true
"RCP_008638","SHP_008704","PO_001975","BP_0010","BP","2024-05-22",115,0,"COMPLETE",-1,true
"RCP_008639","SHP_008578","PO_001535","FL_0007","FL","2024-05-22",30,0,"COMPLETE",3,true
"RCP_008640","SHP_008466","PO_000447","UO_0020","UO","2024-05-22",58,0,"COMPLETE",11,true
"RCP_008641","SHP_008560","PO_008447","FL_0011","FL","2024-05-23",52,0,"PARTIAL",5,true
"RCP_008642","SHP_008567","PO_003875","FL_0005","FL","2024-05-23",80,0,"PARTIAL",5,true
"RCP_008643","SHP_008495","PO_005102","FL_0001","FL","2024-05-23",20,0,"COMPLETE",10,true
"RCP_008644","SHP_008684","PO_004008","FL_0019","FL","2024-05-23",198,0,"COMPLETE",2,true
"RCP_008645","SHP_008669","PO_004478","BP_0020","BP","2024-05-23",171,0,"PARTIAL",3,true
"RCP_008646","SHP_008565","PO_003070","FL_0011","FL","2024-05-23",20,0,"COMPLETE",4,true
"RCP_008647","SHP_008634","PO_005767","UO_0013","UO","2024-05-23",165,0,"COMPLETE",3,true
"RCP_008648","SHP_008703","PO_001674","FL_0017","FL","2024-05-23",76,0,"COMPLETE",0,true
"RCP_008649","SHP_008690","PO_002798","FL_0018","FL","2024-05-23",33,0,"COMPLETE",1,true
"RCP_008650","SHP_008695","PO_007744","BP_0015","BP","2024-05-23",187,0,"COMPLETE",2,true
"RCP_008651","SHP_008498","PO_006039","UO_0014","UO","2024-05-23",55,0,"COMPLETE",10,true
"RCP_008652","SHP_008523","PO_002897","FL_0007","FL","2024-05-23",188,0,"COMPLETE",8,true
"RCP_008653","SHP_008708","PO_005954","FL_0014","FL","2024-05-23",31,0,"COMPLETE",0,true
"RCP_008654","SHP_008485","PO_004770","FL_0011","FL","2024-05-24",156,0,"COMPLETE",12,true
"RCP_008655","SHP_008676","PO_008498","FL_0017","FL","2024-05-24",79,0,"COMPLETE",0,true
"RCP_008656","SHP_008588","PO_007716","FL_0002","FL","2024-05-24",88,0,"COMPLETE",5,true
"RCP_008657","SHP_008640","PO_007858","FL_0001","FL","2024-05-24",55,0,"COMPLETE",2,true
"RCP_008658","SHP_008521","PO_002238","FL_0008","FL","2024-05-24",182,0,"PARTIAL",9,true
"RCP_008659","SHP_008502","PO_008871","BP_0020","BP","2024-05-24",61,0,"PARTIAL",10,true
"RCP_008660","SHP_008581","PO_002743","BP_0020","BP","2024-05-24",37,0,"COMPLETE",0,true
"RCP_008661","SHP_008595","PO_002056","BP_0016","BP","2024-05-24",183,0,"COMPLETE",3,true
"RCP_008662","SHP_008579","PO_002045","FL_0008","FL","2024-05-24",73,0,"COMPLETE",5,true
"RCP_008663","SHP_008783","PO_007359","BP_0010","BP","2024-05-24",35,0,"COMPLETE",0,true
"RCP_008664","SHP_008694","PO_007634","FL_0008","FL","2024-05-24",173,0,"COMPLETE",2,true
"RCP_008665","SHP_008612","PO_003492","FL_0007","FL","2024-05-24",160,0,"PARTIAL",3,true
"RCP_008666","SHP_008794","PO_004535","BP_0004","BP","2024-05-24",46,0,"COMPLETE",-1,true
"RCP_008667","SHP_008692","PO_003555","FL_0016","FL","2024-05-24",95,0,"COMPLETE",2,true
"RCP_008668","SHP_008723","PO_003019","FL_0010","FL","2024-05-24",173,0,"COMPLETE",0,true
"RCP_008669","SHP_008762","PO_009510","BP_0002","BP","2024-05-24",55,0,"COMPLETE",-1,true
"RCP_008670","SHP_008573","PO_008981","FL_0001","FL","2024-05-24",179,0,"COMPLETE",6,true
"RCP_008671","SHP_008717","PO_000611","FL_0002","FL","2024-05-24",118,0,"PARTIAL",0,true
"RCP_008672","SHP_008757","PO_005824","BP_0009","BP","2024-05-24",79,0,"COMPLETE",-1,true
"RCP_008673","SHP_008728","PO_004011","FL_0010","FL","2024-05-25",66,0,"COMPLETE",1,true
"RCP_008674","SHP_008666","PO_002995","FL_0014","FL","2024-05-25",23,0,"COMPLETE",1,true
"RCP_008675","SHP_008602","PO_006357","UO_0004","UO","2024-05-25",39,0,"COMPLETE",5,true
"RCP_008676","SHP_008740","PO_003460","BP_0013","BP","2024-05-25",139,0,"PARTIAL",1,true
"RCP_008677","SHP_008539","PO_007768","FL_0010","FL","2024-05-25",158,0,"PARTIAL",9,true
"RCP_008678","SHP_008710","PO_006607","FL_0019","FL","2024-05-25",43,0,"COMPLETE",2,true
"RCP_008679","SHP_008763","PO_010134","UO_0008","UO","2024-05-25",84,0,"COMPLETE",1,true
"RCP_008680","SHP_008645","PO_002792","BP_0017","BP","2024-05-25",62,0,"COMPLETE",1,true
"RCP_008681","SHP_008771","PO_005248","FL_0004","FL","2024-05-26",186,0,"COMPLETE",-1,true
"RCP_008682","SHP_008631","PO_005285","FL_0005","FL","2024-05-26",44,0,"COMPLETE",3,true
"RCP_008683","SHP_008741","PO_004982","FL_0003","FL","2024-05-26",30,0,"COMPLETE",1,true
"RCP_008684","SHP_008655","PO_008829","UO_0001","UO","2024-05-26",85,0,"PARTIAL",3,true
"RCP_008685","SHP_008784","PO_007718","BP_0016","BP","2024-05-26",150,0,"COMPLETE",-1,true
"RCP_008686","SHP_008775","PO_008972","UO_0009","UO","2024-05-26",115,0,"COMPLETE",1,true
"RCP_008687","SHP_008722","PO_002905","FL_0013","FL","2024-05-26",183,0,"COMPLETE",2,true
"RCP_008688","SHP_008724","PO_003141","FL_0003","FL","2024-05-26",192,0,"COMPLETE",2,true
"RCP_008689","SHP_008585","PO_006234","BP_0018","BP","2024-05-26",92,0,"COMPLETE",2,true
"RCP_008690","SHP_008801","PO_008888","BP_0003","BP","2024-05-26",178,0,"PARTIAL",1,true
"RCP_008691","SHP_008731","PO_007115","FL_0006","FL","2024-05-26",108,0,"COMPLETE",2,true
"RCP_008692","SHP_008537","PO_007232","BP_0007","BP","2024-05-26",81,0,"COMPLETE",5,true
"RCP_008693","SHP_008808","PO_001976","BP_0009","BP","2024-05-26",142,0,"COMPLETE",0,true
"RCP_008694","SHP_008615","PO_007057","BP_0018","BP","2024-05-26",48,0,"COMPLETE",4,true
"RCP_008695","SHP_008586","PO_006770","BP_0006","BP","2024-05-26",28,0,"COMPLETE",2,true
"RCP_008696","SHP_008736","PO_001537","BP_0020","BP","2024-05-26",33,0,"COMPLETE",2,true
"RCP_008697","SHP_008737","PO_002550","BP_0017","BP","2024-05-26",147,0,"COMPLETE",1,true
"RCP_008698","SHP_008664","PO_001341","FL_0008","FL","2024-05-26",110,0,"COMPLETE",1,true
"RCP_008699","SHP_008663","PO_001219","BP_0015","BP","2024-05-26",110,0,"COMPLETE",1,true
"RCP_008700","SHP_008696","PO_008895","BP_0001","BP","2024-05-26",47,0,"PARTIAL",4,true
"RCP_008701","SHP_008592","PO_000161","BP_0013","BP","2024-05-27",66,0,"COMPLETE",2,true
"RCP_008702","SHP_008769","PO_004629","FL_0019","FL","2024-05-27",142,0,"COMPLETE",0,true
"RCP_008703","SHP_008662","PO_000431","FL_0010","FL","2024-05-27",172,0,"COMPLETE",3,true
"RCP_008704","SHP_008812","PO_004714","BP_0018","BP","2024-05-27",185,0,"COMPLETE",1,true
"RCP_008705","SHP_008756","PO_005571","FL_0008","FL","2024-05-27",160,0,"COMPLETE",1,true
"RCP_008706","SHP_008739","PO_003273","FL_0014","FL","2024-05-27",27,0,"COMPLETE",2,true
"RCP_008707","SHP_008587","PO_007582","BP_0001","BP","2024-05-27",23,0,"COMPLETE",7,true
"RCP_008708","SHP_008749","PO_000877","FL_0011","FL","2024-05-27",16,0,"COMPLETE",1,true
"RCP_008709","SHP_008734","PO_001169","UO_0014","UO","2024-05-27",26,1,"COMPLETE",4,true
"RCP_008710","SHP_008781","PO_005637","FL_0007","FL","2024-05-27",162,0,"COMPLETE",-1,true
"RCP_008711","SHP_008681","PO_001550","FL_0020","FL","2024-05-27",23,0,"PARTIAL",2,true
"RCP_008712","SHP_008540","PO_009457","FL_0017","FL","2024-05-27",65,0,"PARTIAL",11,true
"RCP_008713","SHP_008730","PO_007047","BP_0005","BP","2024-05-27",196,0,"COMPLETE",3,true
"RCP_008714","SHP_008774","PO_008255","FL_0012","FL","2024-05-27",151,0,"COMPLETE",0,true
"RCP_008715","SHP_008675","PO_008460","FL_0014","FL","2024-05-28",133,0,"PARTIAL",3,true
"RCP_008716","SHP_008668","PO_004223","FL_0010","FL","2024-05-28",22,0,"COMPLETE",3,true
"RCP_008717","SHP_008641","PO_007873","FL_0003","FL","2024-05-28",19,0,"COMPLETE",6,true
"RCP_008718","SHP_008715","PO_009366","FL_0003","FL","2024-05-28",127,0,"PARTIAL",1,true
"RCP_008719","SHP_008575","PO_010035","FL_0006","FL","2024-05-28",101,0,"COMPLETE",10,true
"RCP_008720","SHP_008788","PO_000559","FL_0016","FL","2024-05-28",26,0,"COMPLETE",-1,true
"RCP_008721","SHP_008779","PO_003872","BP_0004","BP","2024-05-28",114,0,"COMPLETE",0,true
"RCP_008722","SHP_008685","PO_005774","FL_0014","FL","2024-05-28",134,0,"COMPLETE",3,true
"RCP_008723","SHP_008604","PO_006738","UO_0004","UO","2024-05-28",120,0,"PARTIAL",8,true
"RCP_008724","SHP_008798","PO_006925","FL_0009","FL","2024-05-28",123,0,"COMPLETE",-1,true
"RCP_008725","SHP_008580","PO_002362","BP_0020","BP","2024-05-28",36,0,"COMPLETE",4,true
"RCP_008726","SHP_008591","PO_000112","BP_0010","BP","2024-05-29",157,8,"PARTIAL",8,true
"RCP_008727","SHP_008699","PO_000490","FL_0016","FL","2024-05-29",127,0,"COMPLETE",1,true
"RCP_008728","SHP_008555","PO_006442","FL_0013","FL","2024-05-29",160,0,"PARTIAL",12,true
"RCP_008729","SHP_008802","PO_009339","UO_0007","UO","2024-05-29",128,0,"COMPLETE",2,true
"RCP_008730","SHP_008716","PO_009685","BP_0020","BP","2024-05-29",162,0,"COMPLETE",1,true
"RCP_008731","SHP_008657","PO_009700","FL_0018","FL","2024-05-29",14,0,"COMPLETE",5,true
"RCP_008732","SHP_008721","PO_002891","BP_0003","BP","2024-05-29",139,0,"COMPLETE",5,true
"RCP_008733","SHP_008858","PO_007631","UO_0009","UO","2024-05-29",83,0,"COMPLETE",2,true
"RCP_008734","SHP_008790","PO_001656","FL_0017","FL","2024-05-29",13,0,"COMPLETE",0,true
"RCP_008735","SHP_008561","PO_009255","BP_0006","BP","2024-05-29",178,0,"PARTIAL",11,true
"RCP_008736","SHP_008821","PO_005664","BP_0020","BP","2024-05-29",64,0,"COMPLETE",-1,true
"RCP_008737","SHP_008882","PO_000828","UO_0002","UO","2024-05-29",116,0,"COMPLETE",0,true
"RCP_008738","SHP_008718","PO_001636","FL_0018","FL","2024-05-29",71,0,"PARTIAL",1,true
"RCP_008739","SHP_008626","PO_002711","FL_0019","FL","2024-05-29",134,0,"COMPLETE",7,true
"RCP_008740","SHP_008811","PO_004204","FL_0018","FL","2024-05-30",81,0,"COMPLETE",0,true
"RCP_008741","SHP_008820","PO_005548","FL_0002","FL","2024-05-30",89,4,"COMPLETE",-1,true
"RCP_008742","SHP_008709","PO_006489","FL_0008","FL","2024-05-30",121,0,"COMPLETE",3,true
"RCP_008743","SHP_008707","PO_004483","FL_0006","FL","2024-05-30",92,0,"COMPLETE",2,true
"RCP_008744","SHP_008761","PO_007695","BP_0009","BP","2024-05-30",40,0,"COMPLETE",5,true
"RCP_008745","SHP_008929","PO_002258","UO_0018","UO","2024-05-30",162,0,"COMPLETE",-1,true
"RCP_008746","SHP_008697","PO_009881","FL_0019","FL","2024-05-30",133,0,"PARTIAL",3,true
"RCP_008747","SHP_008827","PO_010039","BP_0016","BP","2024-05-30",20,0,"PARTIAL",-1,true
"RCP_008748","SHP_008691","PO_003147","FL_0009","FL","2024-05-30",62,0,"PARTIAL",3,true
"RCP_008749","SHP_008765","PO_001425","BP_0018","BP","2024-05-30",149,0,"COMPLETE",4,true
"RCP_008750","SHP_008760","PO_006804","BP_0004","BP","2024-05-30",49,0,"COMPLETE",5,true
"RCP_008751","SHP_008750","PO_002361","FL_0019","FL","2024-05-30",113,0,"PARTIAL",0,true
"RCP_008752","SHP_008861","PO_008118","UO_0002","UO","2024-05-30",104,0,"COMPLETE",-1,true
"RCP_008753","SHP_008623","PO_001324","BP_0015","BP","2024-05-30",53,0,"COMPLETE",3,true
"RCP_008754","SHP_008856","PO_006739","BP_0001","BP","2024-05-30",172,0,"COMPLETE",1,true
"RCP_008755","SHP_008625","PO_001965","FL_0007","FL","2024-05-30",198,0,"COMPLETE",8,true
"RCP_008756","SHP_008899","PO_009009","UO_0020","UO","2024-05-30",136,0,"COMPLETE",1,true
"RCP_008757","SHP_008876","PO_007362","BP_0006","BP","2024-05-30",67,0,"COMPLETE",0,true
"RCP_008758","SHP_008764","PO_000075","FL_0002","FL","2024-05-31",78,0,"COMPLETE",-1,true
"RCP_008759","SHP_008835","PO_004809","BP_0018","BP","2024-05-31",21,0,"COMPLETE",-1,true
"RCP_008760","SHP_008745","PO_008647","FL_0018","FL","2024-05-31",125,0,"PARTIAL",2,true
"RCP_008761","SHP_008792","PO_004239","FL_0004","FL","2024-05-31",161,0,"COMPLETE",2,true
"RCP_008762","SHP_008862","PO_008246","BP_0014","BP","2024-05-31",115,0,"PARTIAL",-1,true
"RCP_008763","SHP_008804","PO_009628","FL_0011","FL","2024-05-31",149,0,"COMPLETE",2,true
"RCP_008764","SHP_008825","PO_009806","FL_0008","FL","2024-05-31",93,0,"COMPLETE",0,true
"RCP_008765","SHP_008599","PO_003290","UO_0009","UO","2024-05-31",134,0,"COMPLETE",11,true
"RCP_008766","SHP_008920","PO_006645","UO_0013","UO","2024-05-31",113,0,"COMPLETE",1,true
"RCP_008767","SHP_008855","PO_005858","BP_0015","BP","2024-05-31",44,0,"COMPLETE",-1,true
"RCP_008768","SHP_008843","PO_007135","BP_0008","BP","2024-05-31",154,0,"COMPLETE",0,true
"RCP_008769","SHP_008895","PO_007491","BP_0013","BP","2024-05-31",190,0,"COMPLETE",0,true
"RCP_008770","SHP_008680","PO_001529","FL_0017","FL","2024-05-31",49,0,"COMPLETE",5,true
"RCP_008771","SHP_008633","PO_005692","UO_0010","UO","2024-05-31",91,0,"PARTIAL",9,true
"RCP_008772","SHP_008639","PO_007531","FL_0001","FL","2024-05-31",38,0,"PARTIAL",9,true
"RCP_008773","SHP_008733","PO_000509","FL_0014","FL","2024-06-01",111,0,"COMPLETE",3,true
"RCP_008774","SHP_008822","PO_008311","BP_0002","BP","2024-06-01",91,0,"COMPLETE",2,true
"RCP_008775","SHP_008674","PO_008454","FL_0014","FL","2024-06-01",32,0,"PARTIAL",8,true
"RCP_008776","SHP_008823","PO_008602","FL_0020","FL","2024-06-01",59,0,"COMPLETE",1,true
"RCP_008777","SHP_008752","PO_004123","FL_0009","FL","2024-06-01",91,0,"PARTIAL",1,true
"RCP_008778","SHP_008889","PO_004172","BP_0014","BP","2024-06-01",127,0,"COMPLETE",1,true
"RCP_008779","SHP_008836","PO_005328","BP_0016","BP","2024-06-01",33,0,"COMPLETE",0,true
"RCP_008780","SHP_008720","PO_002274","BP_0009","BP","2024-06-01",162,0,"COMPLETE",3,true
"RCP_008781","SHP_008941","PO_009315","BP_0002","BP","2024-06-01",66,0,"COMPLETE",-1,true
"RCP_008782","SHP_008864","PO_009356","FL_0018","FL","2024-06-01",132,0,"COMPLETE",-1,true
"RCP_008783","SHP_008766","PO_003225","UO_0009","UO","2024-06-01",72,0,"COMPLETE",1,true
"RCP_008784","SHP_008922","PO_007284","BP_0007","BP","2024-06-01",85,0,"COMPLETE",0,true
"RCP_008785","SHP_008826","PO_009823","FL_0011","FL","2024-06-01",191,0,"COMPLETE",1,true
"RCP_008786","SHP_008828","PO_010146","FL_0008","FL","2024-06-01",48,0,"COMPLETE",1,true
"RCP_008787","SHP_008758","PO_006134","FL_0006","FL","2024-06-01",55,0,"COMPLETE",1,true
"RCP_008788","SHP_008618","PO_009744","BP_0007","BP","2024-06-01",146,0,"PARTIAL",10,true
"RCP_008789","SHP_008834","PO_004542","FL_0016","FL","2024-06-01",24,0,"PARTIAL",0,true
"RCP_008790","SHP_008919","PO_006557","UO_0016","UO","2024-06-01",166,0,"COMPLETE",2,true
"RCP_008791","SHP_008859","PO_007633","BP_0014","BP","2024-06-01",35,0,"COMPLETE",-1,true
"RCP_008792","SHP_008772","PO_007682","BP_0013","BP","2024-06-01",161,0,"COMPLETE",5,true
"RCP_008793","SHP_008939","PO_007745","UO_0003","UO","2024-06-01",46,0,"COMPLETE",1,true
"RCP_008794","SHP_008729","PO_004228","FL_0005","FL","2024-06-02",170,0,"COMPLETE",5,true
"RCP_008795","SHP_008883","PO_000972","BP_0013","BP","2024-06-02",14,0,"COMPLETE",-1,true
"RCP_008796","SHP_008897","PO_008109","BP_0001","BP","2024-06-02",161,0,"COMPLETE",-1,true
"RCP_008797","SHP_008880","PO_009603","UO_0014","UO","2024-06-02",79,0,"COMPLETE",1,true
"RCP_008798","SHP_008743","PO_006380","BP_0014","BP","2024-06-02",83,0,"COMPLETE",-1,true
"RCP_008799","SHP_008872","PO_005531","FL_0010","FL","2024-06-02",102,0,"COMPLETE",-1,true
"RCP_008800","SHP_008702","PO_001475","FL_0003","FL","2024-06-02",148,0,"PARTIAL",6,true
"RCP_008801","SHP_008683","PO_003104","UO_0007","UO","2024-06-02",135,0,"PARTIAL",8,true
"RCP_008802","SHP_008806","PO_000440","BP_0010","BP","2024-06-03",18,0,"PARTIAL",5,true
"RCP_008803","SHP_008755","PO_005469","FL_0020","FL","2024-06-03",49,0,"COMPLETE",3,true
"RCP_008804","SHP_008773","PO_007811","BP_0014","BP","2024-06-03",81,0,"COMPLETE",2,true
"RCP_008805","SHP_008719","PO_002193","UO_0018","UO","2024-06-03",186,0,"COMPLETE",6,true
"RCP_008806","SHP_008686","PO_006075","FL_0003","FL","2024-06-03",166,0,"PARTIAL",9,true
"RCP_008807","SHP_008670","PO_006105","FL_0010","FL","2024-06-03",61,0,"PARTIAL",10,true
"RCP_008808","SHP_008742","PO_006308","BP_0016","BP","2024-06-03",90,0,"COMPLETE",0,true
"RCP_008809","SHP_008888","PO_004027","BP_0004","BP","2024-06-03",138,0,"COMPLETE",-1,true
"RCP_008810","SHP_008665","PO_002116","FL_0010","FL","2024-06-03",114,0,"COMPLETE",10,true
"RCP_008811","SHP_008622","PO_000589","BP_0002","BP","2024-06-03",80,0,"PARTIAL",11,true
"RCP_008812","SHP_008744","PO_007512","BP_0019","BP","2024-06-03",86,0,"PARTIAL",4,true
"RCP_008813","SHP_008943","PO_001889","BP_0015","BP","2024-06-03",122,0,"COMPLETE",0,true
"RCP_008814","SHP_008795","PO_004914","FL_0012","FL","2024-06-03",92,1,"COMPLETE",1,true
"RCP_008815","SHP_008754","PO_004739","FL_0018","FL","2024-06-04",89,0,"PARTIAL",5,true
"RCP_008816","SHP_008796","PO_005272","UO_0015","UO","2024-06-04",175,0,"COMPLETE",4,true
"RCP_008817","SHP_008914","PO_005523","UO_0001","UO","2024-06-04",51,0,"COMPLETE",1,true
"RCP_008818","SHP_008915","PO_005588","FL_0017","FL","2024-06-04",190,0,"COMPLETE",-1,true
"RCP_008819","SHP_008891","PO_006494","FL_0013","FL","2024-06-04",197,0,"COMPLETE",0,true
"RCP_008820","SHP_008904","PO_001084","UO_0012","UO","2024-06-04",27,0,"COMPLETE",1,true
"RCP_008821","SHP_008901","PO_009550","BP_0014","BP","2024-06-04",149,0,"COMPLETE",0,true
"RCP_008822","SHP_008932","PO_004547","BP_0015","BP","2024-06-04",130,0,"COMPLETE",2,true
"RCP_008823","SHP_008868","PO_003377","FL_0019","FL","2024-06-04",154,0,"COMPLETE",1,true
"RCP_008824","SHP_008857","PO_007585","FL_0019","FL","2024-06-04",91,0,"COMPLETE",2,true
"RCP_008825","SHP_008735","PO_001410","FL_0004","FL","2024-06-04",85,0,"COMPLETE",5,true
"RCP_008826","SHP_008759","PO_006350","BP_0008","BP","2024-06-04",12,0,"COMPLETE",4,true
"RCP_008827","SHP_008642","PO_000314","BP_0002","BP","2024-06-04",86,0,"PARTIAL",11,true
"RCP_008828","SHP_008776","PO_000804","UO_0014","UO","2024-06-04",54,0,"COMPLETE",5,true
"RCP_008829","SHP_008803","PO_009558","UO_0017","UO","2024-06-04",174,0,"COMPLETE",4,true
"RCP_008830","SHP_008829","PO_000288","BP_0001","BP","2024-06-05",175,0,"COMPLETE",4,true
"RCP_008831","SHP_008879","PO_008827","UO_0001","UO","2024-06-05",139,0,"PARTIAL",4,true
"RCP_008832","SHP_008767","PO_004464","FL_0016","FL","2024-06-05",130,0,"COMPLETE",4,true
"RCP_008833","SHP_008852","PO_004517","UO_0016","UO","2024-06-05",130,0,"COMPLETE",1,true
"RCP_008834","SHP_008815","PO_010110","FL_0019","FL","2024-06-05",101,0,"COMPLETE",2,true
"RCP_008835","SHP_008791","PO_003044","UO_0020","UO","2024-06-05",29,0,"COMPLETE",3,true
"RCP_008836","SHP_008869","PO_003798","FL_0014","FL","2024-06-05",14,1,"COMPLETE",2,true
"RCP_008837","SHP_008906","PO_001542","FL_0006","FL","2024-06-05",182,0,"COMPLETE",0,true
"RCP_008838","SHP_008824","PO_008883","BP_0003","BP","2024-06-05",18,0,"COMPLETE",5,true
"RCP_008839","SHP_008928","PO_002186","FL_0018","FL","2024-06-05",21,0,"COMPLETE",-1,true
"RCP_008840","SHP_008911","PO_003805","FL_0010","FL","2024-06-05",29,0,"COMPLETE",0,true
"RCP_008841","SHP_008687","PO_006731","UO_0016","UO","2024-06-05",175,0,"COMPLETE",11,true
"RCP_008842","SHP_008778","PO_002701","FL_0007","FL","2024-06-05",147,0,"COMPLETE",4,true
"RCP_008843","SHP_009019","PO_009078","UO_0013","UO","2024-06-05",179,0,"COMPLETE",0,true
"RCP_008844","SHP_008947","PO_003607","BP_0020","BP","2024-06-05",122,0,"COMPLETE",-1,true
"RCP_008845","SHP_008746","PO_008982","BP_0002","BP","2024-06-05",177,0,"COMPLETE",2,true
"RCP_008846","SHP_008991","PO_000159","UO_0014","UO","2024-06-06",92,0,"COMPLETE",2,true
"RCP_008847","SHP_008818","PO_005288","UO_0008","UO","2024-06-06",50,0,"COMPLETE",4,true
"RCP_008848","SHP_008949","PO_004929","FL_0018","FL","2024-06-06",186,0,"COMPLETE",-1,true
"RCP_008849","SHP_008953","PO_008518","BP_0009","BP","2024-06-06",118,5,"COMPLETE",0,true
"RCP_008850","SHP_008845","PO_007706","FL_0011","FL","2024-06-06",95,0,"PARTIAL",0,true
"RCP_008851","SHP_008849","PO_009604","UO_0016","UO","2024-06-06",43,0,"PARTIAL",3,true
"RCP_008852","SHP_008805","PO_009671","FL_0005","FL","2024-06-06",136,0,"PARTIAL",4,true
"RCP_008853","SHP_008809","PO_003081","FL_0013","FL","2024-06-06",26,0,"COMPLETE",3,true
"RCP_008854","SHP_008842","PO_007006","UO_0007","UO","2024-06-06",168,8,"PARTIAL",3,true
"RCP_008855","SHP_008799","PO_007399","FL_0008","FL","2024-06-06",114,0,"COMPLETE",3,true
"RCP_008856","SHP_008894","PO_007420","UO_0009","UO","2024-06-06",105,0,"PARTIAL",4,true
"RCP_008857","SHP_008977","PO_003002","UO_0002","UO","2024-06-06",105,0,"COMPLETE",-1,true
"RCP_008858","SHP_008945","PO_002351","FL_0017","FL","2024-06-06",101,2,"COMPLETE",-1,true
"RCP_008859","SHP_008844","PO_007433","FL_0010","FL","2024-06-06",116,0,"PARTIAL",1,true
"RCP_008860","SHP_008838","PO_006319","BP_0010","BP","2024-06-06",82,0,"COMPLETE",0,true
"RCP_008861","SHP_008909","PO_001891","FL_0007","FL","2024-06-06",76,0,"COMPLETE",1,true
"RCP_008862","SHP_008839","PO_006626","BP_0018","BP","2024-06-06",76,0,"COMPLETE",5,true
"RCP_008863","SHP_008816","PO_001136","UO_0013","UO","2024-06-06",122,0,"COMPLETE",4,true
"RCP_008864","SHP_008830","PO_000315","FL_0012","FL","2024-06-07",147,0,"COMPLETE",1,true
"RCP_008865","SHP_008726","PO_003907","FL_0007","FL","2024-06-07",87,0,"COMPLETE",10,true
"RCP_008866","SHP_008963","PO_004010","BP_0001","BP","2024-06-07",194,0,"COMPLETE",-1,true
"RCP_008867","SHP_008925","PO_009450","FL_0019","FL","2024-06-07",21,0,"COMPLETE",2,true
"RCP_008868","SHP_008903","PO_010050","UO_0010","UO","2024-06-07",136,0,"PARTIAL",1,true
"RCP_008869","SHP_009008","PO_000629","UO_0008","UO","2024-06-07",198,0,"COMPLETE",2,true
"RCP_008870","SHP_008787","PO_010117","FL_0005","FL","2024-06-07",76,0,"PARTIAL",6,true
"RCP_008871","SHP_008705","PO_003024","FL_0011","FL","2024-06-07",59,0,"PARTIAL",11,true
"RCP_008872","SHP_008841","PO_006983","BP_0006","BP","2024-06-07",82,0,"COMPLETE",1,true
"RCP_008873","SHP_008747","PO_009372","BP_0006","BP","2024-06-07",83,0,"COMPLETE",8,true
"RCP_008874","SHP_008797","PO_005817","BP_0014","BP","2024-06-07",152,0,"PARTIAL",0,true
"RCP_008875","SHP_008701","PO_001469","FL_0018","FL","2024-06-07",96,0,"PARTIAL",11,true
"RCP_008876","SHP_008907","PO_001729","FL_0004","FL","2024-06-07",193,0,"COMPLETE",2,true
"RCP_008877","SHP_008926","PO_000285","FL_0012","FL","2024-06-08",194,0,"COMPLETE",2,true
"RCP_008878","SHP_008933","PO_004952","FL_0012","FL","2024-06-08",12,0,"COMPLETE",2,true
"RCP_008879","SHP_008786","PO_008539","BP_0010","BP","2024-06-08",20,0,"COMPLETE",6,true
"RCP_008880","SHP_008935","PO_005400","BP_0003","BP","2024-06-08",166,0,"COMPLETE",3,true
"RCP_008881","SHP_008912","PO_004320","UO_0004","UO","2024-06-08",46,0,"COMPLETE",5,true
"RCP_008882","SHP_009032","PO_007836","BP_0009","BP","2024-06-08",39,0,"COMPLETE",0,true
"RCP_008883","SHP_008800","PO_008063","FL_0002","FL","2024-06-08",157,0,"COMPLETE",5,true
"RCP_008884","SHP_008961","PO_001118","BP_0016","BP","2024-06-08",52,0,"COMPLETE",1,true
"RCP_008885","SHP_008972","PO_000614","FL_0002","FL","2024-06-08",117,0,"COMPLETE",-1,true
"RCP_008886","SHP_008887","PO_003780","BP_0015","BP","2024-06-08",54,0,"PARTIAL",5,true
"RCP_008887","SHP_008751","PO_002719","BP_0010","BP","2024-06-08",96,0,"COMPLETE",4,true
"RCP_008888","SHP_008921","PO_006899","BP_0012","BP","2024-06-08",32,0,"COMPLETE",3,true
"RCP_008889","SHP_008955","PO_008864","BP_0005","BP","2024-06-08",95,0,"COMPLETE",1,true
"RCP_008890","SHP_008950","PO_005348","UO_0014","UO","2024-06-09",29,0,"COMPLETE",4,true
"RCP_008891","SHP_008853","PO_005437","UO_0012","UO","2024-06-09",140,0,"COMPLETE",3,true
"RCP_008892","SHP_009051","PO_004430","BP_0007","BP","2024-06-09",68,3,"COMPLETE",-1,true
"RCP_008893","SHP_008952","PO_007877","FL_0013","FL","2024-06-09",35,0,"COMPLETE",2,true
"RCP_008894","SHP_008944","PO_002208","UO_0013","UO","2024-06-09",192,0,"COMPLETE",0,true
"RCP_008895","SHP_009002","PO_007994","FL_0017","FL","2024-06-09",121,0,"COMPLETE",-1,true
"RCP_008896","SHP_008924","PO_009358","FL_0001","FL","2024-06-09",124,0,"COMPLETE",0,true
"RCP_008897","SHP_008990","PO_009399","UO_0016","UO","2024-06-09",144,0,"COMPLETE",2,true
"RCP_008898","SHP_008968","PO_009622","UO_0019","UO","2024-06-09",173,0,"COMPLETE",3,true
"RCP_008899","SHP_008738","PO_002892","UO_0003","UO","2024-06-09",106,0,"COMPLETE",11,true
"RCP_008900","SHP_008874","PO_006864","UO_0016","UO","2024-06-09",54,0,"COMPLETE",4,true
"RCP_008901","SHP_008850","PO_001997","FL_0008","FL","2024-06-09",89,0,"PARTIAL",3,true
"RCP_008902","SHP_009026","PO_002603","BP_0004","BP","2024-06-09",177,0,"COMPLETE",1,true
"RCP_008903","SHP_008948","PO_003689","FL_0013","FL","2024-06-09",19,0,"PARTIAL",2,true
"RCP_008904","SHP_008910","PO_003350","BP_0009","BP","2024-06-09",143,0,"COMPLETE",4,true
"RCP_008905","SHP_008969","PO_000076","BP_0005","BP","2024-06-10",38,2,"COMPLETE",2,true
"RCP_008906","SHP_009013","PO_004122","UO_0018","UO","2024-06-10",150,0,"PARTIAL",1,true
"RCP_008907","SHP_008871","PO_005449","FL_0020","FL","2024-06-10",98,0,"COMPLETE",2,true
"RCP_008908","SHP_008981","PO_004276","FL_0002","FL","2024-06-10",59,0,"COMPLETE",1,true
"RCP_008909","SHP_008837","PO_005616","BP_0005","BP","2024-06-10",41,0,"COMPLETE",4,true
"RCP_008910","SHP_008860","PO_007992","BP_0005","BP","2024-06-10",89,0,"COMPLETE",3,true
"RCP_008911","SHP_009004","PO_009436","FL_0001","FL","2024-06-10",153,0,"COMPLETE",0,true
"RCP_008912","SHP_008848","PO_009455","UO_0008","UO","2024-06-10",55,0,"PARTIAL",5,true
"RCP_008913","SHP_008957","PO_009971","UO_0020","UO","2024-06-10",167,0,"COMPLETE",1,true
"RCP_008914","SHP_008930","PO_002889","FL_0020","FL","2024-06-10",105,0,"PARTIAL",0,true
"RCP_008915","SHP_009062","PO_001767","BP_0009","BP","2024-06-10",77,0,"COMPLETE",-1,true
"RCP_008916","SHP_008917","PO_005854","FL_0005","FL","2024-06-10",196,0,"COMPLETE",1,true
"RCP_008917","SHP_009020","PO_009138","FL_0011","FL","2024-06-10",24,0,"COMPLETE",-1,true
"RCP_008918","SHP_008938","PO_007524","BP_0017","BP","2024-06-10",71,0,"COMPLETE",5,true
"RCP_008919","SHP_008885","PO_002304","BP_0008","BP","2024-06-10",198,0,"COMPLETE",1,true
"RCP_008920","SHP_008840","PO_006937","BP_0009","BP","2024-06-10",150,0,"COMPLETE",0,true
"RCP_008921","SHP_009011","PO_000966","FL_0006","FL","2024-06-10",131,0,"COMPLETE",-1,true
"RCP_008922","SHP_008817","PO_004557","FL_0013","FL","2024-06-11",83,0,"COMPLETE",7,true
"RCP_008923","SHP_008768","PO_004628","FL_0003","FL","2024-06-11",20,0,"PARTIAL",11,true
"RCP_008924","SHP_008770","PO_005005","FL_0018","FL","2024-06-11",142,0,"PARTIAL",11,true
"RCP_008925","SHP_008847","PO_008744","FL_0017","FL","2024-06-11",82,0,"PARTIAL",6,true
"RCP_008926","SHP_008878","PO_008745","FL_0010","FL","2024-06-11",184,0,"PARTIAL",4,true
"RCP_008927","SHP_008987","PO_007710","FL_0007","FL","2024-06-11",152,0,"COMPLETE",2,true
"RCP_008928","SHP_008877","PO_007759","BP_0008","BP","2024-06-11",153,0,"COMPLETE",3,true
"RCP_008929","SHP_009005","PO_010103","FL_0017","FL","2024-06-11",159,0,"COMPLETE",1,true
"RCP_008930","SHP_008998","PO_006156","FL_0008","FL","2024-06-11",63,0,"COMPLETE",1,true
"RCP_008931","SHP_008936","PO_005771","UO_0012","UO","2024-06-11",94,0,"COMPLETE",3,true
"RCP_008932","SHP_009010","PO_000735","BP_0012","BP","2024-06-11",92,0,"COMPLETE",1,true
"RCP_008933","SHP_009055","PO_006386","BP_0015","BP","2024-06-11",71,0,"COMPLETE",1,true
"RCP_008934","SHP_008793","PO_004294","FL_0012","FL","2024-06-11",187,0,"COMPLETE",9,true
"RCP_008935","SHP_008893","PO_007262","FL_0016","FL","2024-06-11",181,0,"COMPLETE",2,true
"RCP_008936","SHP_008976","PO_001696","BP_0015","BP","2024-06-11",124,0,"COMPLETE",3,true
"RCP_008937","SHP_009009","PO_000664","FL_0010","FL","2024-06-11",161,6,"COMPLETE",0,true
"RCP_008938","SHP_008782","PO_005922","FL_0017","FL","2024-06-11",165,0,"COMPLETE",10,true
"RCP_008939","SHP_008870","PO_005211","FL_0013","FL","2024-06-11",44,0,"COMPLETE",3,true
"RCP_008940","SHP_008898","PO_008908","FL_0007","FL","2024-06-11",64,0,"COMPLETE",2,true
"RCP_008941","SHP_008913","PO_004744","BP_0019","BP","2024-06-12",42,0,"COMPLETE",2,true
"RCP_008942","SHP_008931","PO_004287","FL_0008","FL","2024-06-12",161,0,"PARTIAL",1,true
"RCP_008943","SHP_008996","PO_004307","UO_0013","UO","2024-06-12",119,0,"COMPLETE",4,true
"RCP_008944","SHP_008785","PO_007805","FL_0011","FL","2024-06-12",131,6,"COMPLETE",11,true
"RCP_008945","SHP_009057","PO_007922","UO_0013","UO","2024-06-12",96,0,"COMPLETE",0,true
"RCP_008946","SHP_009046","PO_009164","FL_0014","FL","2024-06-12",148,0,"COMPLETE",-1,true
"RCP_008947","SHP_008863","PO_009231","FL_0013","FL","2024-06-12",188,0,"COMPLETE",6,true
"RCP_008948","SHP_008900","PO_009263","BP_0004","BP","2024-06-12",56,0,"PARTIAL",3,true
"RCP_008949","SHP_009038","PO_003666","BP_0015","BP","2024-06-12",197,0,"COMPLETE",0,true
"RCP_008950","SHP_008777","PO_002506","FL_0008","FL","2024-06-12",139,0,"PARTIAL",11,true
"RCP_008951","SHP_008832","PO_002844","FL_0010","FL","2024-06-12",185,0,"PARTIAL",7,true
"RCP_008952","SHP_008807","PO_001883","FL_0004","FL","2024-06-12",33,0,"COMPLETE",9,true
"RCP_008953","SHP_009098","PO_006512","UO_0008","UO","2024-06-12",56,0,"COMPLETE",1,true
"RCP_008954","SHP_008902","PO_009659","FL_0001","FL","2024-06-12",149,0,"COMPLETE",4,true
"RCP_008955","SHP_008960","PO_000924","BP_0019","BP","2024-06-12",92,0,"PARTIAL",5,true
"RCP_008956","SHP_008810","PO_003483","FL_0020","FL","2024-06-12",86,0,"COMPLETE",9,true
"RCP_008957","SHP_009015","PO_004619","BP_0014","BP","2024-06-13",85,0,"COMPLETE",2,true
"RCP_008958","SHP_008934","PO_005150","FL_0013","FL","2024-06-13",56,0,"COMPLETE",3,true
"RCP_008959","SHP_008854","PO_005485","FL_0018","FL","2024-06-13",175,0,"COMPLETE",7,true
"RCP_008960","SHP_008813","PO_005500","BP_0003","BP","2024-06-13",170,0,"COMPLETE",9,true
"RCP_008961","SHP_008780","PO_005555","FL_0010","FL","2024-06-13",59,0,"COMPLETE",12,true
"RCP_008962","SHP_008833","PO_003426","BP_0004","BP","2024-06-13",134,0,"COMPLETE",3,true
"RCP_008963","SHP_008984","PO_006791","BP_0013","BP","2024-06-13",133,0,"COMPLETE",4,true
"RCP_008964","SHP_008908","PO_001818","FL_0016","FL","2024-06-13",157,0,"COMPLETE",4,true
"RCP_008965","SHP_008875","PO_007134","UO_0020","UO","2024-06-13",157,2,"COMPLETE",6,true
"RCP_008966","SHP_008940","PO_008409","BP_0004","BP","2024-06-13",32,0,"COMPLETE",2,true
"RCP_008967","SHP_008975","PO_001316","FL_0009","FL","2024-06-13",65,0,"COMPLETE",-1,true
"RCP_008968","SHP_008966","PO_007037","FL_0010","FL","2024-06-13",199,0,"COMPLETE",0,true
"RCP_008969","SHP_009022","PO_009638","BP_0006","BP","2024-06-13",56,2,"COMPLETE",3,true
"RCP_008970","SHP_008970","PO_000201","FL_0017","FL","2024-06-14",30,1,"PARTIAL",0,true
"RCP_008971","SHP_009024","PO_000376","FL_0013","FL","2024-06-14",78,0,"COMPLETE",2,true
"RCP_008972","SHP_008846","PO_008608","FL_0018","FL","2024-06-14",40,0,"PARTIAL",9,true
"RCP_008973","SHP_008954","PO_008650","UO_0010","UO","2024-06-14",45,0,"COMPLETE",5,true
"RCP_008974","SHP_009083","PO_007732","BP_0014","BP","2024-06-14",109,0,"COMPLETE",-1,true
"RCP_008975","SHP_008988","PO_009082","FL_0008","FL","2024-06-14",150,0,"COMPLETE",0,true
"RCP_008976","SHP_008993","PO_001159","FL_0007","FL","2024-06-14",66,0,"COMPLETE",0,true
"RCP_008977","SHP_008979","PO_003803","BP_0017","BP","2024-06-14",140,0,"COMPLETE",5,true
"RCP_008978","SHP_009117","PO_001565","UO_0017","UO","2024-06-14",22,0,"COMPLETE",1,true
"RCP_008979","SHP_009107","PO_001673","UO_0018","UO","2024-06-14",37,0,"COMPLETE",2,true
"RCP_008980","SHP_009030","PO_006939","BP_0005","BP","2024-06-14",86,0,"COMPLETE",2,true
"RCP_008981","SHP_009093","PO_002618","BP_0010","BP","2024-06-14",99,0,"COMPLETE",1,true
"RCP_008982","SHP_009036","PO_002300","BP_0017","BP","2024-06-14",160,0,"COMPLETE",2,true
"RCP_008983","SHP_008985","PO_007112","BP_0002","BP","2024-06-14",178,0,"PARTIAL",5,true
"RCP_008984","SHP_008937","PO_006168","BP_0018","BP","2024-06-14",104,0,"COMPLETE",-1,true
"RCP_008985","SHP_008962","PO_003036","FL_0017","FL","2024-06-14",131,0,"COMPLETE",1,true
"RCP_008986","SHP_009023","PO_000324","BP_0004","BP","2024-06-15",143,0,"COMPLETE",4,true
"RCP_008987","SHP_009052","PO_004574","FL_0006","FL","2024-06-15",71,0,"COMPLETE",1,true
"RCP_008988","SHP_009068","PO_004675","FL_0004","FL","2024-06-15",131,0,"COMPLETE",0,true
"RCP_008989","SHP_008819","PO_005450","FL_0002","FL","2024-06-15",176,7,"COMPLETE",11,true
"RCP_008990","SHP_008886","PO_002438","FL_0006","FL","2024-06-15",76,0,"COMPLETE",7,true
"RCP_008991","SHP_008918","PO_006411","FL_0016","FL","2024-06-15",95,3,"PARTIAL",6,true
"RCP_008992","SHP_008851","PO_002131","BP_0013","BP","2024-06-15",53,0,"COMPLETE",4,true
"RCP_008993","SHP_009060","PO_010130","UO_0007","UO","2024-06-15",94,0,"COMPLETE",3,true
"RCP_008994","SHP_009066","PO_002870","FL_0014","FL","2024-06-15",83,0,"COMPLETE",0,true
"RCP_008995","SHP_009037","PO_002633","BP_0017","BP","2024-06-15",109,0,"COMPLETE",2,true
"RCP_008996","SHP_009042","PO_007283","UO_0004","UO","2024-06-15",177,5,"COMPLETE",4,true
"RCP_008997","SHP_008814","PO_009711","BP_0004","BP","2024-06-15",181,0,"COMPLETE",11,true
"RCP_008998","SHP_009079","PO_004469","FL_0001","FL","2024-06-15",84,2,"COMPLETE",-1,true
"RCP_008999","SHP_009130","PO_002736","UO_0002","UO","2024-06-15",70,0,"COMPLETE",1,true
"RCP_009000","SHP_009151","PO_008225","UO_0012","UO","2024-06-15",70,0,"PARTIAL",0,true
"RCP_009001","SHP_009073","PO_005997","BP_0004","BP","2024-06-15",44,0,"COMPLETE",0,true
"RCP_009002","SHP_009063","PO_001902","FL_0003","FL","2024-06-15",32,0,"COMPLETE",0,true
"RCP_009003","SHP_008992","PO_000964","FL_0009","FL","2024-06-15",163,0,"COMPLETE",1,true
"RCP_009004","SHP_009016","PO_004621","BP_0005","BP","2024-06-16",59,0,"COMPLETE",0,true
"RCP_009005","SHP_009044","PO_008428","UO_0019","UO","2024-06-16",31,0,"COMPLETE",5,true
"RCP_009006","SHP_009017","PO_005501","BP_0004","BP","2024-06-16",68,0,"COMPLETE",5,true
"RCP_009007","SHP_008916","PO_005604","BP_0012","BP","2024-06-16",76,0,"COMPLETE",2,true
"RCP_009008","SHP_009050","PO_004373","UO_0006","UO","2024-06-16",153,0,"COMPLETE",4,true
"RCP_009009","SHP_009059","PO_009794","UO_0010","UO","2024-06-16",26,0,"COMPLETE",4,true
"RCP_009010","SHP_009086","PO_009850","BP_0018","BP","2024-06-16",177,0,"COMPLETE",0,true
"RCP_009011","SHP_008890","PO_006015","FL_0005","FL","2024-06-16",23,0,"PARTIAL",8,true
"RCP_009012","SHP_009054","PO_006372","BP_0015","BP","2024-06-16",95,0,"COMPLETE",3,true
"RCP_009013","SHP_009081","PO_005912","FL_0018","FL","2024-06-16",39,0,"COMPLETE",0,true
"RCP_009014","SHP_008866","PO_000820","FL_0001","FL","2024-06-16",57,0,"PARTIAL",9,true
"RCP_009015","SHP_009141","PO_004165","BP_0019","BP","2024-06-16",99,0,"COMPLETE",-1,true
"RCP_009016","SHP_009000","PO_007357","FL_0012","FL","2024-06-16",112,0,"PARTIAL",1,true
"RCP_009017","SHP_009088","PO_000248","FL_0002","FL","2024-06-17",64,0,"COMPLETE",0,true
"RCP_009018","SHP_009006","PO_000341","BP_0014","BP","2024-06-17",97,0,"PARTIAL",1,true
"RCP_009019","SHP_009007","PO_000495","BP_0010","BP","2024-06-17",116,0,"COMPLETE",1,true
"RCP_009020","SHP_009121","PO_005298","BP_0019","BP","2024-06-17",188,0,"COMPLETE",-1,true
"RCP_009021","SHP_009069","PO_005021","FL_0009","FL","2024-06-17",75,0,"COMPLETE",2,true
"RCP_009022","SHP_009040","PO_005364","BP_0017","BP","2024-06-17",106,0,"COMPLETE",5,true
"RCP_009023","SHP_009114","PO_007717","FL_0012","FL","2024-06-17",129,0,"PARTIAL",-1,true
"RCP_009024","SHP_008884","PO_002220","BP_0019","BP","2024-06-17",79,0,"PARTIAL",4,true
"RCP_009025","SHP_009084","PO_008185","FL_0011","FL","2024-06-17",151,0,"COMPLETE",1,true
"RCP_009026","SHP_009104","PO_008983","UO_0003","UO","2024-06-17",104,0,"COMPLETE",2,true
"RCP_009027","SHP_009091","PO_001156","BP_0018","BP","2024-06-17",44,2,"COMPLETE",0,true
"RCP_009028","SHP_009108","PO_002377","BP_0004","BP","2024-06-17",180,0,"COMPLETE",-1,true
"RCP_009029","SHP_008865","PO_009731","FL_0011","FL","2024-06-17",95,0,"PARTIAL",11,true
"RCP_009030","SHP_008881","PO_009888","BP_0019","BP","2024-06-17",38,0,"PARTIAL",5,true
"RCP_009031","SHP_009095","PO_003028","BP_0015","BP","2024-06-17",34,0,"PARTIAL",0,true
"RCP_009032","SHP_009082","PO_006098","FL_0016","FL","2024-06-17",46,0,"COMPLETE",1,true
"RCP_009033","SHP_009148","PO_006404","BP_0009","BP","2024-06-17",144,0,"COMPLETE",0,true
"RCP_009034","SHP_008831","PO_001320","FL_0002","FL","2024-06-17",178,0,"COMPLETE",12,true
"RCP_009035","SHP_008892","PO_006689","BP_0019","BP","2024-06-17",126,0,"COMPLETE",4,true
"RCP_009036","SHP_008905","PO_001431","FL_0014","FL","2024-06-17",63,0,"COMPLETE",8,true
"RCP_009037","SHP_009110","PO_004665","BP_0006","BP","2024-06-18",186,0,"PARTIAL",1,true
"RCP_009038","SHP_008971","PO_000465","FL_0006","FL","2024-06-18",129,0,"PARTIAL",4,true
"RCP_009039","SHP_008980","PO_004003","UO_0013","UO","2024-06-18",76,0,"COMPLETE",5,true
"RCP_009040","SHP_009071","PO_005409","BP_0005","BP","2024-06-18",93,0,"PARTIAL",4,true
"RCP_009041","SHP_008923","PO_007727","BP_0012","BP","2024-06-18",123,0,"PARTIAL",4,true
"RCP_009042","SHP_009123","PO_006958","FL_0013","FL","2024-06-18",44,0,"PARTIAL",-1,true
"RCP_009043","SHP_009064","PO_002029","BP_0016","BP","2024-06-18",200,0,"COMPLETE",4,true
"RCP_009044","SHP_009113","PO_007378","FL_0011","FL","2024-06-18",193,0,"COMPLETE",0,true
"RCP_009045","SHP_008999","PO_007303","FL_0012","FL","2024-06-18",119,0,"COMPLETE",3,true
"RCP_009046","SHP_008873","PO_005732","BP_0013","BP","2024-06-18",177,0,"COMPLETE",10,true
"RCP_009047","SHP_008896","PO_008067","BP_0007","BP","2024-06-18",26,0,"COMPLETE",5,true
"RCP_009048","SHP_009029","PO_006646","FL_0001","FL","2024-06-18",63,0,"COMPLETE",1,true
"RCP_009049","SHP_009122","PO_006574","UO_0008","UO","2024-06-18",159,4,"COMPLETE",1,true
"RCP_009050","SHP_008965","PO_005856","FL_0011","FL","2024-06-18",81,0,"COMPLETE",5,true
"RCP_009051","SHP_009143","PO_004766","UO_0003","UO","2024-06-19",39,2,"COMPLETE",0,true
"RCP_009052","SHP_009070","PO_005278","BP_0005","BP","2024-06-19",49,0,"COMPLETE",5,true
"RCP_009053","SHP_009109","PO_003911","FL_0010","FL","2024-06-19",176,0,"COMPLETE",1,true
"RCP_009054","SHP_009186","PO_004518","BP_0005","BP","2024-06-19",140,0,"COMPLETE",-1,true
"RCP_009055","SHP_008967","PO_008997","FL_0002","FL","2024-06-19",115,0,"PARTIAL",7,true
"RCP_009056","SHP_008964","PO_005802","FL_0009","FL","2024-06-19",45,1,"PARTIAL",7,true
"RCP_009057","SHP_009159","PO_002121","BP_0016","BP","2024-06-19",24,0,"COMPLETE",1,true
"RCP_009058","SHP_008951","PO_006748","BP_0012","BP","2024-06-19",54,0,"COMPLETE",3,true
"RCP_009059","SHP_008867","PO_001648","FL_0005","FL","2024-06-19",64,0,"COMPLETE",12,true
"RCP_009060","SHP_008942","PO_009634","BP_0019","BP","2024-06-19",148,0,"COMPLETE",4,true
"RCP_009061","SHP_009067","PO_003065","FL_0001","FL","2024-06-19",72,0,"PARTIAL",0,true
"RCP_009062","SHP_009115","PO_008307","FL_0008","FL","2024-06-19",78,1,"COMPLETE",1,true
"RCP_009063","SHP_008982","PO_004502","BP_0019","BP","2024-06-19",81,0,"PARTIAL",5,true
"RCP_009064","SHP_009085","PO_009492","BP_0020","BP","2024-06-19",144,0,"PARTIAL",4,true
"RCP_009065","SHP_009061","PO_000849","FL_0004","FL","2024-06-19",51,0,"PARTIAL",-1,true
"RCP_009066","SHP_009074","PO_007237","BP_0002","BP","2024-06-19",91,0,"COMPLETE",5,true
"RCP_009067","SHP_009080","PO_004717","BP_0018","BP","2024-06-20",149,0,"COMPLETE",5,true
"RCP_009068","SHP_008995","PO_004033","BP_0009","BP","2024-06-20",107,0,"COMPLETE",1,true
"RCP_009069","SHP_009160","PO_004108","BP_0013","BP","2024-06-20",71,0,"COMPLETE",2,true
"RCP_009070","SHP_009028","PO_005468","UO_0020","UO","2024-06-20",151,0,"PARTIAL",4,true
"RCP_009071","SHP_009149","PO_006506","BP_0015","BP","2024-06-20",103,0,"COMPLETE",0,true
"RCP_009072","SHP_009142","PO_004429","FL_0012","FL","2024-06-20",170,0,"COMPLETE",-1,true
"RCP_009073","SHP_009003","PO_009295","BP_0010","BP","2024-06-20",55,0,"COMPLETE",1,true
"RCP_009074","SHP_009129","PO_002437","FL_0006","FL","2024-06-20",117,0,"COMPLETE",0,true
"RCP_009075","SHP_008946","PO_002444","FL_0016","FL","2024-06-20",70,0,"COMPLETE",9,true
"RCP_009076","SHP_009089","PO_000586","BP_0016","BP","2024-06-20",27,0,"PARTIAL",4,true
"RCP_009077","SHP_009158","PO_001946","BP_0016","BP","2024-06-20",167,0,"COMPLETE",-1,true
"RCP_009078","SHP_009120","PO_004364","FL_0010","FL","2024-06-20",27,0,"COMPLETE",1,true
"RCP_009079","SHP_009018","PO_006436","BP_0014","BP","2024-06-20",106,0,"COMPLETE",0,true
"RCP_009080","SHP_009201","PO_006396","UO_0018","UO","2024-06-20",65,0,"COMPLETE",1,true
"RCP_009081","SHP_009105","PO_009012","BP_0008","BP","2024-06-20",174,0,"COMPLETE",4,true
"RCP_009082","SHP_008927","PO_001375","UO_0015","UO","2024-06-20",82,0,"COMPLETE",10,true
"RCP_009083","SHP_009223","PO_000045","UO_0007","UO","2024-06-21",141,0,"COMPLETE",0,true
"RCP_009084","SHP_009048","PO_000116","FL_0014","FL","2024-06-21",175,0,"COMPLETE",2,true
"RCP_009085","SHP_009156","PO_000537","FL_0013","FL","2024-06-21",108,0,"COMPLETE",-1,true
"RCP_009086","SHP_009096","PO_003928","FL_0006","FL","2024-06-21",66,0,"PARTIAL",0,true
"RCP_009087","SHP_009161","PO_005106","FL_0008","FL","2024-06-21",109,0,"COMPLETE",-1,true
"RCP_009088","SHP_009221","PO_008799","BP_0018","BP","2024-06-21",171,0,"COMPLETE",-1,true
"RCP_009089","SHP_008959","PO_000897","BP_0013","BP","2024-06-21",68,0,"PARTIAL",8,true
"RCP_009090","SHP_009025","PO_001300","UO_0017","UO","2024-06-21",135,0,"COMPLETE",5,true
"RCP_009091","SHP_009174","PO_005716","BP_0014","BP","2024-06-21",149,0,"COMPLETE",2,true
"RCP_009092","SHP_009033","PO_008120","FL_0019","FL","2024-06-21",24,0,"COMPLETE",5,true
"RCP_009093","SHP_009135","PO_007662","FL_0014","FL","2024-06-21",123,0,"COMPLETE",1,true
"RCP_009094","SHP_008974","PO_000869","BP_0019","BP","2024-06-21",17,0,"PARTIAL",3,true
"RCP_009095","SHP_009150","PO_007397","UO_0017","UO","2024-06-21",30,0,"COMPLETE",2,true
"RCP_009096","SHP_008958","PO_000004","FL_0008","FL","2024-06-22",171,0,"PARTIAL",10,true
"RCP_009097","SHP_009043","PO_008422","FL_0013","FL","2024-06-22",78,0,"COMPLETE",4,true
"RCP_009098","SHP_009001","PO_007900","BP_0020","BP","2024-06-22",108,0,"PARTIAL",7,true
"RCP_009099","SHP_009087","PO_010090","BP_0006","BP","2024-06-22",148,0,"PARTIAL",1,true
"RCP_009100","SHP_009139","PO_003694","BP_0001","BP","2024-06-22",50,0,"COMPLETE",1,true
"RCP_009101","SHP_009165","PO_007056","BP_0010","BP","2024-06-22",59,0,"COMPLETE",1,true
"RCP_009102","SHP_009204","PO_006705","BP_0020","BP","2024-06-22",188,0,"COMPLETE",1,true
"RCP_009103","SHP_008956","PO_009422","FL_0010","FL","2024-06-22",180,0,"COMPLETE",11,true
"RCP_009104","SHP_009101","PO_007430","FL_0003","FL","2024-06-22",23,0,"COMPLETE",1,true
"RCP_009105","SHP_009012","PO_002450","BP_0009","BP","2024-06-22",70,0,"PARTIAL",2,true
"RCP_009106","SHP_009179","PO_000144","FL_0011","FL","2024-06-23",169,0,"COMPLETE",-1,true
"RCP_009107","SHP_009138","PO_000196","FL_0006","FL","2024-06-23",178,0,"COMPLETE",2,true
"RCP_009108","SHP_008983","PO_004858","UO_0013","UO","2024-06-23",138,0,"COMPLETE",10,true
"RCP_009109","SHP_009106","PO_001060","FL_0016","FL","2024-06-23",37,0,"PARTIAL",0,true
"RCP_009110","SHP_009065","PO_002267","UO_0019","UO","2024-06-23",108,0,"COMPLETE",4,true
"RCP_009111","SHP_009154","PO_009445","FL_0017","FL","2024-06-23",141,6,"COMPLETE",2,true
"RCP_009112","SHP_009075","PO_009486","BP_0002","BP","2024-06-23",44,0,"COMPLETE",-1,true
"RCP_009113","SHP_008973","PO_000644","FL_0002","FL","2024-06-23",116,0,"COMPLETE",10,true
"RCP_009114","SHP_009164","PO_006186","UO_0013","UO","2024-06-23",107,0,"COMPLETE",3,true
"RCP_009115","SHP_009231","PO_006908","BP_0020","BP","2024-06-23",89,0,"COMPLETE",0,true
"RCP_009116","SHP_008989","PO_009175","BP_0015","BP","2024-06-23",22,0,"PARTIAL",9,true
"RCP_009117","SHP_009188","PO_007294","FL_0019","FL","2024-06-23",95,0,"COMPLETE",-1,true
"RCP_009118","SHP_008978","PO_003612","FL_0002","FL","2024-06-23",153,0,"COMPLETE",10,true
"RCP_009119","SHP_009180","PO_000429","FL_0005","FL","2024-06-24",113,0,"COMPLETE",0,true
"RCP_009120","SHP_009181","PO_000486","FL_0020","FL","2024-06-24",112,0,"COMPLETE",0,true
"RCP_009121","SHP_009198","PO_004900","UO_0008","UO","2024-06-24",75,0,"PARTIAL",1,true
"RCP_009122","SHP_009166","PO_008316","UO_0003","UO","2024-06-24",158,0,"COMPLETE",0,true
"RCP_009123","SHP_009241","PO_003944","BP_0007","BP","2024-06-24",165,0,"COMPLETE",0,true
"RCP_009124","SHP_009014","PO_004243","BP_0005","BP","2024-06-24",36,0,"COMPLETE",4,true
"RCP_009125","SHP_009163","PO_005558","UO_0020","UO","2024-06-24",30,0,"COMPLETE",4,true
"RCP_009126","SHP_009049","PO_003588","BP_0014","BP","2024-06-24",94,0,"COMPLETE",5,true
"RCP_009127","SHP_009094","PO_002820","FL_0008","FL","2024-06-24",111,0,"COMPLETE",2,true
"RCP_009128","SHP_009220","PO_008560","UO_0017","UO","2024-06-24",74,0,"COMPLETE",0,true
"RCP_009129","SHP_009237","PO_002296","UO_0014","UO","2024-06-24",85,0,"PARTIAL",2,true
"RCP_009130","SHP_008994","PO_001336","UO_0009","UO","2024-06-24",151,0,"COMPLETE",10,true
"RCP_009131","SHP_009124","PO_009311","UO_0009","UO","2024-06-24",57,0,"COMPLETE",1,true
"RCP_009132","SHP_009128","PO_001588","BP_0014","BP","2024-06-24",16,0,"COMPLETE",5,true
"RCP_009133","SHP_008986","PO_007492","BP_0020","BP","2024-06-24",178,0,"COMPLETE",10,true
"RCP_009134","SHP_009034","PO_000012","BP_0020","BP","2024-06-25",134,0,"COMPLETE",3,true
"RCP_009135","SHP_009162","PO_005316","BP_0019","BP","2024-06-25",33,0,"PARTIAL",3,true
"RCP_009136","SHP_009039","PO_004956","FL_0013","FL","2024-06-25",191,0,"COMPLETE",8,true
"RCP_009137","SHP_009136","PO_008715","FL_0014","FL","2024-06-25",19,0,"COMPLETE",0,true
"RCP_009138","SHP_009021","PO_009387","FL_0012","FL","2024-06-25",198,0,"COMPLETE",10,true
"RCP_009139","SHP_009116","PO_010091","FL_0004","FL","2024-06-25",155,0,"COMPLETE",3,true
"RCP_009140","SHP_009035","PO_001414","BP_0020","BP","2024-06-25",74,0,"PARTIAL",3,true
"RCP_009141","SHP_009092","PO_001925","FL_0006","FL","2024-06-25",32,0,"PARTIAL",4,true
"RCP_009142","SHP_009189","PO_008069","FL_0005","FL","2024-06-25",139,0,"COMPLETE",1,true
"RCP_009143","SHP_009152","PO_008411","FL_0009","FL","2024-06-25",172,0,"PARTIAL",-1,true
"RCP_009144","SHP_009294","PO_005680","UO_0018","UO","2024-06-25",89,0,"COMPLETE",0,true
"RCP_009145","SHP_009078","PO_003314","FL_0007","FL","2024-06-25",24,0,"COMPLETE",4,true
"RCP_009146","SHP_009056","PO_007604","BP_0008","BP","2024-06-25",74,0,"COMPLETE",6,true
"RCP_009147","SHP_009284","PO_000047","BP_0015","BP","2024-06-26",199,0,"COMPLETE",-1,true
"RCP_009148","SHP_008997","PO_005557","FL_0006","FL","2024-06-26",181,0,"PARTIAL",12,true
"RCP_009149","SHP_009222","PO_009795","FL_0008","FL","2024-06-26",151,0,"COMPLETE",0,true
"RCP_009150","SHP_009200","PO_005918","FL_0017","FL","2024-06-26",40,0,"COMPLETE",1,true
"RCP_009151","SHP_009232","PO_007620","UO_0009","UO","2024-06-26",128,0,"COMPLETE",1,true
"RCP_009152","SHP_009195","PO_003638","FL_0016","FL","2024-06-26",58,0,"COMPLETE",1,true
"RCP_009153","SHP_009144","PO_004923","BP_0010","BP","2024-06-26",153,0,"COMPLETE",5,true
"RCP_009154","SHP_009031","PO_007505","BP_0008","BP","2024-06-26",135,0,"COMPLETE",5,true
"RCP_009155","SHP_009239","PO_003440","BP_0008","BP","2024-06-26",28,0,"COMPLETE",2,true
"RCP_009156","SHP_009216","PO_005114","FL_0007","FL","2024-06-27",117,0,"COMPLETE",1,true
"RCP_009157","SHP_009245","PO_005483","FL_0007","FL","2024-06-27",83,0,"COMPLETE",-1,true
"RCP_009158","SHP_009133","PO_005527","UO_0012","UO","2024-06-27",152,2,"COMPLETE",5,true
"RCP_009159","SHP_009102","PO_007714","BP_0004","BP","2024-06-27",107,1,"COMPLETE",1,true
"RCP_009160","SHP_009077","PO_001209","BP_0018","BP","2024-06-27",22,0,"COMPLETE",2,true
"RCP_009161","SHP_009262","PO_006665","BP_0001","BP","2024-06-27",144,0,"COMPLETE",-1,true
"RCP_009162","SHP_009213","PO_002669","FL_0003","FL","2024-06-27",32,0,"COMPLETE",1,true
"RCP_009163","SHP_009219","PO_007636","BP_0006","BP","2024-06-27",94,0,"COMPLETE",2,true
"RCP_009164","SHP_009254","PO_003094","BP_0019","BP","2024-06-27",35,0,"PARTIAL",-1,true
"RCP_009165","SHP_009041","PO_005529","FL_0020","FL","2024-06-27",32,0,"COMPLETE",10,true
"RCP_009166","SHP_009099","PO_006594","FL_0005","FL","2024-06-27",66,0,"COMPLETE",6,true
"RCP_009167","SHP_009194","PO_002950","FL_0007","FL","2024-06-27",120,0,"PARTIAL",2,true
"RCP_009168","SHP_009047","PO_009655","FL_0012","FL","2024-06-27",45,0,"PARTIAL",10,true
"RCP_009169","SHP_009053","PO_004767","BP_0014","BP","2024-06-28",117,0,"PARTIAL",5,true
"RCP_009170","SHP_009027","PO_004945","FL_0016","FL","2024-06-28",57,0,"COMPLETE",12,true
"RCP_009171","SHP_009145","PO_005098","FL_0008","FL","2024-06-28",102,0,"COMPLETE",2,true
"RCP_009172","SHP_009197","PO_004004","BP_0015","BP","2024-06-28",140,0,"PARTIAL",4,true
"RCP_009173","SHP_009191","PO_008842","BP_0002","BP","2024-06-28",156,0,"COMPLETE",5,true
"RCP_009174","SHP_009244","PO_005339","BP_0010","BP","2024-06-28",115,0,"COMPLETE",0,true
"RCP_009175","SHP_009252","PO_001119","FL_0017","FL","2024-06-28",167,0,"COMPLETE",-1,true
"RCP_009176","SHP_009269","PO_009894","FL_0006","FL","2024-06-28",122,0,"COMPLETE",-1,true
"RCP_009177","SHP_009210","PO_000565","FL_0019","FL","2024-06-28",74,0,"COMPLETE",2,true
"RCP_009178","SHP_009134","PO_005660","FL_0002","FL","2024-06-28",41,0,"COMPLETE",3,true
"RCP_009179","SHP_009212","PO_001507","FL_0018","FL","2024-06-28",116,0,"COMPLETE",2,true
"RCP_009180","SHP_009301","PO_010059","UO_0012","UO","2024-06-28",25,1,"PARTIAL",-1,true
"RCP_009181","SHP_009248","PO_008413","UO_0010","UO","2024-06-29",171,0,"COMPLETE",-1,true
"RCP_009182","SHP_009334","PO_008824","BP_0005","BP","2024-06-29",72,0,"COMPLETE",0,true
"RCP_009183","SHP_009278","PO_006498","BP_0016","BP","2024-06-29",50,0,"PARTIAL",-1,true
"RCP_009184","SHP_009127","PO_001032","FL_0002","FL","2024-06-29",60,0,"COMPLETE",5,true
"RCP_009185","SHP_009045","PO_009157","FL_0011","FL","2024-06-29",43,0,"COMPLETE",12,true
"RCP_009186","SHP_009058","PO_009330","FL_0003","FL","2024-06-29",49,0,"COMPLETE",11,true
"RCP_009187","SHP_009097","PO_006163","BP_0015","BP","2024-06-29",23,0,"PARTIAL",7,true
"RCP_009188","SHP_009202","PO_006400","BP_0003","BP","2024-06-29",152,0,"COMPLETE",4,true
"RCP_009189","SHP_009235","PO_001483","FL_0010","FL","2024-06-29",137,0,"PARTIAL",1,true
"RCP_009190","SHP_009175","PO_007150","FL_0013","FL","2024-06-29",68,0,"COMPLETE",1,true
"RCP_009191","SHP_009279","PO_006808","BP_0007","BP","2024-06-29",27,0,"COMPLETE",-1,true
"RCP_009192","SHP_009176","PO_007642","FL_0017","FL","2024-06-29",25,0,"COMPLETE",1,true
"RCP_009193","SHP_009227","PO_002631","FL_0010","FL","2024-06-29",50,0,"COMPLETE",2,true
"RCP_009194","SHP_009205","PO_008270","FL_0012","FL","2024-06-29",67,0,"COMPLETE",0,true
"RCP_009195","SHP_009271","PO_001274","FL_0013","FL","2024-06-29",98,0,"COMPLETE",-1,true
"RCP_009196","SHP_009119","PO_002559","FL_0010","FL","2024-06-29",82,0,"COMPLETE",6,true
"RCP_009197","SHP_009076","PO_001072","BP_0005","BP","2024-06-29",108,0,"COMPLETE",8,true
"RCP_009198","SHP_009206","PO_009141","FL_0019","FL","2024-06-29",146,0,"PARTIAL",-1,true
"RCP_009199","SHP_009209","PO_000124","FL_0001","FL","2024-06-30",149,0,"COMPLETE",-1,true
"RCP_009200","SHP_009103","PO_008687","BP_0010","BP","2024-06-30",38,0,"PARTIAL",4,true
"RCP_009201","SHP_009288","PO_004079","FL_0006","FL","2024-06-30",19,0,"COMPLETE",-1,true
"RCP_009202","SHP_009140","PO_004128","FL_0002","FL","2024-06-30",117,0,"COMPLETE",4,true
"RCP_009203","SHP_009281","PO_008849","FL_0020","FL","2024-06-30",96,0,"COMPLETE",0,true
"RCP_009204","SHP_009072","PO_005614","BP_0006","BP","2024-06-30",158,0,"COMPLETE",10,true
"RCP_009205","SHP_009289","PO_004385","FL_0003","FL","2024-06-30",82,0,"COMPLETE",-1,true
"RCP_009206","SHP_009273","PO_002175","FL_0018","FL","2024-06-30",51,0,"COMPLETE",0,true
"RCP_009207","SHP_009234","PO_008034","BP_0007","BP","2024-06-30",71,0,"PARTIAL",3,true
"RCP_009208","SHP_009349","PO_009148","BP_0010","BP","2024-06-30",58,0,"COMPLETE",0,true
"RCP_009209","SHP_009183","PO_002442","FL_0002","FL","2024-06-30",75,0,"COMPLETE",2,true
"RCP_009210","SHP_009337","PO_003078","BP_0014","BP","2024-06-30",149,0,"COMPLETE",0,true
"RCP_009211","SHP_009217","PO_006232","BP_0016","BP","2024-06-30",108,0,"PARTIAL",4,true
"RCP_009212","SHP_009256","PO_003591","BP_0008","BP","2024-06-30",85,0,"COMPLETE",2,true
"RCP_009213","SHP_009311","PO_005938","BP_0009","BP","2024-06-30",73,0,"COMPLETE",2,true
"RCP_009214","SHP_009112","PO_007325","BP_0018","BP","2024-06-30",42,0,"COMPLETE",3,true
"RCP_009215","SHP_009322","PO_010186","UO_0015","UO","2024-06-30",20,0,"COMPLETE",0,true
"RCP_009216","SHP_009240","PO_003826","BP_0018","BP","2024-06-30",131,0,"COMPLETE",3,true
"RCP_009217","SHP_009137","PO_009302","BP_0010","BP","2024-06-30",32,0,"COMPLETE",1,true
"RCP_009218","SHP_009312","PO_005944","BP_0012","BP","2024-06-30",178,0,"COMPLETE",2,true
"RCP_009219","SHP_009310","PO_004657","UO_0012","UO","2024-07-01",170,0,"COMPLETE",1,true
"RCP_009220","SHP_009290","PO_004762","FL_0001","FL","2024-07-01",104,0,"COMPLETE",0,true
"RCP_009221","SHP_009215","PO_004981","FL_0009","FL","2024-07-01",96,0,"COMPLETE",0,true
"RCP_009222","SHP_009257","PO_004175","FL_0001","FL","2024-07-01",136,0,"COMPLETE",2,true
"RCP_009223","SHP_009203","PO_006623","FL_0013","FL","2024-07-01",21,0,"COMPLETE",1,true
"RCP_009224","SHP_009264","PO_007581","FL_0005","FL","2024-07-01",148,0,"COMPLETE",2,true
"RCP_009225","SHP_009270","PO_000592","UO_0018","UO","2024-07-01",123,0,"PARTIAL",3,true
"RCP_009226","SHP_009307","PO_001886","BP_0018","BP","2024-07-01",151,0,"COMPLETE",-1,true
"RCP_009227","SHP_009199","PO_005749","FL_0002","FL","2024-07-01",165,0,"PARTIAL",2,true
"RCP_009228","SHP_009172","PO_002857","BP_0017","BP","2024-07-01",30,0,"COMPLETE",-1,true
"RCP_009229","SHP_009364","PO_007597","BP_0010","BP","2024-07-01",184,0,"COMPLETE",0,true
"RCP_009230","SHP_009132","PO_003554","BP_0004","BP","2024-07-01",135,0,"COMPLETE",2,true
"RCP_009231","SHP_009167","PO_009021","FL_0004","FL","2024-07-01",47,0,"PARTIAL",4,true
"RCP_009232","SHP_009171","PO_002691","FL_0004","FL","2024-07-01",183,0,"COMPLETE",4,true
"RCP_009233","SHP_009280","PO_007382","UO_0016","UO","2024-07-01",30,0,"COMPLETE",-1,true
"RCP_009234","SHP_009169","PO_000962","UO_0017","UO","2024-07-01",29,0,"PARTIAL",4,true
"RCP_009235","SHP_009260","PO_006169","FL_0013","FL","2024-07-01",39,0,"COMPLETE",2,true
"RCP_009236","SHP_009146","PO_005537","BP_0019","BP","2024-07-01",148,0,"COMPLETE",1,true
"RCP_009237","SHP_009303","PO_000306","BP_0020","BP","2024-07-02",84,0,"PARTIAL",1,true
"RCP_009238","SHP_009317","PO_008448","FL_0005","FL","2024-07-02",157,0,"COMPLETE",0,true
"RCP_009239","SHP_009173","PO_003979","BP_0014","BP","2024-07-02",167,0,"COMPLETE",0,true
"RCP_009240","SHP_009266","PO_007866","BP_0015","BP","2024-07-02",196,0,"COMPLETE",3,true
"RCP_009241","SHP_009315","PO_008092","FL_0007","FL","2024-07-02",45,0,"COMPLETE",0,true
"RCP_009242","SHP_009274","PO_002433","FL_0005","FL","2024-07-02",163,0,"COMPLETE",2,true
"RCP_009243","SHP_009350","PO_009775","UO_0017","UO","2024-07-02",45,0,"COMPLETE",0,true
"RCP_009244","SHP_009100","PO_007171","UO_0016","UO","2024-07-02",98,0,"PARTIAL",11,true
"RCP_009245","SHP_009298","PO_006784","UO_0004","UO","2024-07-02",13,0,"COMPLETE",3,true
"RCP_009246","SHP_009268","PO_008329","BP_0020","BP","2024-07-02",109,0,"COMPLETE",4,true
"RCP_009247","SHP_009263","PO_007458","BP_0004","BP","2024-07-02",75,0,"COMPLETE",4,true
"RCP_009248","SHP_009170","PO_001760","FL_0007","FL","2024-07-02",142,0,"PARTIAL",5,true
"RCP_009249","SHP_009285","PO_000353","FL_0002","FL","2024-07-03",96,0,"COMPLETE",2,true
"RCP_009250","SHP_009291","PO_004825","FL_0001","FL","2024-07-03",112,0,"COMPLETE",2,true
"RCP_009251","SHP_009111","PO_005135","FL_0003","FL","2024-07-03",100,0,"COMPLETE",11,true
"RCP_009252","SHP_009258","PO_004283","FL_0016","FL","2024-07-03",180,0,"COMPLETE",-1,true
"RCP_009253","SHP_009265","PO_007694","BP_0018","BP","2024-07-03",88,0,"COMPLETE",5,true
"RCP_009254","SHP_009090","PO_001025","FL_0011","FL","2024-07-03",15,0,"PARTIAL",12,true
"RCP_009255","SHP_009326","PO_002325","UO_0015","UO","2024-07-03",15,0,"COMPLETE",2,true
"RCP_009256","SHP_009147","PO_006220","FL_0012","FL","2024-07-03",69,0,"COMPLETE",8,true
"RCP_009257","SHP_009338","PO_003747","BP_0018","BP","2024-07-03",26,0,"COMPLETE",0,true
"RCP_009258","SHP_009228","PO_002802","FL_0008","FL","2024-07-03",98,0,"PARTIAL",2,true
"RCP_009259","SHP_009282","PO_008905","BP_0016","BP","2024-07-03",37,0,"PARTIAL",3,true
"RCP_009260","SHP_009118","PO_001586","FL_0016","FL","2024-07-03",62,0,"PARTIAL",10,true
"RCP_009261","SHP_009177","PO_009804","UO_0004","UO","2024-07-03",46,0,"PARTIAL",6,true
"RCP_009262","SHP_009125","PO_009561","FL_0006","FL","2024-07-03",126,0,"PARTIAL",10,true
"RCP_009263","SHP_009131","PO_003521","FL_0011","FL","2024-07-03",66,0,"COMPLETE",9,true
"RCP_009264","SHP_009251","PO_000302","FL_0011","FL","2024-07-04",18,0,"COMPLETE",1,true
"RCP_009265","SHP_009242","PO_004821","FL_0012","FL","2024-07-04",193,0,"COMPLETE",1,true
"RCP_009266","SHP_009360","PO_004907","FL_0016","FL","2024-07-04",186,0,"COMPLETE",-1,true
"RCP_009267","SHP_009332","PO_008328","UO_0020","UO","2024-07-04",63,0,"PARTIAL",3,true
"RCP_009268","SHP_009320","PO_008989","BP_0003","BP","2024-07-04",125,0,"COMPLETE",2,true
"RCP_009269","SHP_009267","PO_008238","FL_0011","FL","2024-07-04",111,2,"COMPLETE",0,true
"RCP_009270","SHP_009355","PO_002430","UO_0007","UO","2024-07-04",35,0,"PARTIAL",1,true
"RCP_009271","SHP_009168","PO_009724","FL_0013","FL","2024-07-04",61,0,"COMPLETE",8,true
"RCP_009272","SHP_009305","PO_001496","FL_0011","FL","2024-07-04",193,0,"COMPLETE",2,true
"RCP_009273","SHP_009341","PO_005832","BP_0012","BP","2024-07-04",112,0,"COMPLETE",1,true
"RCP_009274","SHP_009336","PO_001885","FL_0013","FL","2024-07-04",100,0,"PARTIAL",0,true
"RCP_009275","SHP_009335","PO_001012","BP_0015","BP","2024-07-04",79,0,"PARTIAL",1,true
"RCP_009276","SHP_009306","PO_001745","FL_0011","FL","2024-07-04",13,0,"PARTIAL",2,true
"RCP_009277","SHP_009426","PO_008928","BP_0001","BP","2024-07-04",31,0,"COMPLETE",-1,true
"RCP_009278","SHP_009371","PO_002819","BP_0001","BP","2024-07-04",112,0,"COMPLETE",2,true
"RCP_009279","SHP_009196","PO_003778","BP_0010","BP","2024-07-04",80,0,"COMPLETE",0,true
"RCP_009280","SHP_009178","PO_000066","FL_0008","FL","2024-07-05",114,0,"PARTIAL",7,true
"RCP_009281","SHP_009359","PO_004763","FL_0018","FL","2024-07-05",179,0,"COMPLETE",0,true
"RCP_009282","SHP_009424","PO_008374","BP_0016","BP","2024-07-05",191,0,"COMPLETE",0,true
"RCP_009283","SHP_009333","PO_008766","UO_0002","UO","2024-07-05",18,0,"PARTIAL",0,true
"RCP_009284","SHP_009157","PO_001086","BP_0006","BP","2024-07-05",108,0,"PARTIAL",4,true
"RCP_009285","SHP_009429","PO_009364","BP_0004","BP","2024-07-05",85,0,"COMPLETE",0,true
"RCP_009286","SHP_009351","PO_009805","FL_0011","FL","2024-07-05",91,0,"PARTIAL",1,true
"RCP_009287","SHP_009401","PO_006982","BP_0013","BP","2024-07-05",54,2,"COMPLETE",1,true
"RCP_009288","SHP_009224","PO_000728","BP_0019","BP","2024-07-05",165,0,"COMPLETE",-1,true
"RCP_009289","SHP_009272","PO_001360","FL_0018","FL","2024-07-05",24,0,"COMPLETE",0,true
"RCP_009290","SHP_009226","PO_001559","BP_0007","BP","2024-07-05",17,0,"COMPLETE",3,true
"RCP_009291","SHP_009361","PO_005896","FL_0013","FL","2024-07-05",65,0,"COMPLETE",0,true
"RCP_009292","SHP_009297","PO_006552","FL_0018","FL","2024-07-05",40,0,"PARTIAL",0,true
"RCP_009293","SHP_009126","PO_010141","FL_0006","FL","2024-07-05",61,0,"PARTIAL",12,true
"RCP_009294","SHP_009370","PO_001744","FL_0013","FL","2024-07-05",178,0,"COMPLETE",-1,true
"RCP_009295","SHP_009185","PO_003925","BP_0014","BP","2024-07-05",49,0,"COMPLETE",6,true
"RCP_009296","SHP_009347","PO_008215","FL_0011","FL","2024-07-05",149,0,"COMPLETE",1,true
"RCP_009297","SHP_009340","PO_005223","FL_0012","FL","2024-07-06",16,0,"COMPLETE",2,true
"RCP_009298","SHP_009187","PO_005029","FL_0005","FL","2024-07-06",83,0,"COMPLETE",8,true
"RCP_009299","SHP_009214","PO_004278","BP_0007","BP","2024-07-06",136,2,"PARTIAL",1,true
"RCP_009300","SHP_009346","PO_008132","BP_0008","BP","2024-07-06",98,0,"COMPLETE",3,true
"RCP_009301","SHP_009327","PO_003371","UO_0019","UO","2024-07-06",110,0,"COMPLETE",5,true
"RCP_009302","SHP_009357","PO_003700","BP_0004","BP","2024-07-06",199,0,"COMPLETE",2,true
"RCP_009303","SHP_009182","PO_001909","BP_0001","BP","2024-07-06",40,0,"COMPLETE",7,true
"RCP_009304","SHP_009286","PO_000719","BP_0007","BP","2024-07-06",107,0,"COMPLETE",5,true
"RCP_009305","SHP_009319","PO_008879","BP_0007","BP","2024-07-06",146,0,"COMPLETE",5,true
"RCP_009306","SHP_009153","PO_008910","FL_0009","FL","2024-07-06",143,0,"PARTIAL",11,true
"RCP_009307","SHP_009225","PO_001523","FL_0004","FL","2024-07-06",134,0,"PARTIAL",4,true
"RCP_009308","SHP_009155","PO_009758","FL_0010","FL","2024-07-06",136,0,"COMPLETE",11,true
"RCP_009309","SHP_009416","PO_003032","BP_0016","BP","2024-07-06",30,0,"COMPLETE",1,true
"RCP_009310","SHP_009208","PO_000013","FL_0014","FL","2024-07-07",143,0,"COMPLETE",7,true
"RCP_009311","SHP_009444","PO_000086","BP_0009","BP","2024-07-07",50,1,"COMPLETE",0,true
"RCP_009312","SHP_009418","PO_004577","UO_0012","UO","2024-07-07",99,0,"COMPLETE",0,true
"RCP_009313","SHP_009436","PO_004102","UO_0010","UO","2024-07-07",44,0,"COMPLETE",-1,true
"RCP_009314","SHP_009405","PO_007896","FL_0008","FL","2024-07-07",157,0,"COMPLETE",-1,true
"RCP_009315","SHP_009296","PO_006293","FL_0007","FL","2024-07-07",26,0,"COMPLETE",1,true
"RCP_009316","SHP_009309","PO_002822","FL_0006","FL","2024-07-07",165,0,"COMPLETE",0,true
"RCP_009317","SHP_009376","PO_007940","FL_0018","FL","2024-07-07",15,0,"COMPLETE",1,true
"RCP_009318","SHP_009387","PO_006812","FL_0007","FL","2024-07-07",176,0,"COMPLETE",0,true
"RCP_009319","SHP_009246","PO_005719","FL_0001","FL","2024-07-07",49,0,"COMPLETE",5,true
"RCP_009320","SHP_009247","PO_008077","BP_0013","BP","2024-07-07",173,0,"PARTIAL",0,true
"RCP_009321","SHP_009402","PO_007393","FL_0018","FL","2024-07-07",176,0,"COMPLETE",-1,true
"RCP_009322","SHP_009369","PO_001667","FL_0007","FL","2024-07-07",142,0,"COMPLETE",1,true
"RCP_009323","SHP_009229","PO_004263","UO_0020","UO","2024-07-07",115,0,"COMPLETE",6,true
"RCP_009324","SHP_009345","PO_008027","FL_0018","FL","2024-07-08",23,0,"COMPLETE",0,true
"RCP_009325","SHP_009408","PO_009092","UO_0002","UO","2024-07-08",111,0,"COMPLETE",2,true
"RCP_009326","SHP_009211","PO_001205","UO_0002","UO","2024-07-08",146,0,"COMPLETE",8,true
"RCP_009327","SHP_009392","PO_002909","BP_0005","BP","2024-07-08",121,0,"COMPLETE",0,true
"RCP_009328","SHP_009356","PO_003118","BP_0009","BP","2024-07-08",13,0,"COMPLETE",4,true
"RCP_009329","SHP_009447","PO_001870","BP_0018","BP","2024-07-08",109,0,"COMPLETE",1,true
"RCP_009330","SHP_009304","PO_000955","FL_0017","FL","2024-07-08",39,0,"COMPLETE",1,true
"RCP_009331","SHP_009328","PO_004365","FL_0001","FL","2024-07-08",70,0,"COMPLETE",1,true
"RCP_009332","SHP_009184","PO_003265","UO_0017","UO","2024-07-08",148,0,"COMPLETE",10,true
"RCP_009333","SHP_009321","PO_009902","FL_0006","FL","2024-07-08",32,0,"PARTIAL",2,true
"RCP_009334","SHP_009421","PO_006583","UO_0020","UO","2024-07-08",57,0,"COMPLETE",1,true
"RCP_009335","SHP_009390","PO_002084","FL_0002","FL","2024-07-08",122,0,"COMPLETE",0,true
"RCP_009336","SHP_009373","PO_003973","BP_0003","BP","2024-07-09",111,0,"COMPLETE",4,true
"RCP_009337","SHP_009451","PO_005159","BP_0015","BP","2024-07-09",107,0,"COMPLETE",2,true
"RCP_009338","SHP_009450","PO_004265","BP_0008","BP","2024-07-09",123,0,"PARTIAL",-1,true
"RCP_009339","SHP_009293","PO_005594","BP_0001","BP","2024-07-09",92,0,"PARTIAL",3,true
"RCP_009340","SHP_009339","PO_004303","FL_0010","FL","2024-07-09",99,0,"PARTIAL",0,true
"RCP_009341","SHP_009404","PO_007797","FL_0002","FL","2024-07-09",131,0,"COMPLETE",1,true
"RCP_009342","SHP_009300","PO_008160","FL_0003","FL","2024-07-09",173,0,"COMPLETE",4,true
"RCP_009343","SHP_009190","PO_008281","FL_0010","FL","2024-07-09",10,0,"PARTIAL",11,true
"RCP_009344","SHP_009238","PO_003385","FL_0010","FL","2024-07-09",25,0,"COMPLETE",7,true
"RCP_009345","SHP_009275","PO_002786","UO_0013","UO","2024-07-09",87,0,"COMPLETE",5,true
"RCP_009346","SHP_009236","PO_001761","FL_0017","FL","2024-07-09",96,0,"PARTIAL",7,true
"RCP_009347","SHP_009403","PO_007398","FL_0011","FL","2024-07-09",127,0,"COMPLETE",1,true
"RCP_009348","SHP_009352","PO_009963","FL_0003","FL","2024-07-09",161,0,"PARTIAL",0,true
"RCP_009349","SHP_009507","PO_009464","UO_0010","UO","2024-07-09",127,0,"COMPLETE",1,true
"RCP_009350","SHP_009193","PO_002657","FL_0018","FL","2024-07-09",94,0,"COMPLETE",10,true
"RCP_009351","SHP_009477","PO_000014","BP_0019","BP","2024-07-10",104,0,"COMPLETE",1,true
"RCP_009352","SHP_009469","PO_004743","BP_0005","BP","2024-07-10",131,0,"COMPLETE",-1,true
"RCP_009353","SHP_009324","PO_000539","FL_0016","FL","2024-07-10",136,0,"PARTIAL",2,true
"RCP_009354","SHP_009259","PO_004346","BP_0010","BP","2024-07-10",85,0,"COMPLETE",6,true
"RCP_009355","SHP_009233","PO_007767","BP_0010","BP","2024-07-10",67,0,"COMPLETE",4,true
"RCP_009356","SHP_009379","PO_002404","BP_0015","BP","2024-07-10",136,0,"PARTIAL",3,true
"RCP_009357","SHP_009375","PO_006019","FL_0013","FL","2024-07-10",45,0,"COMPLETE",-1,true
"RCP_009358","SHP_009253","PO_001592","FL_0016","FL","2024-07-10",133,0,"COMPLETE",7,true
"RCP_009359","SHP_009192","PO_001680","FL_0020","FL","2024-07-10",182,0,"COMPLETE",11,true
"RCP_009360","SHP_009325","PO_001959","BP_0020","BP","2024-07-10",18,0,"PARTIAL",2,true
"RCP_009361","SHP_009378","PO_002044","UO_0010","UO","2024-07-10",109,0,"COMPLETE",5,true
"RCP_009362","SHP_009218","PO_006910","BP_0007","BP","2024-07-10",62,0,"COMPLETE",9,true
"RCP_009363","SHP_009388","PO_007367","BP_0008","BP","2024-07-10",29,0,"COMPLETE",3,true
"RCP_009364","SHP_009433","PO_002365","BP_0004","BP","2024-07-10",31,0,"COMPLETE",1,true
"RCP_009365","SHP_009398","PO_005894","FL_0012","FL","2024-07-10",147,0,"COMPLETE",2,true
"RCP_009366","SHP_009207","PO_009416","FL_0013","FL","2024-07-10",178,0,"COMPLETE",11,true
"RCP_009367","SHP_009399","PO_005920","FL_0001","FL","2024-07-10",102,0,"PARTIAL",2,true
"RCP_009368","SHP_009487","PO_004688","BP_0019","BP","2024-07-11",32,0,"COMPLETE",2,true
"RCP_009369","SHP_009243","PO_004980","BP_0004","BP","2024-07-11",45,0,"COMPLETE",4,true
"RCP_009370","SHP_009425","PO_008629","FL_0012","FL","2024-07-11",81,0,"COMPLETE",2,true
"RCP_009371","SHP_009438","PO_005404","UO_0013","UO","2024-07-11",91,2,"COMPLETE",-1,true
"RCP_009372","SHP_009427","PO_009037","FL_0009","FL","2024-07-11",174,0,"COMPLETE",2,true
"RCP_009373","SHP_009384","PO_005943","FL_0012","FL","2024-07-11",42,0,"COMPLETE",0,true
"RCP_009374","SHP_009397","PO_005800","UO_0009","UO","2024-07-11",27,0,"COMPLETE",5,true
"RCP_009375","SHP_009441","PO_007120","FL_0013","FL","2024-07-11",176,0,"COMPLETE",1,true
"RCP_009376","SHP_009287","PO_002873","FL_0009","FL","2024-07-11",99,5,"PARTIAL",6,true
"RCP_009377","SHP_009414","PO_002680","UO_0004","UO","2024-07-11",38,0,"COMPLETE",0,true
"RCP_009378","SHP_009391","PO_002815","UO_0016","UO","2024-07-11",182,0,"COMPLETE",1,true
"RCP_009379","SHP_009458","PO_008779","BP_0008","BP","2024-07-12",26,0,"COMPLETE",1,true
"RCP_009380","SHP_009413","PO_002252","UO_0013","UO","2024-07-12",24,0,"PARTIAL",1,true
"RCP_009381","SHP_009411","PO_001076","UO_0007","UO","2024-07-12",32,0,"COMPLETE",1,true
"RCP_009382","SHP_009299","PO_007975","FL_0003","FL","2024-07-12",124,0,"PARTIAL",7,true
"RCP_009383","SHP_009459","PO_009028","UO_0004","UO","2024-07-12",39,0,"PARTIAL",3,true
"RCP_009384","SHP_009255","PO_003580","BP_0009","BP","2024-07-12",106,0,"PARTIAL",4,true
"RCP_009385","SHP_009342","PO_006530","UO_0017","UO","2024-07-12",99,0,"COMPLETE",4,true
"RCP_009386","SHP_009380","PO_003295","BP_0009","BP","2024-07-12",120,3,"COMPLETE",5,true
"RCP_009387","SHP_009422","PO_008046","UO_0014","UO","2024-07-12",110,0,"COMPLETE",5,true
"RCP_009388","SHP_009313","PO_006192","BP_0005","BP","2024-07-12",18,0,"COMPLETE",5,true
"RCP_009389","SHP_009442","PO_007129","UO_0014","UO","2024-07-12",172,0,"COMPLETE",0,true
"RCP_009390","SHP_009488","PO_005456","BP_0012","BP","2024-07-12",23,1,"COMPLETE",-1,true
"RCP_009391","SHP_009430","PO_001612","UO_0012","UO","2024-07-12",47,0,"COMPLETE",0,true
"RCP_009392","SHP_009383","PO_004879","FL_0010","FL","2024-07-13",14,0,"COMPLETE",2,true
"RCP_009393","SHP_009318","PO_008553","UO_0006","UO","2024-07-13",55,1,"PARTIAL",7,true
"RCP_009394","SHP_009437","PO_004505","UO_0019","UO","2024-07-13",105,0,"COMPLETE",1,true
"RCP_009395","SHP_009367","PO_009207","FL_0010","FL","2024-07-13",15,0,"PARTIAL",4,true
"RCP_009396","SHP_009372","PO_002939","FL_0002","FL","2024-07-13",108,0,"COMPLETE",3,true
"RCP_009397","SHP_009415","PO_002966","FL_0006","FL","2024-07-13",112,0,"PARTIAL",0,true
"RCP_009398","SHP_009439","PO_006176","BP_0016","BP","2024-07-13",193,0,"COMPLETE",3,true
"RCP_009399","SHP_009484","PO_003541","BP_0013","BP","2024-07-13",63,0,"COMPLETE",0,true
"RCP_009400","SHP_009358","PO_003741","FL_0003","FL","2024-07-13",200,0,"COMPLETE",4,true
"RCP_009401","SHP_009475","PO_007558","FL_0019","FL","2024-07-13",28,0,"COMPLETE",1,true
"RCP_009402","SHP_009331","PO_007181","FL_0012","FL","2024-07-13",160,0,"COMPLETE",5,true
"RCP_009403","SHP_009261","PO_006587","BP_0003","BP","2024-07-13",69,0,"PARTIAL",9,true
"RCP_009404","SHP_009431","PO_001638","BP_0005","BP","2024-07-13",31,0,"COMPLETE",4,true
"RCP_009405","SHP_009446","PO_001801","FL_0019","FL","2024-07-13",198,0,"COMPLETE",2,true
"RCP_009406","SHP_009302","PO_010127","FL_0001","FL","2024-07-13",140,0,"PARTIAL",8,true
"RCP_009407","SHP_009389","PO_001115","FL_0016","FL","2024-07-13",19,0,"COMPLETE",0,true
"RCP_009408","SHP_009368","PO_010024","FL_0013","FL","2024-07-13",38,0,"PARTIAL",4,true
"RCP_009409","SHP_009435","PO_003235","BP_0015","BP","2024-07-13",171,0,"COMPLETE",4,true
"RCP_009410","SHP_009553","PO_006922","BP_0012","BP","2024-07-13",162,0,"COMPLETE",-1,true
"RCP_009411","SHP_009492","PO_007096","FL_0020","FL","2024-07-13",36,0,"COMPLETE",0,true
"RCP_009412","SHP_009478","PO_000019","FL_0005","FL","2024-07-14",119,0,"COMPLETE",1,true
"RCP_009413","SHP_009497","PO_000266","UO_0002","UO","2024-07-14",144,0,"COMPLETE",2,true
"RCP_009414","SHP_009464","PO_000525","BP_0004","BP","2024-07-14",140,0,"PARTIAL",2,true
"RCP_009415","SHP_009277","PO_005057","BP_0014","BP","2024-07-14",98,0,"COMPLETE",9,true
"RCP_009416","SHP_009493","PO_008565","UO_0019","UO","2024-07-14",135,0,"PARTIAL",3,true
"RCP_009417","SHP_009423","PO_008107","BP_0009","BP","2024-07-14",156,0,"COMPLETE",0,true
"RCP_009418","SHP_009353","PO_001092","FL_0006","FL","2024-07-14",14,0,"COMPLETE",5,true
"RCP_009419","SHP_009283","PO_009437","BP_0016","BP","2024-07-14",173,0,"COMPLETE",5,true
"RCP_009420","SHP_009249","PO_009617","FL_0018","FL","2024-07-14",17,0,"COMPLETE",12,true
"RCP_009421","SHP_009496","PO_009923","FL_0011","FL","2024-07-14",130,0,"COMPLETE",1,true
"RCP_009422","SHP_009230","PO_005775","BP_0013","BP","2024-07-14",32,0,"COMPLETE",12,true
"RCP_009423","SHP_009476","PO_008899","FL_0005","FL","2024-07-14",192,0,"COMPLETE",2,true
"RCP_009424","SHP_009559","PO_002774","BP_0004","BP","2024-07-14",91,0,"COMPLETE",-1,true
"RCP_009425","SHP_009473","PO_006521","BP_0013","BP","2024-07-14",177,0,"COMPLETE",3,true
"RCP_009426","SHP_009329","PO_005145","FL_0013","FL","2024-07-14",37,0,"COMPLETE",7,true
"RCP_009427","SHP_009466","PO_004362","FL_0006","FL","2024-07-14",98,0,"COMPLETE",2,true
"RCP_009428","SHP_009354","PO_001272","FL_0012","FL","2024-07-14",196,0,"COMPLETE",5,true
"RCP_009429","SHP_009276","PO_003757","FL_0011","FL","2024-07-14",32,0,"PARTIAL",10,true
"RCP_009430","SHP_009460","PO_009232","BP_0018","BP","2024-07-14",110,0,"COMPLETE",4,true
"RCP_009431","SHP_009323","PO_000035","BP_0003","BP","2024-07-15",69,0,"COMPLETE",3,true
"RCP_009432","SHP_009250","PO_000202","UO_0020","UO","2024-07-15",167,5,"COMPLETE",12,true
"RCP_009433","SHP_009468","PO_004738","UO_0020","UO","2024-07-15",143,0,"COMPLETE",5,true
"RCP_009434","SHP_009551","PO_004184","BP_0003","BP","2024-07-15",17,0,"COMPLETE",1,true
"RCP_009435","SHP_009365","PO_008844","FL_0010","FL","2024-07-15",160,0,"COMPLETE",6,true
"RCP_009436","SHP_009516","PO_005398","FL_0014","FL","2024-07-15",78,0,"COMPLETE",0,true
"RCP_009437","SHP_009419","PO_005524","FL_0005","FL","2024-07-15",108,0,"COMPLETE",1,true
"RCP_009438","SHP_009396","PO_004525","UO_0005","UO","2024-07-15",84,0,"COMPLETE",5,true
"RCP_009439","SHP_009348","PO_009039","FL_0014","FL","2024-07-15",81,0,"COMPLETE",7,true
"RCP_009440","SHP_009534","PO_009631","BP_0013","BP","2024-07-15",101,0,"PARTIAL",-1,true
"RCP_009441","SHP_009393","PO_003649","BP_0010","BP","2024-07-15",20,0,"PARTIAL",2,true
"RCP_009442","SHP_009344","PO_006756","FL_0012","FL","2024-07-15",33,0,"PARTIAL",7,true
"RCP_009443","SHP_009486","PO_004411","FL_0007","FL","2024-07-15",63,0,"PARTIAL",2,true
"RCP_009444","SHP_009470","PO_004808","UO_0003","UO","2024-07-15",28,0,"COMPLETE",5,true
"RCP_009445","SHP_009491","PO_006902","BP_0018","BP","2024-07-15",111,0,"PARTIAL",2,true
"RCP_009446","SHP_009314","PO_007747","BP_0020","BP","2024-07-15",42,0,"COMPLETE",4,true
"RCP_009447","SHP_009499","PO_002094","FL_0009","FL","2024-07-15",142,0,"COMPLETE",1,true
"RCP_009448","SHP_009462","PO_000070","FL_0010","FL","2024-07-16",75,0,"PARTIAL",0,true
"RCP_009449","SHP_009292","PO_005299","FL_0011","FL","2024-07-16",66,0,"PARTIAL",11,true
"RCP_009450","SHP_009395","PO_004176","BP_0016","BP","2024-07-16",118,0,"COMPLETE",-1,true
"RCP_009451","SHP_009585","PO_007799","UO_0015","UO","2024-07-16",78,0,"COMPLETE",1,true
"RCP_009452","SHP_009308","PO_002201","FL_0014","FL","2024-07-16",115,0,"PARTIAL",10,true
"RCP_009453","SHP_009410","PO_009940","FL_0013","FL","2024-07-16",14,0,"PARTIAL",3,true
"RCP_009454","SHP_009295","PO_006110","BP_0015","BP","2024-07-16",15,0,"COMPLETE",10,true
"RCP_009455","SHP_009385","PO_006254","FL_0007","FL","2024-07-16",189,0,"COMPLETE",5,true
"RCP_009456","SHP_009343","PO_006720","BP_0006","BP","2024-07-16",39,0,"COMPLETE",3,true
"RCP_009457","SHP_009362","PO_006081","BP_0002","BP","2024-07-16",169,0,"COMPLETE",2,true
"RCP_009458","SHP_009562","PO_004017","BP_0006","BP","2024-07-17",168,0,"PARTIAL",-1,true
"RCP_009459","SHP_009407","PO_008776","FL_0004","FL","2024-07-17",114,0,"COMPLETE",5,true
"RCP_009460","SHP_009618","PO_002148","UO_0012","UO","2024-07-17",186,0,"COMPLETE",-1,true
"RCP_009461","SHP_009555","PO_009812","FL_0004","FL","2024-07-17",47,0,"COMPLETE",-1,true
"RCP_009462","SHP_009449","PO_003143","FL_0018","FL","2024-07-17",97,0,"COMPLETE",2,true
"RCP_009463","SHP_009490","PO_006591","BP_0008","BP","2024-07-17",23,0,"COMPLETE",5,true
"RCP_009464","SHP_009529","PO_006582","BP_0006","BP","2024-07-17",32,0,"COMPLETE",2,true
"RCP_009465","SHP_009549","PO_002674","FL_0017","FL","2024-07-17",22,0,"COMPLETE",-1,true
"RCP_009466","SHP_009480","PO_001910","BP_0010","BP","2024-07-17",25,0,"COMPLETE",5,true
"RCP_009467","SHP_009532","PO_008174","BP_0006","BP","2024-07-17",86,0,"COMPLETE",1,true
"RCP_009468","SHP_009386","PO_006555","FL_0002","FL","2024-07-17",57,0,"COMPLETE",6,true
"RCP_009469","SHP_009432","PO_001837","FL_0014","FL","2024-07-17",131,0,"COMPLETE",3,true
"RCP_009470","SHP_009330","PO_005955","FL_0005","FL","2024-07-17",73,0,"PARTIAL",10,true
"RCP_009471","SHP_009558","PO_001173","BP_0001","BP","2024-07-17",22,0,"PARTIAL",-1,true
"RCP_009472","SHP_009518","PO_007215","BP_0003","BP","2024-07-17",38,0,"PARTIAL",2,true
"RCP_009473","SHP_009591","PO_002549","UO_0015","UO","2024-07-17",103,0,"COMPLETE",1,true
"RCP_009474","SHP_009557","PO_000141","BP_0020","BP","2024-07-18",162,0,"COMPLETE",-1,true
"RCP_009475","SHP_009542","PO_004594","FL_0009","FL","2024-07-18",170,0,"COMPLETE",1,true
"RCP_009476","SHP_009535","PO_000392","FL_0007","FL","2024-07-18",31,0,"COMPLETE",1,true
"RCP_009477","SHP_009382","PO_004875","BP_0006","BP","2024-07-18",124,0,"PARTIAL",2,true
"RCP_009478","SHP_009563","PO_004972","BP_0013","BP","2024-07-18",164,0,"COMPLETE",0,true
"RCP_009479","SHP_009316","PO_008446","BP_0019","BP","2024-07-18",163,0,"COMPLETE",11,true
"RCP_009480","SHP_009636","PO_004246","UO_0018","UO","2024-07-18",160,0,"COMPLETE",-1,true
"RCP_009481","SHP_009554","PO_007871","FL_0017","FL","2024-07-18",125,0,"COMPLETE",0,true
"RCP_009482","SHP_009412","PO_001199","FL_0018","FL","2024-07-18",140,0,"COMPLETE",5,true
"RCP_009483","SHP_009508","PO_009729","UO_0014","UO","2024-07-18",37,0,"COMPLETE",2,true
"RCP_009484","SHP_009485","PO_003576","FL_0007","FL","2024-07-18",183,0,"COMPLETE",1,true
"RCP_009485","SHP_009482","PO_002623","BP_0013","BP","2024-07-18",91,0,"COMPLETE",5,true
"RCP_009486","SHP_009400","PO_006652","FL_0006","FL","2024-07-18",59,0,"COMPLETE",5,true
"RCP_009487","SHP_009560","PO_003475","UO_0006","UO","2024-07-18",126,0,"COMPLETE",1,true
"RCP_009488","SHP_009479","PO_000960","BP_0007","BP","2024-07-18",120,0,"COMPLETE",5,true
"RCP_009489","SHP_009512","PO_001417","BP_0002","BP","2024-07-18",193,0,"COMPLETE",3,true
"RCP_009490","SHP_009566","PO_007060","FL_0014","FL","2024-07-18",114,0,"COMPLETE",-1,true
"RCP_009491","SHP_009524","PO_001451","BP_0001","BP","2024-07-18",40,0,"COMPLETE",2,true
"RCP_009492","SHP_009519","PO_007281","UO_0002","UO","2024-07-18",104,0,"COMPLETE",5,true
"RCP_009493","SHP_009463","PO_000371","FL_0002","FL","2024-07-19",94,0,"PARTIAL",2,true
"RCP_009494","SHP_009515","PO_005169","BP_0016","BP","2024-07-19",129,2,"COMPLETE",4,true
"RCP_009495","SHP_009504","PO_005204","BP_0019","BP","2024-07-19",20,0,"COMPLETE",5,true
"RCP_009496","SHP_009374","PO_004074","BP_0002","BP","2024-07-19",115,0,"COMPLETE",4,true
"RCP_009497","SHP_009366","PO_009201","UO_0014","UO","2024-07-19",71,0,"COMPLETE",10,true
"RCP_009498","SHP_009569","PO_009577","FL_0020","FL","2024-07-19",150,0,"COMPLETE",0,true
"RCP_009499","SHP_009495","PO_009786","FL_0007","FL","2024-07-19",191,0,"COMPLETE",1,true
"RCP_009500","SHP_009483","PO_003455","UO_0004","UO","2024-07-19",129,0,"PARTIAL",2,true
"RCP_009501","SHP_009526","PO_001914","UO_0019","UO","2024-07-19",199,0,"COMPLETE",5,true
"RCP_009502","SHP_009541","PO_003762","BP_0007","BP","2024-07-19",150,0,"COMPLETE",2,true
"RCP_009503","SHP_009377","PO_008315","BP_0010","BP","2024-07-20",58,0,"COMPLETE",5,true
"RCP_009504","SHP_009581","PO_005187","FL_0003","FL","2024-07-20",183,0,"COMPLETE",-1,true
"RCP_009505","SHP_009452","PO_005394","FL_0012","FL","2024-07-20",159,0,"COMPLETE",4,true
"RCP_009506","SHP_009601","PO_009337","BP_0019","BP","2024-07-20",184,0,"COMPLETE",-1,true
"RCP_009507","SHP_009443","PO_010207","FL_0012","FL","2024-07-20",138,0,"COMPLETE",6,true
"RCP_009508","SHP_009571","PO_003266","FL_0007","FL","2024-07-20",112,0,"COMPLETE",0,true
"RCP_009509","SHP_009537","PO_002111","BP_0007","BP","2024-07-20",148,0,"COMPLETE",3,true
"RCP_009510","SHP_009513","PO_003604","FL_0006","FL","2024-07-20",155,0,"PARTIAL",0,true
"RCP_009511","SHP_009453","PO_006680","BP_0012","BP","2024-07-20",125,0,"COMPLETE",4,true
"RCP_009512","SHP_009600","PO_008357","BP_0001","BP","2024-07-21",177,0,"COMPLETE",0,true
"RCP_009513","SHP_009456","PO_008489","BP_0019","BP","2024-07-21",173,0,"COMPLETE",1,true
"RCP_009514","SHP_009594","PO_004096","BP_0017","BP","2024-07-21",64,0,"PARTIAL",0,true
"RCP_009515","SHP_009582","PO_005652","BP_0001","BP","2024-07-21",105,0,"COMPLETE",1,true
"RCP_009516","SHP_009574","PO_008039","UO_0020","UO","2024-07-21",99,0,"PARTIAL",3,true
"RCP_009517","SHP_009536","PO_001224","BP_0002","BP","2024-07-21",123,0,"COMPLETE",4,true
"RCP_009518","SHP_009420","PO_006259","BP_0008","BP","2024-07-21",42,0,"COMPLETE",3,true
"RCP_009519","SHP_009394","PO_003792","FL_0011","FL","2024-07-21",104,0,"COMPLETE",9,true
"RCP_009520","SHP_009577","PO_000635","BP_0002","BP","2024-07-21",76,0,"PARTIAL",1,true
"RCP_009521","SHP_009621","PO_003714","BP_0009","BP","2024-07-21",194,0,"COMPLETE",1,true
"RCP_009522","SHP_009363","PO_007471","UO_0013","UO","2024-07-21",39,0,"COMPLETE",12,true
"RCP_009523","SHP_009474","PO_007049","BP_0004","BP","2024-07-21",101,0,"COMPLETE",0,true
"RCP_009524","SHP_009457","PO_008702","BP_0006","BP","2024-07-21",120,0,"COMPLETE",5,true
"RCP_009525","SHP_009525","PO_001799","FL_0004","FL","2024-07-21",16,0,"COMPLETE",0,true
"RCP_009526","SHP_009603","PO_000231","FL_0003","FL","2024-07-22",98,0,"COMPLETE",-1,true
"RCP_009527","SHP_009564","PO_005308","BP_0008","BP","2024-07-22",82,0,"COMPLETE",4,true
"RCP_009528","SHP_009528","PO_004944","UO_0002","UO","2024-07-22",130,0,"PARTIAL",4,true
"RCP_009529","SHP_009612","PO_008609","FL_0001","FL","2024-07-22",49,0,"COMPLETE",-1,true
"RCP_009530","SHP_009489","PO_005488","UO_0010","UO","2024-07-22",134,0,"PARTIAL",5,true
"RCP_009531","SHP_009521","PO_007690","UO_0012","UO","2024-07-22",69,0,"PARTIAL",3,true
"RCP_009532","SHP_009590","PO_002160","BP_0017","BP","2024-07-22",130,0,"COMPLETE",1,true
"RCP_009533","SHP_009522","PO_009847","UO_0017","UO","2024-07-22",16,0,"PARTIAL",3,true
"RCP_009534","SHP_009616","PO_009872","BP_0019","BP","2024-07-22",130,0,"COMPLETE",0,true
"RCP_009535","SHP_009505","PO_005967","FL_0018","FL","2024-07-22",12,0,"COMPLETE",3,true
"RCP_009536","SHP_009624","PO_006157","UO_0019","UO","2024-07-22",37,0,"COMPLETE",0,true
"RCP_009537","SHP_009608","PO_003256","FL_0001","FL","2024-07-22",148,0,"COMPLETE",-1,true
"RCP_009538","SHP_009609","PO_003512","FL_0005","FL","2024-07-22",91,0,"COMPLETE",-1,true
"RCP_009539","SHP_009506","PO_006415","BP_0007","BP","2024-07-22",105,0,"COMPLETE",3,true
"RCP_009540","SHP_009538","PO_002732","BP_0002","BP","2024-07-22",30,0,"COMPLETE",5,true
"RCP_009541","SHP_009587","PO_010208","UO_0013","UO","2024-07-22",65,0,"COMPLETE",3,true
"RCP_009542","SHP_009611","PO_007320","BP_0003","BP","2024-07-22",47,0,"PARTIAL",0,true
"RCP_009543","SHP_009615","PO_009515","FL_0008","FL","2024-07-22",170,0,"COMPLETE",-1,true
"RCP_009544","SHP_009406","PO_008123","FL_0016","FL","2024-07-22",137,0,"PARTIAL",10,true
"RCP_009545","SHP_009573","PO_005359","BP_0004","BP","2024-07-22",79,0,"COMPLETE",3,true
"RCP_009546","SHP_009381","PO_004563","FL_0008","FL","2024-07-23",71,0,"COMPLETE",12,true
"RCP_009547","SHP_009610","PO_004146","BP_0005","BP","2024-07-23",41,0,"COMPLETE",0,true
"RCP_009548","SHP_009654","PO_005578","BP_0010","BP","2024-07-23",100,0,"COMPLETE",1,true
"RCP_009549","SHP_009428","PO_009154","FL_0002","FL","2024-07-23",64,0,"COMPLETE",10,true
"RCP_009550","SHP_009481","PO_002426","BP_0009","BP","2024-07-23",104,0,"PARTIAL",5,true
"RCP_009551","SHP_009523","PO_009997","FL_0003","FL","2024-07-23",88,0,"PARTIAL",4,true
"RCP_009552","SHP_009434","PO_003178","BP_0003","BP","2024-07-23",83,0,"PARTIAL",8,true
"RCP_009553","SHP_009440","PO_006180","BP_0019","BP","2024-07-23",31,0,"COMPLETE",4,true
"RCP_009554","SHP_009520","PO_007316","FL_0002","FL","2024-07-23",72,0,"PARTIAL",4,true
"RCP_009555","SHP_009510","PO_001376","BP_0009","BP","2024-07-23",101,0,"COMPLETE",3,true
"RCP_009556","SHP_009494","PO_009099","FL_0017","FL","2024-07-23",37,0,"PARTIAL",5,true
"RCP_009557","SHP_009502","PO_004652","FL_0020","FL","2024-07-24",131,0,"COMPLETE",5,true
"RCP_009558","SHP_009595","PO_004696","FL_0006","FL","2024-07-24",68,0,"COMPLETE",2,true
"RCP_009559","SHP_009677","PO_004705","BP_0001","BP","2024-07-24",87,0,"COMPLETE",1,true
"RCP_009560","SHP_009527","PO_004872","FL_0006","FL","2024-07-24",139,0,"COMPLETE",3,true
"RCP_009561","SHP_009503","PO_004984","FL_0013","FL","2024-07-24",193,0,"COMPLETE",6,true
"RCP_009562","SHP_009597","PO_005397","FL_0008","FL","2024-07-24",85,0,"COMPLETE",2,true
"RCP_009563","SHP_009683","PO_008996","BP_0003","BP","2024-07-24",71,0,"COMPLETE",1,true
"RCP_009564","SHP_009686","PO_009297","BP_0010","BP","2024-07-24",115,0,"COMPLETE",1,true
"RCP_009565","SHP_009550","PO_003431","UO_0009","UO","2024-07-24",93,0,"PARTIAL",4,true
"RCP_009566","SHP_009417","PO_003582","FL_0004","FL","2024-07-24",194,0,"COMPLETE",11,true
"RCP_009567","SHP_009633","PO_001422","BP_0014","BP","2024-07-24",58,0,"COMPLETE",-1,true
"RCP_009568","SHP_009455","PO_007252","FL_0017","FL","2024-07-24",50,0,"PARTIAL",9,true
"RCP_009569","SHP_009702","PO_002607","BP_0009","BP","2024-07-24",115,0,"COMPLETE",-1,true
"RCP_009570","SHP_009465","PO_002385","BP_0014","BP","2024-07-24",175,0,"COMPLETE",3,true
"RCP_009571","SHP_009730","PO_003848","UO_0001","UO","2024-07-24",64,2,"COMPLETE",0,true
"RCP_009572","SHP_009561","PO_003995","BP_0009","BP","2024-07-24",116,0,"COMPLETE",5,true
"RCP_009573","SHP_009500","PO_003160","FL_0020","FL","2024-07-24",121,0,"COMPLETE",6,true
"RCP_009574","SHP_009570","PO_001926","FL_0016","FL","2024-07-24",85,0,"COMPLETE",0,true
"RCP_009575","SHP_009572","PO_004650","BP_0018","BP","2024-07-25",184,0,"COMPLETE",5,true
"RCP_009576","SHP_009734","PO_008636","UO_0003","UO","2024-07-25",109,0,"COMPLETE",1,true
"RCP_009577","SHP_009679","PO_005480","BP_0019","BP","2024-07-25",31,0,"COMPLETE",2,true
"RCP_009578","SHP_009653","PO_004487","BP_0003","BP","2024-07-25",38,0,"PARTIAL",0,true
"RCP_009579","SHP_009719","PO_007733","BP_0001","BP","2024-07-25",25,0,"COMPLETE",0,true
"RCP_009580","SHP_009575","PO_008177","FL_0007","FL","2024-07-25",78,0,"PARTIAL",1,true
"RCP_009581","SHP_009659","PO_008986","BP_0016","BP","2024-07-25",154,0,"COMPLETE",0,true
"RCP_009582","SHP_009628","PO_009480","BP_0014","BP","2024-07-25",198,0,"COMPLETE",2,true
"RCP_009583","SHP_009539","PO_002910","FL_0016","FL","2024-07-25",98,0,"COMPLETE",4,true
"RCP_009584","SHP_009607","PO_003224","UO_0002","UO","2024-07-25",128,0,"PARTIAL",0,true
"RCP_009585","SHP_009472","PO_006313","BP_0009","BP","2024-07-25",129,0,"PARTIAL",8,true
"RCP_009586","SHP_009656","PO_006986","FL_0008","FL","2024-07-25",48,0,"PARTIAL",-1,true
"RCP_009587","SHP_009667","PO_001368","BP_0009","BP","2024-07-25",94,0,"COMPLETE",2,true
"RCP_009588","SHP_009448","PO_002627","UO_0009","UO","2024-07-25",116,0,"COMPLETE",10,true
"RCP_009589","SHP_009517","PO_007154","BP_0016","BP","2024-07-25",128,0,"COMPLETE",1,true
"RCP_009590","SHP_009409","PO_009176","BP_0003","BP","2024-07-25",158,7,"COMPLETE",12,true
"RCP_009591","SHP_009583","PO_005720","BP_0002","BP","2024-07-25",81,0,"COMPLETE",5,true
"RCP_009592","SHP_009546","PO_008251","FL_0011","FL","2024-07-25",67,2,"PARTIAL",3,true
"RCP_009593","SHP_009642","PO_006392","FL_0008","FL","2024-07-25",57,0,"COMPLETE",0,true
"RCP_009594","SHP_009604","PO_000595","FL_0006","FL","2024-07-25",164,0,"COMPLETE",2,true
"RCP_009595","SHP_009605","PO_000670","UO_0019","UO","2024-07-25",153,0,"COMPLETE",4,true
"RCP_009596","SHP_009706","PO_003298","UO_0013","UO","2024-07-25",27,0,"COMPLETE",2,true
"RCP_009597","SHP_009501","PO_003524","BP_0008","BP","2024-07-25",159,0,"PARTIAL",2,true
"RCP_009598","SHP_009649","PO_001858","FL_0007","FL","2024-07-25",176,0,"COMPLETE",-1,true
"RCP_009599","SHP_009688","PO_000263","BP_0016","BP","2024-07-26",117,0,"COMPLETE",2,true
"RCP_009600","SHP_009498","PO_000410","BP_0009","BP","2024-07-26",93,0,"PARTIAL",3,true
"RCP_009601","SHP_009631","PO_000531","UO_0005","UO","2024-07-26",104,0,"COMPLETE",3,true
"RCP_009602","SHP_009588","PO_000703","FL_0007","FL","2024-07-26",158,0,"COMPLETE",-1,true
"RCP_009603","SHP_009737","PO_002213","BP_0009","BP","2024-07-26",124,0,"PARTIAL",-1,true
"RCP_009604","SHP_009547","PO_009287","FL_0010","FL","2024-07-26",76,0,"PARTIAL",5,true
"RCP_009605","SHP_009721","PO_009482","BP_0013","BP","2024-07-26",173,0,"COMPLETE",1,true
"RCP_009606","SHP_009593","PO_003869","FL_0010","FL","2024-07-26",144,0,"PARTIAL",0,true
"RCP_009607","SHP_009617","PO_001437","FL_0011","FL","2024-07-26",133,0,"COMPLETE",2,true
"RCP_009608","SHP_009530","PO_006684","FL_0011","FL","2024-07-26",101,0,"COMPLETE",6,true
"RCP_009609","SHP_009589","PO_001094","FL_0007","FL","2024-07-26",83,0,"COMPLETE",0,true
"RCP_009610","SHP_009643","PO_006701","UO_0006","UO","2024-07-26",55,0,"COMPLETE",-1,true
"RCP_009611","SHP_009531","PO_007185","BP_0006","BP","2024-07-26",72,0,"COMPLETE",1,true
"RCP_009612","SHP_009680","PO_007153","BP_0003","BP","2024-07-26",99,0,"COMPLETE",0,true
"RCP_009613","SHP_009696","PO_007412","UO_0001","UO","2024-07-26",46,0,"COMPLETE",0,true
"RCP_009614","SHP_009467","PO_004543","UO_0018","UO","2024-07-26",191,0,"COMPLETE",10,true
"RCP_009615","SHP_009646","PO_000333","FL_0020","FL","2024-07-27",101,0,"COMPLETE",1,true
"RCP_009616","SHP_009700","PO_000335","UO_0014","UO","2024-07-27",161,0,"COMPLETE",0,true
"RCP_009617","SHP_009658","PO_008363","FL_0004","FL","2024-07-27",21,0,"COMPLETE",1,true
"RCP_009618","SHP_009652","PO_003955","FL_0001","FL","2024-07-27",67,0,"COMPLETE",1,true
"RCP_009619","SHP_009637","PO_004351","BP_0006","BP","2024-07-27",141,0,"COMPLETE",2,true
"RCP_009620","SHP_009684","PO_009050","FL_0001","FL","2024-07-27",47,0,"COMPLETE",0,true
"RCP_009621","SHP_009632","PO_001225","FL_0012","FL","2024-07-27",105,0,"COMPLETE",2,true
"RCP_009622","SHP_009552","PO_006011","FL_0005","FL","2024-07-27",106,0,"COMPLETE",5,true
"RCP_009623","SHP_009445","PO_001622","FL_0012","FL","2024-07-27",80,0,"PARTIAL",12,true
"RCP_009624","SHP_009543","PO_004921","FL_0014","FL","2024-07-27",20,0,"PARTIAL",6,true
"RCP_009625","SHP_009750","PO_002647","BP_0017","BP","2024-07-27",115,0,"COMPLETE",-1,true
"RCP_009626","SHP_009586","PO_008043","UO_0003","UO","2024-07-27",116,0,"COMPLETE",2,true
"RCP_009627","SHP_009671","PO_002014","FL_0013","FL","2024-07-27",116,0,"COMPLETE",0,true
"RCP_009628","SHP_009638","PO_004653","FL_0013","FL","2024-07-27",75,0,"COMPLETE",2,true
"RCP_009629","SHP_009461","PO_010153","FL_0017","FL","2024-07-27",118,0,"COMPLETE",12,true
"RCP_009630","SHP_009723","PO_009901","BP_0007","BP","2024-07-27",20,0,"COMPLETE",2,true
"RCP_009631","SHP_009639","PO_005789","BP_0015","BP","2024-07-27",71,0,"COMPLETE",2,true
"RCP_009632","SHP_009613","PO_008810","FL_0003","FL","2024-07-28",84,0,"COMPLETE",0,true
"RCP_009633","SHP_009693","PO_005380","BP_0005","BP","2024-07-28",128,0,"COMPLETE",0,true
"RCP_009634","SHP_009691","PO_003140","FL_0003","FL","2024-07-28",180,0,"COMPLETE",0,true
"RCP_009635","SHP_009669","PO_001562","FL_0014","FL","2024-07-28",39,0,"COMPLETE",1,true
"RCP_009636","SHP_009471","PO_005936","FL_0004","FL","2024-07-28",20,0,"COMPLETE",12,true
"RCP_009637","SHP_009568","PO_008019","BP_0018","BP","2024-07-28",36,0,"COMPLETE",0,true
"RCP_009638","SHP_009666","PO_001132","FL_0016","FL","2024-07-28",54,0,"COMPLETE",1,true
"RCP_009639","SHP_009651","PO_003820","BP_0018","BP","2024-07-28",159,0,"COMPLETE",3,true
"RCP_009640","SHP_009714","PO_007363","FL_0013","FL","2024-07-28",130,0,"COMPLETE",-1,true
"RCP_009641","SHP_009579","PO_002593","UO_0007","UO","2024-07-28",107,0,"COMPLETE",3,true
"RCP_009642","SHP_009599","PO_008233","FL_0008","FL","2024-07-28",118,0,"COMPLETE",1,true
"RCP_009643","SHP_009740","PO_003489","BP_0019","BP","2024-07-28",113,0,"COMPLETE",1,true
"RCP_009644","SHP_009784","PO_005215","UO_0013","UO","2024-07-28",78,0,"COMPLETE",-1,true
"RCP_009645","SHP_009454","PO_007147","BP_0005","BP","2024-07-28",196,0,"COMPLETE",12,true
"RCP_009646","SHP_009629","PO_000158","BP_0007","BP","2024-07-29",195,0,"COMPLETE",5,true
"RCP_009647","SHP_009514","PO_004568","BP_0006","BP","2024-07-29",154,0,"COMPLETE",5,true
"RCP_009648","SHP_009761","PO_004116","BP_0001","BP","2024-07-29",36,1,"COMPLETE",0,true
"RCP_009649","SHP_009735","PO_009764","FL_0010","FL","2024-07-29",116,0,"COMPLETE",-1,true
"RCP_009650","SHP_009673","PO_002935","FL_0018","FL","2024-07-29",79,0,"COMPLETE",2,true
"RCP_009651","SHP_009606","PO_003058","UO_0007","UO","2024-07-29",48,0,"PARTIAL",2,true
"RCP_009652","SHP_009641","PO_006225","BP_0015","BP","2024-07-29",73,0,"COMPLETE",4,true
"RCP_009653","SHP_009690","PO_002052","UO_0019","UO","2024-07-29",17,0,"COMPLETE",-1,true
"RCP_009654","SHP_009626","PO_007106","BP_0007","BP","2024-07-29",116,0,"COMPLETE",5,true
"RCP_009655","SHP_009703","PO_002658","BP_0015","BP","2024-07-29",186,0,"COMPLETE",0,true
"RCP_009656","SHP_009718","PO_007555","FL_0010","FL","2024-07-29",41,0,"COMPLETE",0,true
"RCP_009657","SHP_009728","PO_003599","FL_0001","FL","2024-07-29",126,0,"COMPLETE",-1,true
"RCP_009658","SHP_009701","PO_002051","FL_0006","FL","2024-07-29",183,0,"COMPLETE",0,true
"RCP_009659","SHP_009687","PO_009538","FL_0012","FL","2024-07-29",65,0,"COMPLETE",2,true
"RCP_009660","SHP_009509","PO_000069","FL_0010","FL","2024-07-30",137,0,"COMPLETE",11,true
"RCP_009661","SHP_009596","PO_005338","FL_0020","FL","2024-07-30",62,0,"PARTIAL",4,true
"RCP_009662","SHP_009665","PO_000979","BP_0013","BP","2024-07-30",173,0,"COMPLETE",3,true
"RCP_009663","SHP_009540","PO_003083","FL_0012","FL","2024-07-30",76,0,"PARTIAL",9,true
"RCP_009664","SHP_009592","PO_003429","BP_0003","BP","2024-07-30",45,0,"PARTIAL",3,true
"RCP_009665","SHP_009598","PO_007538","FL_0019","FL","2024-07-30",108,0,"PARTIAL",3,true
"RCP_009666","SHP_009634","PO_002577","FL_0017","FL","2024-07-30",25,0,"COMPLETE",1,true
"RCP_009667","SHP_009689","PO_001499","FL_0002","FL","2024-07-30",52,1,"COMPLETE",2,true
"RCP_009668","SHP_009511","PO_001409","BP_0010","BP","2024-07-30",182,0,"PARTIAL",10,true
"RCP_009669","SHP_009544","PO_006338","BP_0013","BP","2024-07-30",149,0,"COMPLETE",4,true
"RCP_009670","SHP_009707","PO_003886","FL_0017","FL","2024-07-31",117,0,"COMPLETE",2,true
"RCP_009671","SHP_009772","PO_004510","BP_0018","BP","2024-07-31",176,0,"COMPLETE",1,true
"RCP_009672","SHP_009720","PO_007845","FL_0003","FL","2024-07-31",165,0,"COMPLETE",2,true
"RCP_009673","SHP_009662","PO_010093","BP_0010","BP","2024-07-31",116,0,"COMPLETE",5,true
"RCP_009674","SHP_009713","PO_006175","FL_0005","FL","2024-07-31",135,0,"COMPLETE",2,true
"RCP_009675","SHP_009670","PO_001662","BP_0015","BP","2024-07-31",146,0,"COMPLETE",4,true
"RCP_009676","SHP_009548","PO_009521","BP_0013","BP","2024-07-31",104,0,"COMPLETE",5,true
"RCP_009677","SHP_009694","PO_005722","UO_0016","UO","2024-07-31",20,0,"COMPLETE",5,true
"RCP_009678","SHP_009757","PO_001604","BP_0003","BP","2024-07-31",186,0,"COMPLETE",2,true
"RCP_009679","SHP_009657","PO_007606","UO_0008","UO","2024-07-31",50,0,"COMPLETE",1,true
"RCP_009680","SHP_009711","PO_005276","UO_0014","UO","2024-07-31",33,0,"COMPLETE",4,true
"RCP_009681","SHP_009793","PO_002028","BP_0006","BP","2024-07-31",23,0,"COMPLETE",-1,true
"RCP_009682","SHP_009811","PO_000162","BP_0005","BP","2024-08-01",160,0,"COMPLETE",-1,true
"RCP_009683","SHP_009808","PO_008382","BP_0017","BP","2024-08-01",24,0,"COMPLETE",0,true
"RCP_009684","SHP_009776","PO_008598","BP_0019","BP","2024-08-01",180,0,"COMPLETE",2,true
"RCP_009685","SHP_009827","PO_004152","UO_0002","UO","2024-08-01",191,0,"COMPLETE",0,true
"RCP_009686","SHP_009660","PO_009352","FL_0008","FL","2024-08-01",33,0,"COMPLETE",2,true
"RCP_009687","SHP_009650","PO_002968","FL_0009","FL","2024-08-01",120,0,"COMPLETE",1,true
"RCP_009688","SHP_009584","PO_006246","BP_0003","BP","2024-08-01",11,0,"PARTIAL",6,true
"RCP_009689","SHP_009773","PO_004894","BP_0001","BP","2024-08-01",31,0,"COMPLETE",2,true
"RCP_009690","SHP_009787","PO_006648","BP_0001","BP","2024-08-01",73,0,"COMPLETE",1,true
"RCP_009691","SHP_009545","PO_007291","FL_0009","FL","2024-08-01",189,0,"PARTIAL",11,true
"RCP_009692","SHP_009752","PO_006636","FL_0016","FL","2024-08-01",183,0,"COMPLETE",0,true
"RCP_009693","SHP_009762","PO_006466","FL_0016","FL","2024-08-01",85,0,"COMPLETE",-1,true
"RCP_009694","SHP_009567","PO_007227","UO_0019","UO","2024-08-01",70,0,"COMPLETE",9,true
"RCP_009695","SHP_009785","PO_006422","BP_0001","BP","2024-08-02",81,0,"COMPLETE",2,true
"RCP_009696","SHP_009533","PO_009342","BP_0015","BP","2024-08-02",85,0,"PARTIAL",12,true
"RCP_009697","SHP_009602","PO_009998","FL_0020","FL","2024-08-02",135,0,"PARTIAL",7,true
"RCP_009698","SHP_009812","PO_002987","BP_0004","BP","2024-08-02",55,0,"COMPLETE",0,true
"RCP_009699","SHP_009739","PO_003334","UO_0016","UO","2024-08-02",17,0,"COMPLETE",4,true
"RCP_009700","SHP_009813","PO_003838","BP_0008","BP","2024-08-02",99,0,"COMPLETE",0,true
"RCP_009701","SHP_009672","PO_002087","FL_0004","FL","2024-08-02",143,0,"COMPLETE",2,true
"RCP_009702","SHP_009682","PO_007537","UO_0010","UO","2024-08-02",86,0,"COMPLETE",4,true
"RCP_009703","SHP_009661","PO_009735","FL_0002","FL","2024-08-02",42,0,"PARTIAL",2,true
"RCP_009704","SHP_009759","PO_003814","BP_0013","BP","2024-08-02",34,0,"COMPLETE",0,true
"RCP_009705","SHP_009753","PO_008148","FL_0014","FL","2024-08-02",64,0,"COMPLETE",1,true
"RCP_009706","SHP_009765","PO_000672","FL_0017","FL","2024-08-02",146,0,"COMPLETE",-1,true
"RCP_009707","SHP_009736","PO_000771","FL_0014","FL","2024-08-02",33,0,"COMPLETE",2,true
"RCP_009708","SHP_009695","PO_006388","FL_0007","FL","2024-08-02",60,0,"PARTIAL",1,true
"RCP_009709","SHP_009748","PO_002092","FL_0018","FL","2024-08-02",189,0,"COMPLETE",1,true
"RCP_009710","SHP_009565","PO_005782","FL_0010","FL","2024-08-02",36,0,"COMPLETE",10,true
"RCP_009711","SHP_009798","PO_004637","BP_0020","BP","2024-08-03",120,0,"COMPLETE",-1,true
"RCP_009712","SHP_009630","PO_000478","FL_0020","FL","2024-08-03",117,0,"COMPLETE",4,true
"RCP_009713","SHP_009710","PO_005161","BP_0020","BP","2024-08-03",12,0,"PARTIAL",5,true
"RCP_009714","SHP_009697","PO_008688","FL_0010","FL","2024-08-03",22,0,"COMPLETE",1,true
"RCP_009715","SHP_009847","PO_008165","UO_0006","UO","2024-08-03",169,0,"COMPLETE",0,true
"RCP_009716","SHP_009685","PO_009293","UO_0008","UO","2024-08-03",143,0,"COMPLETE",5,true
"RCP_009717","SHP_009556","PO_009978","FL_0001","FL","2024-08-03",56,0,"PARTIAL",12,true
"RCP_009718","SHP_009775","PO_006996","FL_0009","FL","2024-08-03",145,0,"COMPLETE",0,true
"RCP_009719","SHP_009763","PO_007071","FL_0007","FL","2024-08-03",124,0,"COMPLETE",1,true
"RCP_009720","SHP_009619","PO_002689","UO_0005","UO","2024-08-03",182,0,"COMPLETE",6,true
"RCP_009721","SHP_009627","PO_007543","UO_0003","UO","2024-08-03",44,0,"PARTIAL",6,true
"RCP_009722","SHP_009647","PO_000797","FL_0002","FL","2024-08-03",91,0,"COMPLETE",4,true
"RCP_009723","SHP_009751","PO_002818","FL_0014","FL","2024-08-03",155,0,"COMPLETE",2,true
"RCP_009724","SHP_009770","PO_002959","BP_0018","BP","2024-08-03",125,0,"PARTIAL",1,true
"RCP_009725","SHP_009676","PO_004598","BP_0010","BP","2024-08-04",76,0,"COMPLETE",-1,true
"RCP_009726","SHP_009622","PO_005134","BP_0002","BP","2024-08-04",14,0,"PARTIAL",2,true
"RCP_009727","SHP_009742","PO_005195","FL_0004","FL","2024-08-04",121,0,"COMPLETE",-1,true
"RCP_009728","SHP_009623","PO_005623","BP_0006","BP","2024-08-04",143,0,"COMPLETE",2,true
"RCP_009729","SHP_009769","PO_002157","BP_0018","BP","2024-08-04",52,0,"COMPLETE",2,true
"RCP_009730","SHP_009789","PO_008136","FL_0004","FL","2024-08-04",154,0,"COMPLETE",0,true
"RCP_009731","SHP_009614","PO_009215","BP_0017","BP","2024-08-04",147,0,"COMPLETE",3,true
"RCP_009732","SHP_009818","PO_007518","BP_0018","BP","2024-08-04",13,0,"PARTIAL",2,true
"RCP_009733","SHP_009746","PO_001587","BP_0017","BP","2024-08-04",162,0,"COMPLETE",4,true
"RCP_009734","SHP_009809","PO_008907","BP_0002","BP","2024-08-04",121,0,"COMPLETE",0,true
"RCP_009735","SHP_009644","PO_007061","FL_0003","FL","2024-08-04",36,0,"COMPLETE",6,true
"RCP_009736","SHP_009810","PO_010159","FL_0013","FL","2024-08-04",124,0,"COMPLETE",-1,true
"RCP_009737","SHP_009664","PO_000529","UO_0019","UO","2024-08-05",98,0,"COMPLETE",5,true
"RCP_009738","SHP_009800","PO_005038","FL_0007","FL","2024-08-05",164,0,"COMPLETE",0,true
"RCP_009739","SHP_009580","PO_004169","FL_0016","FL","2024-08-05",12,0,"COMPLETE",11,true
"RCP_009740","SHP_009744","PO_007730","UO_0012","UO","2024-08-05",106,0,"COMPLETE",1,true
"RCP_009741","SHP_009788","PO_007077","BP_0020","BP","2024-08-05",76,0,"COMPLETE",2,true
"RCP_009742","SHP_009862","PO_005534","BP_0012","BP","2024-08-05",24,0,"COMPLETE",-1,true
"RCP_009743","SHP_009681","PO_007499","FL_0009","FL","2024-08-05",17,1,"COMPLETE",5,true
"RCP_009744","SHP_009635","PO_003240","FL_0002","FL","2024-08-05",113,0,"PARTIAL",7,true
"RCP_009745","SHP_009845","PO_005241","UO_0007","UO","2024-08-05",176,0,"COMPLETE",2,true
"RCP_009746","SHP_009576","PO_000135","UO_0014","UO","2024-08-06",27,1,"COMPLETE",12,true
"RCP_009747","SHP_009797","PO_004587","BP_0009","BP","2024-08-06",112,0,"COMPLETE",2,true
"RCP_009748","SHP_009814","PO_004189","UO_0005","UO","2024-08-06",66,0,"COMPLETE",2,true
"RCP_009749","SHP_009771","PO_004438","BP_0019","BP","2024-08-06",163,0,"COMPLETE",3,true
"RCP_009750","SHP_009822","PO_001018","BP_0002","BP","2024-08-06",87,0,"COMPLETE",0,true
"RCP_009751","SHP_009745","PO_008191","FL_0016","FL","2024-08-06",188,0,"COMPLETE",2,true
"RCP_009752","SHP_009675","PO_003501","FL_0017","FL","2024-08-06",136,0,"COMPLETE",5,true
"RCP_009753","SHP_009815","PO_005659","FL_0010","FL","2024-08-06",154,0,"COMPLETE",0,true
"RCP_009754","SHP_009821","PO_000881","FL_0019","FL","2024-08-06",87,0,"COMPLETE",-1,true
"RCP_009755","SHP_009705","PO_003186","BP_0015","BP","2024-08-06",32,0,"COMPLETE",3,true
"RCP_009756","SHP_009767","PO_001802","BP_0005","BP","2024-08-06",146,0,"COMPLETE",3,true
"RCP_009757","SHP_009756","PO_001188","BP_0020","BP","2024-08-06",107,0,"COMPLETE",5,true
"RCP_009758","SHP_009804","PO_006950","FL_0019","FL","2024-08-06",182,0,"COMPLETE",1,true
"RCP_009759","SHP_009578","PO_002545","UO_0010","UO","2024-08-06",119,0,"PARTIAL",12,true
"RCP_009760","SHP_009817","PO_006893","FL_0019","FL","2024-08-06",58,0,"COMPLETE",0,true
"RCP_009761","SHP_009699","PO_010200","BP_0016","BP","2024-08-06",126,0,"COMPLETE",4,true
"RCP_009762","SHP_009774","PO_005889","UO_0002","UO","2024-08-06",123,0,"COMPLETE",5,true
"RCP_009763","SHP_009741","PO_004584","FL_0019","FL","2024-08-07",85,0,"PARTIAL",2,true
"RCP_009764","SHP_009732","PO_005322","UO_0018","UO","2024-08-07",15,0,"PARTIAL",4,true
"RCP_009765","SHP_009790","PO_009727","BP_0005","BP","2024-08-07",48,0,"COMPLETE",4,true
"RCP_009766","SHP_009655","PO_005961","BP_0018","BP","2024-08-07",16,0,"COMPLETE",3,true
"RCP_009767","SHP_009692","PO_003403","BP_0007","BP","2024-08-07",30,0,"COMPLETE",1,true
"RCP_009768","SHP_009856","PO_002614","BP_0007","BP","2024-08-07",16,0,"COMPLETE",1,true
"RCP_009769","SHP_009820","PO_009112","FL_0017","FL","2024-08-07",88,0,"COMPLETE",1,true
"RCP_009770","SHP_009836","PO_007050","FL_0003","FL","2024-08-07",116,0,"COMPLETE",-1,true
"RCP_009771","SHP_009625","PO_006693","BP_0006","BP","2024-08-07",99,0,"COMPLETE",5,true
"RCP_009772","SHP_009716","PO_007495","BP_0010","BP","2024-08-07",25,0,"COMPLETE",4,true
"RCP_009773","SHP_009794","PO_002453","BP_0008","BP","2024-08-07",196,8,"COMPLETE",2,true
"RCP_009774","SHP_009823","PO_001262","BP_0017","BP","2024-08-07",87,0,"COMPLETE",1,true
"RCP_009775","SHP_009640","PO_006132","FL_0014","FL","2024-08-07",18,0,"COMPLETE",9,true
"RCP_009776","SHP_009863","PO_006537","BP_0004","BP","2024-08-07",26,0,"COMPLETE",1,true
"RCP_009777","SHP_009709","PO_005002","FL_0019","FL","2024-08-08",98,0,"COMPLETE",6,true
"RCP_009778","SHP_009778","PO_010048","UO_0009","UO","2024-08-08",153,0,"COMPLETE",1,true
"RCP_009779","SHP_009792","PO_000567","BP_0004","BP","2024-08-08",143,0,"COMPLETE",4,true
"RCP_009780","SHP_009758","PO_001966","UO_0018","UO","2024-08-08",82,0,"COMPLETE",4,true
"RCP_009781","SHP_009738","PO_003167","BP_0013","BP","2024-08-08",119,0,"COMPLETE",-1,true
"RCP_009782","SHP_009620","PO_003435","UO_0007","UO","2024-08-08",84,0,"PARTIAL",11,true
"RCP_009783","SHP_009768","PO_001814","FL_0018","FL","2024-08-08",133,0,"COMPLETE",1,true
"RCP_009784","SHP_009801","PO_005083","UO_0018","UO","2024-08-09",157,0,"COMPLETE",0,true
"RCP_009785","SHP_009781","PO_004083","BP_0013","BP","2024-08-09",81,0,"COMPLETE",5,true
"RCP_009786","SHP_009764","PO_007817","UO_0014","UO","2024-08-09",43,0,"PARTIAL",5,true
"RCP_009787","SHP_009645","PO_007918","UO_0017","UO","2024-08-09",18,0,"COMPLETE",11,true
"RCP_009788","SHP_009872","PO_002313","BP_0012","BP","2024-08-09",25,0,"COMPLETE",2,true
"RCP_009789","SHP_009712","PO_006160","BP_0002","BP","2024-08-09",175,0,"COMPLETE",6,true
"RCP_009790","SHP_009674","PO_003251","BP_0007","BP","2024-08-09",13,0,"PARTIAL",4,true
"RCP_009791","SHP_009749","PO_002119","BP_0004","BP","2024-08-09",82,0,"COMPLETE",3,true
"RCP_009792","SHP_009844","PO_002847","FL_0006","FL","2024-08-09",63,0,"PARTIAL",0,true
"RCP_009793","SHP_009678","PO_005311","FL_0018","FL","2024-08-09",129,0,"COMPLETE",9,true
"RCP_009794","SHP_009855","PO_002482","FL_0009","FL","2024-08-09",44,0,"COMPLETE",-1,true
"RCP_009795","SHP_009648","PO_001536","FL_0013","FL","2024-08-09",30,0,"COMPLETE",10,true
"RCP_009796","SHP_009799","PO_004939","BP_0016","BP","2024-08-10",57,0,"COMPLETE",0,true
"RCP_009797","SHP_009916","PO_008485","BP_0015","BP","2024-08-10",46,1,"COMPLETE",1,true
"RCP_009798","SHP_009875","PO_003939","FL_0020","FL","2024-08-10",28,0,"COMPLETE",-1,true
"RCP_009799","SHP_009917","PO_008530","BP_0018","BP","2024-08-10",73,0,"COMPLETE",1,true
"RCP_009800","SHP_009876","PO_004342","FL_0012","FL","2024-08-10",49,0,"COMPLETE",-1,true
"RCP_009801","SHP_009904","PO_008962","BP_0016","BP","2024-08-10",64,0,"COMPLETE",2,true
"RCP_009802","SHP_009704","PO_003046","BP_0018","BP","2024-08-10",150,0,"PARTIAL",3,true
"RCP_009803","SHP_009859","PO_003628","BP_0017","BP","2024-08-10",172,0,"COMPLETE",0,true
"RCP_009804","SHP_009733","PO_007541","BP_0001","BP","2024-08-10",192,8,"COMPLETE",2,true
"RCP_009805","SHP_009715","PO_007447","BP_0020","BP","2024-08-10",172,0,"COMPLETE",3,true
"RCP_009806","SHP_009893","PO_003249","BP_0009","BP","2024-08-10",20,0,"COMPLETE",2,true
"RCP_009807","SHP_009668","PO_001525","BP_0004","BP","2024-08-10",132,0,"COMPLETE",5,true
"RCP_009808","SHP_009883","PO_006735","FL_0018","FL","2024-08-10",134,0,"COMPLETE",-1,true
"RCP_009809","SHP_009839","PO_000121","UO_0010","UO","2024-08-11",16,0,"COMPLETE",4,true
"RCP_009810","SHP_009911","PO_005129","UO_0001","UO","2024-08-11",24,0,"COMPLETE",0,true
"RCP_009811","SHP_009900","PO_008287","BP_0018","BP","2024-08-11",137,0,"COMPLETE",-1,true
"RCP_009812","SHP_009831","PO_001241","BP_0010","BP","2024-08-11",185,8,"COMPLETE",3,true
"RCP_009813","SHP_009816","PO_005976","UO_0015","UO","2024-08-11",134,0,"PARTIAL",1,true
"RCP_009814","SHP_009717","PO_007519","UO_0005","UO","2024-08-11",52,0,"PARTIAL",9,true
"RCP_009815","SHP_009747","PO_001625","BP_0004","BP","2024-08-11",53,0,"COMPLETE",1,true
"RCP_009816","SHP_009777","PO_008977","FL_0005","FL","2024-08-11",136,0,"COMPLETE",4,true
"RCP_009817","SHP_009722","PO_009665","BP_0019","BP","2024-08-11",12,0,"COMPLETE",4,true
"RCP_009818","SHP_009841","PO_001403","FL_0012","FL","2024-08-11",158,0,"COMPLETE",2,true
"RCP_009819","SHP_009663","PO_000253","BP_0005","BP","2024-08-12",103,0,"COMPLETE",11,true
"RCP_009820","SHP_009861","PO_004648","FL_0020","FL","2024-08-12",154,0,"COMPLETE",2,true
"RCP_009821","SHP_009879","PO_004966","FL_0010","FL","2024-08-12",69,0,"COMPLETE",1,true
"RCP_009822","SHP_009698","PO_008692","FL_0008","FL","2024-08-12",124,0,"COMPLETE",11,true
"RCP_009823","SHP_009760","PO_003985","FL_0003","FL","2024-08-12",70,0,"COMPLETE",5,true
"RCP_009824","SHP_009866","PO_007729","UO_0017","UO","2024-08-12",79,0,"COMPLETE",4,true
"RCP_009825","SHP_009869","PO_009211","UO_0018","UO","2024-08-12",71,4,"PARTIAL",4,true
"RCP_009826","SHP_009835","PO_006181","BP_0009","BP","2024-08-12",120,0,"COMPLETE",5,true
"RCP_009827","SHP_009897","PO_006291","FL_0008","FL","2024-08-12",70,0,"COMPLETE",0,true
"RCP_009828","SHP_009907","PO_000867","FL_0013","FL","2024-08-12",96,0,"COMPLETE",-1,true
"RCP_009829","SHP_009825","PO_002541","FL_0010","FL","2024-08-12",141,0,"COMPLETE",1,true
"RCP_009830","SHP_009832","PO_001845","UO_0006","UO","2024-08-12",144,0,"COMPLETE",0,true
"RCP_009831","SHP_009829","PO_005787","BP_0009","BP","2024-08-12",111,0,"COMPLETE",5,true
"RCP_009832","SHP_009803","PO_006007","BP_0012","BP","2024-08-12",190,0,"COMPLETE",2,true
"RCP_009833","SHP_009786","PO_006430","BP_0004","BP","2024-08-12",171,0,"COMPLETE",-1,true
"RCP_009834","SHP_009726","PO_000170","BP_0016","BP","2024-08-13",198,0,"COMPLETE",5,true
"RCP_009835","SHP_009886","PO_008594","FL_0018","FL","2024-08-13",153,0,"COMPLETE",2,true
"RCP_009836","SHP_009903","PO_008674","BP_0004","BP","2024-08-13",129,0,"COMPLETE",2,true
"RCP_009837","SHP_009877","PO_004439","FL_0010","FL","2024-08-13",68,0,"COMPLETE",2,true
"RCP_009838","SHP_009754","PO_008159","BP_0009","BP","2024-08-13",116,0,"PARTIAL",7,true
"RCP_009839","SHP_009766","PO_001310","FL_0017","FL","2024-08-13",174,0,"COMPLETE",6,true
"RCP_009840","SHP_009858","PO_003558","UO_0001","UO","2024-08-13",90,0,"PARTIAL",1,true
"RCP_009841","SHP_009729","PO_003640","BP_0008","BP","2024-08-13",53,0,"COMPLETE",5,true
"RCP_009842","SHP_009871","PO_001750","FL_0016","FL","2024-08-13",20,0,"COMPLETE",2,true
"RCP_009843","SHP_009895","PO_005277","FL_0004","FL","2024-08-14",87,0,"COMPLETE",2,true
"RCP_009844","SHP_009731","PO_004863","FL_0007","FL","2024-08-14",40,0,"COMPLETE",11,true
"RCP_009845","SHP_009782","PO_004210","FL_0019","FL","2024-08-14",38,0,"COMPLETE",5,true
"RCP_009846","SHP_009843","PO_002215","FL_0016","FL","2024-08-14",126,0,"PARTIAL",1,true
"RCP_009847","SHP_009915","PO_007927","FL_0012","FL","2024-08-14",88,0,"COMPLETE",1,true
"RCP_009848","SHP_009755","PO_009818","BP_0015","BP","2024-08-14",15,1,"COMPLETE",4,true
"RCP_009849","SHP_009724","PO_009948","BP_0001","BP","2024-08-14",135,0,"PARTIAL",11,true
"RCP_009850","SHP_009837","PO_008868","FL_0020","FL","2024-08-14",125,0,"PARTIAL",2,true
"RCP_009851","SHP_009708","PO_004671","FL_0003","FL","2024-08-14",57,0,"PARTIAL",12,true
"RCP_009852","SHP_009919","PO_010138","FL_0003","FL","2024-08-14",37,0,"COMPLETE",1,true
"RCP_009853","SHP_009918","PO_009564","FL_0010","FL","2024-08-14",155,0,"COMPLETE",1,true
"RCP_009854","SHP_009828","PO_004494","BP_0013","BP","2024-08-14",112,0,"PARTIAL",2,true
"RCP_009855","SHP_009824","PO_001911","FL_0013","FL","2024-08-14",82,0,"COMPLETE",2,true
"RCP_009856","SHP_009850","PO_009798","FL_0006","FL","2024-08-14",139,0,"PARTIAL",0,true
"RCP_009857","SHP_009727","PO_003246","BP_0001","BP","2024-08-14",88,0,"PARTIAL",10,true
"RCP_009858","SHP_009802","PO_005688","BP_0006","BP","2024-08-14",197,0,"COMPLETE",4,true
"RCP_009859","SHP_009864","PO_007391","FL_0020","FL","2024-08-14",194,0,"COMPLETE",0,true
"RCP_009860","SHP_009725","PO_000038","BP_0008","BP","2024-08-15",70,0,"COMPLETE",11,true
"RCP_009861","SHP_009805","PO_008083","FL_0006","FL","2024-08-15",117,0,"COMPLETE",6,true
"RCP_009862","SHP_009851","PO_000725","BP_0016","BP","2024-08-15",109,0,"COMPLETE",5,true
"RCP_009863","SHP_009908","PO_001471","FL_0018","FL","2024-08-15",100,0,"COMPLETE",2,true
"RCP_009864","SHP_009913","PO_007315","FL_0010","FL","2024-08-15",127,0,"COMPLETE",2,true
"RCP_009865","SHP_009881","PO_005164","UO_0009","UO","2024-08-16",91,0,"COMPLETE",3,true
"RCP_009866","SHP_009885","PO_007612","FL_0003","FL","2024-08-16",153,0,"COMPLETE",0,true
"RCP_009867","SHP_009890","PO_001644","FL_0018","FL","2024-08-16",29,0,"PARTIAL",-1,true
"RCP_009868","SHP_009857","PO_003189","UO_0016","UO","2024-08-16",146,0,"COMPLETE",2,true
"RCP_009869","SHP_009743","PO_005785","UO_0013","UO","2024-08-16",187,0,"COMPLETE",12,true
"RCP_009870","SHP_009783","PO_004906","FL_0002","FL","2024-08-17",145,0,"PARTIAL",9,true
"RCP_009871","SHP_009819","PO_008973","FL_0005","FL","2024-08-17",66,0,"PARTIAL",7,true
"RCP_009872","SHP_009874","PO_003073","FL_0018","FL","2024-08-17",38,0,"COMPLETE",1,true
"RCP_009873","SHP_009896","PO_005831","FL_0010","FL","2024-08-17",70,0,"COMPLETE",0,true
"RCP_009874","SHP_009878","PO_004592","FL_0013","FL","2024-08-18",41,0,"PARTIAL",3,true
"RCP_009875","SHP_009860","PO_004157","BP_0003","BP","2024-08-18",36,0,"PARTIAL",3,true
"RCP_009876","SHP_009867","PO_007779","FL_0018","FL","2024-08-18",126,0,"COMPLETE",3,true
"RCP_009877","SHP_009807","PO_008371","FL_0017","FL","2024-08-18",137,0,"COMPLETE",9,true
"RCP_009878","SHP_009779","PO_000714","FL_0013","FL","2024-08-18",166,0,"PARTIAL",10,true
"RCP_009879","SHP_009838","PO_009916","BP_0018","BP","2024-08-18",172,7,"COMPLETE",1,true
"RCP_009880","SHP_009830","PO_000541","BP_0014","BP","2024-08-19",127,0,"COMPLETE",2,true
"RCP_009881","SHP_009899","PO_007784","FL_0020","FL","2024-08-19",39,0,"COMPLETE",2,true
"RCP_009882","SHP_009848","PO_009203","UO_0005","UO","2024-08-19",126,0,"PARTIAL",6,true
"RCP_009883","SHP_009780","PO_003494","FL_0005","FL","2024-08-19",151,0,"COMPLETE",11,true
"RCP_009884","SHP_009795","PO_002800","FL_0012","FL","2024-08-19",165,0,"PARTIAL",10,true
"RCP_009885","SHP_009868","PO_008299","FL_0005","FL","2024-08-19",19,1,"PARTIAL",5,true
"RCP_009886","SHP_009880","PO_005147","BP_0001","BP","2024-08-20",124,0,"COMPLETE",4,true
"RCP_009887","SHP_009806","PO_008110","FL_0008","FL","2024-08-20",19,0,"COMPLETE",11,true
"RCP_009888","SHP_009826","PO_003740","BP_0019","BP","2024-08-20",36,0,"PARTIAL",4,true
"RCP_009889","SHP_009865","PO_007435","FL_0003","FL","2024-08-20",20,0,"COMPLETE",6,true
"RCP_009890","SHP_009854","PO_001752","FL_0005","FL","2024-08-20",44,0,"COMPLETE",5,true
"RCP_009891","SHP_009833","PO_004021","BP_0017","BP","2024-08-21",74,0,"PARTIAL",8,true
"RCP_009892","SHP_009796","PO_004292","FL_0020","FL","2024-08-21",141,0,"COMPLETE",12,true
"RCP_009893","SHP_009849","PO_009269","BP_0019","BP","2024-08-21",168,0,"COMPLETE",3,true
"RCP_009894","SHP_009853","PO_001703","BP_0014","BP","2024-08-21",46,0,"COMPLETE",2,true
"RCP_009895","SHP_009791","PO_000010","BP_0016","BP","2024-08-22",64,0,"COMPLETE",12,true
"RCP_009896","SHP_009910","PO_004841","FL_0008","FL","2024-08-22",156,0,"PARTIAL",4,true
"RCP_009897","SHP_009888","PO_009819","BP_0005","BP","2024-08-22",25,0,"COMPLETE",2,true
"RCP_009898","SHP_009892","PO_002640","FL_0012","FL","2024-08-22",174,0,"COMPLETE",6,true
"RCP_009899","SHP_009840","PO_000988","UO_0018","UO","2024-08-22",12,0,"COMPLETE",9,true
"RCP_009900","SHP_009870","PO_009223","BP_0005","BP","2024-08-23",28,0,"PARTIAL",8,true
"RCP_009901","SHP_009834","PO_006104","FL_0010","FL","2024-08-23",200,0,"COMPLETE",11,true
"RCP_009902","SHP_009891","PO_002055","UO_0006","UO","2024-08-23",33,0,"COMPLETE",7,true
"RCP_009903","SHP_009884","PO_007148","BP_0018","BP","2024-08-23",160,0,"COMPLETE",3,true
"RCP_009904","SHP_009842","PO_001859","BP_0016","BP","2024-08-23",95,0,"COMPLETE",5,true
"RCP_009905","SHP_009909","PO_001706","BP_0002","BP","2024-08-23",71,0,"COMPLETE",1,true
"RCP_009906","SHP_009852","PO_000904","UO_0009","UO","2024-08-23",94,0,"PARTIAL",9,true
"RCP_009907","SHP_009846","PO_007131","BP_0014","BP","2024-08-23",52,0,"PARTIAL",5,true
"RCP_009908","SHP_009873","PO_002582","BP_0006","BP","2024-08-24",29,0,"PARTIAL",8,true
"RCP_009909","SHP_009905","PO_009696","BP_0018","BP","2024-08-25",138,0,"COMPLETE",4,true
"RCP_009910","SHP_009912","PO_006014","BP_0013","BP","2024-08-25",91,0,"COMPLETE",3,true
"RCP_009911","SHP_009898","PO_007387","BP_0014","BP","2024-08-25",180,0,"COMPLETE",4,true
"RCP_009912","SHP_009882","PO_005867","FL_0020","FL","2024-08-25",147,0,"COMPLETE",10,true
"RCP_009913","SHP_009889","PO_000889","FL_0013","FL","2024-08-25",97,0,"PARTIAL",9,true
"RCP_009914","SHP_009887","PO_008777","UO_0007","UO","2024-08-26",40,0,"PARTIAL",11,true
"RCP_009915","SHP_009901","PO_008483","FL_0008","FL","2024-08-27",158,0,"PARTIAL",11,true
"RCP_009916","SHP_009894","PO_004022","FL_0012","FL","2024-08-28",136,0,"PARTIAL",12,true
"RCP_009917","SHP_009914","PO_007794","BP_0018","BP","2024-08-28",51,0,"COMPLETE",10,true
"RCP_009918","SHP_009902","PO_008527","BP_0004","BP","2024-08-29",38,0,"PARTIAL",12,true
"RCP_009919","SHP_009906","PO_009968","BP_0007","BP","2024-08-29",51,0,"COMPLETE",12,true
